SessionNum,Playtime,Duration,Level,Gold,SpentGold,TotalDamage,Monsters,Bosses,Inputs,Crits,KbPower,MsPower,CrystalsStage,CrystalsBoss,CrystalsGold,CrystalsTotal,CrystalsSpent,CrystalsRemain,GGKilled,GGEscaped,GGGold,BaseAttackLv,AttackPctLv,CritChanceLv,CritDamageLv,MultiHitLv,TimeExtendLv,UpgradeDiscountLv,GoldFlatPermLv,GoldMultiPermLv,CrystalFlatLv
1,29.9,29.9,2,12,-12,160,1,0,148,12,0,0,0,0,0,0,0,0,0,0,0,0,0,0,0,0,0,0,0,0,0
2,59.8,29.9,2,12,-12,155,1,0,142,13,0,0,0,0,0,0,0,0,0,0,0,0,0,0,0,0,0,0,0,0,0
3,89.6,29.8,2,12,-12,163,1,0,141,22,0,0,0,0,0,0,0,0,0,0,0,0,0,0,0,0,0,0,0,0,0
4,119.6,30.0,2,12,-12,163,1,0,144,19,0,0,0,0,0,0,0,0,0,0,0,0,0,0,0,0,0,0,0,0,0
5,149.5,29.9,2,12,-12,152,1,0,144,8,0,0,0,0,0,0,0,0,0,0,0,0,0,0,0,0,0,0,0,0,0
6,179.4,29.9,2,12,-12,154,1,0,144,10,0,0,0,0,0,0,0,0,0,0,0,0,0,0,0,0,0,0,0,0,0
7,209.4,30.0,2,12,-12,157,1,0,147,10,0,0,0,0,0,0,0,0,0,0,0,0,0,0,0,0,0,0,0,0,0
8,239.2,29.8,2,12,-12,160,1,0,142,18,0,0,0,0,0,0,0,0,0,0,0,0,0,0,0,0,0,0,0,0,0
9,269.1,29.9,2,12,-12,155,1,0,144,11,0,0,0,0,0,0,0,0,0,0,0,0,0,0,0,0,0,0,0,0,0
10,298.9,29.8,2,12,-12,147,1,0,141,6,0,0,0,0,0,0,0,0,0,0,0,0,0,0,0,0,0,0,0,0,0
11,328.9,30.0,2,12,-12,158,1,0,147,11,0,0,0,0,0,0,0,0,0,0,0,0,0,0,0,0,0,0,0,0,0
12,358.8,29.9,2,12,-12,158,1,0,143,15,0,0,0,0,0,0,0,0,0,0,0,0,0,0,0,0,0,0,0,0,0
13,388.6,29.8,2,12,-12,163,1,0,145,18,0,0,0,0,0,0,0,0,0,0,0,0,0,0,0,0,0,0,0,0,0
14,418.4,29.8,2,12,-12,159,1,0,146,13,0,0,0,0,0,0,0,0,0,0,0,0,0,0,0,0,0,0,0,0,0
15,448.4,30.0,2,12,-12,149,1,0,141,8,0,0,0,0,0,0,0,0,0,0,0,0,0,0,0,0,0,0,0,0,0
16,478.3,29.9,2,12,-12,158,1,0,145,13,0,0,0,0,0,0,0,0,0,0,0,0,0,0,0,0,0,0,0,0,0
17,508.2,29.9,2,12,-12,151,1,0,138,13,0,0,0,0,0,0,0,0,0,0,0,0,0,0,0,0,0,0,0,0,0
18,538.2,29.9,2,12,-12,162,1,0,146,16,0,0,0,0,0,0,0,0,0,0,0,0,0,0,0,0,0,0,0,0,0
19,567.9,29.7,2,12,-12,159,1,0,143,16,0,0,0,0,0,0,0,0,0,0,0,0,0,0,0,0,0,0,0,0,0
20,597.8,29.9,2,12,-12,154,1,0,143,11,0,0,0,0,0,0,0,0,0,0,0,0,0,0,0,0,0,0,0,0,0
21,627.6,29.8,2,12,-12,166,1,0,144,22,0,0,0,0,0,0,0,0,0,0,0,0,0,0,0,0,0,0,0,0,0
22,657.5,29.9,2,12,-12,159,1,0,147,12,0,0,0,0,0,0,0,0,0,0,0,0,0,0,0,0,0,0,0,0,0
23,687.4,29.9,2,12,-12,162,1,0,144,18,0,0,0,0,0,0,0,0,0,0,0,0,0,0,0,0,0,0,0,0,0
24,717.3,29.9,2,12,-12,162,1,0,147,15,0,0,0,0,0,0,0,0,0,0,0,0,0,0,0,0,0,0,0,0,0
25,747.1,29.8,2,12,-12,153,1,0,146,7,0,0,0,0,0,0,0,0,0,0,0,0,0,0,0,0,0,0,0,0,0
26,777.0,29.8,2,12,-12,152,1,0,140,12,0,0,0,0,0,0,0,0,0,0,0,0,0,0,0,0,0,0,0,0,0
27,806.8,29.9,2,12,-12,164,1,0,148,16,0,0,0,0,0,0,0,0,0,0,0,0,0,0,0,0,0,0,0,0,0
28,836.7,29.9,2,12,-12,163,1,0,147,16,0,0,0,0,0,0,0,0,0,0,0,0,0,0,0,0,0,0,0,0,0
29,866.6,29.9,2,12,-12,154,1,0,142,12,0,0,0,0,0,0,0,0,0,0,0,0,0,0,0,0,0,0,0,0,0
30,896.5,29.9,2,12,-12,156,1,0,144,12,0,0,0,0,0,0,0,0,0,0,0,0,0,0,0,0,0,0,0,0,0
31,926.5,29.9,2,12,-12,162,1,0,141,21,0,0,0,0,0,0,0,0,0,0,0,0,0,0,0,0,0,0,0,0,0
32,956.4,30.0,2,12,-12,152,1,0,138,14,0,0,0,0,0,0,0,0,0,0,0,0,0,0,0,0,0,0,0,0,0
33,986.4,29.9,2,12,-12,154,1,0,145,9,0,0,0,0,0,0,0,0,0,0,0,0,0,0,0,0,0,0,0,0,0
34,1016.3,29.9,2,12,-12,169,1,0,144,25,0,0,0,0,0,0,0,0,0,0,0,0,0,0,0,0,0,0,0,0,0
35,1046.2,30.0,2,12,-12,156,1,0,144,12,0,0,0,0,0,0,0,0,0,0,0,0,0,0,0,0,0,0,0,0,0
36,1075.9,29.7,2,12,-12,157,1,0,142,15,0,0,0,0,0,0,0,0,0,0,0,0,0,0,0,0,0,0,0,0,0
37,1105.8,29.9,2,12,-12,154,1,0,143,11,0,0,0,0,0,0,0,0,0,0,0,0,0,0,0,0,0,0,0,0,0
38,1135.6,29.8,2,12,-12,161,1,0,144,17,0,0,0,0,0,0,0,0,0,0,0,0,0,0,0,0,0,0,0,0,0
39,1165.5,29.9,2,12,-12,169,1,0,146,23,0,0,0,0,0,0,0,0,0,0,0,0,0,0,0,0,0,0,0,0,0
40,1195.4,29.9,2,12,-12,147,1,0,138,9,0,0,0,0,0,0,0,0,0,0,0,0,0,0,0,0,0,0,0,0,0
41,1225.4,30.0,2,12,-12,157,1,0,143,14,0,0,0,0,0,0,0,0,0,0,0,0,0,0,0,0,0,0,0,0,0
42,1255.3,29.9,2,12,-12,158,1,0,142,16,0,0,0,0,0,0,0,0,0,0,0,0,0,0,0,0,0,0,0,0,0
43,1285.3,30.0,2,12,-12,157,1,0,141,16,0,0,0,0,0,0,0,0,0,0,0,0,0,0,0,0,0,0,0,0,0
44,1315.1,29.9,2,12,-12,151,1,0,144,7,0,0,0,0,0,0,0,0,0,0,0,0,0,0,0,0,0,0,0,0,0
45,1345.1,30.0,2,12,-12,160,1,0,142,18,0,0,0,0,0,0,0,0,0,0,0,0,0,0,0,0,0,0,0,0,0
46,1374.9,29.8,2,12,-12,163,1,0,146,17,0,0,0,0,0,0,0,0,0,0,0,0,0,0,0,0,0,0,0,0,0
47,1404.8,29.9,2,12,-12,157,1,0,146,11,0,0,0,0,0,0,0,0,0,0,0,0,0,0,0,0,0,0,0,0,0
48,1434.8,30.0,2,12,-12,160,1,0,142,18,0,0,0,0,0,0,0,0,0,0,0,0,0,0,0,0,0,0,0,0,0
49,1464.6,29.8,2,12,-12,153,1,0,139,14,0,0,0,0,0,0,0,0,0,0,0,0,0,0,0,0,0,0,0,0,0
50,1494.6,29.9,2,12,-12,162,1,0,146,16,0,0,0,0,0,0,0,0,0,0,0,0,0,0,0,0,0,0,0,0,0
51,1524.5,30.0,2,12,-12,162,1,0,140,22,0,0,0,0,0,0,0,0,0,0,0,0,0,0,0,0,0,0,0,0,0
52,1554.4,29.8,2,12,-12,151,1,0,137,14,0,0,0,0,0,0,0,0,0,0,0,0,0,0,0,0,0,0,0,0,0
53,1584.3,29.9,2,12,-12,172,1,0,143,29,0,0,0,0,0,0,0,0,0,0,0,0,0,0,0,0,0,0,0,0,0
54,1614.1,29.8,2,12,-12,152,1,0,139,13,0,0,0,0,0,0,0,0,0,0,0,0,0,0,0,0,0,0,0,0,0
55,1644.0,29.9,2,12,-12,162,1,0,143,19,0,0,0,0,0,0,0,0,0,0,0,0,0,0,0,0,0,0,0,0,0
56,1673.8,29.9,2,12,-12,155,1,0,143,12,0,0,0,0,0,0,0,0,0,0,0,0,0,0,0,0,0,0,0,0,0
57,1703.7,29.9,2,12,-12,154,1,0,141,13,0,0,0,0,0,0,0,0,0,0,0,0,0,0,0,0,0,0,0,0,0
58,1733.7,30.0,2,12,-12,154,1,0,142,12,0,0,0,0,0,0,0,0,0,0,0,0,0,0,0,0,0,0,0,0,0
59,1763.6,29.9,2,12,-12,162,1,0,145,17,0,0,0,0,0,0,0,0,0,0,0,0,0,0,0,0,0,0,0,0,0
60,1793.4,29.8,2,12,-12,163,1,0,146,17,0,0,0,0,0,0,0,0,0,0,0,0,0,0,0,0,0,0,0,0,0
61,1823.3,29.9,2,12,-12,151,1,0,143,8,0,0,0,0,0,0,0,0,0,0,0,0,0,0,0,0,0,0,0,0,0
62,1853.2,29.9,2,12,-12,160,1,0,142,18,0,0,0,0,0,0,0,0,0,0,0,0,0,0,0,0,0,0,0,0,0
63,1883.1,29.9,2,12,-12,160,1,0,143,17,0,0,0,0,0,0,0,0,0,0,0,0,0,0,0,0,0,0,0,0,0
64,1913.1,30.0,2,12,-12,161,1,0,147,14,0,0,0,0,0,0,0,0,0,0,0,0,0,0,0,0,0,0,0,0,0
65,1943.0,29.9,2,12,-12,156,1,0,140,16,0,0,0,0,0,0,0,0,0,0,0,0,0,0,0,0,0,0,0,0,0
66,1972.9,29.9,2,12,-12,152,1,0,139,13,0,0,0,0,0,0,0,0,0,0,0,0,0,0,0,0,0,0,0,0,0
67,2002.8,29.9,2,12,-12,162,1,0,147,15,0,0,0,0,0,0,0,0,0,0,0,0,0,0,0,0,0,0,0,0,0
68,2032.8,29.9,2,12,-12,151,1,0,141,10,0,0,0,0,0,0,0,0,0,0,0,0,0,0,0,0,0,0,0,0,0
69,2062.7,30.0,2,12,-12,156,1,0,140,16,0,0,0,0,0,0,0,0,0,0,0,0,0,0,0,0,0,0,0,0,0
70,2092.5,29.8,2,12,-12,152,1,0,136,16,0,0,0,0,0,0,0,0,0,0,0,0,0,0,0,0,0,0,0,0,0
71,2122.4,30.0,2,12,-12,159,1,0,144,15,0,0,0,0,0,0,0,0,0,0,0,0,0,0,0,0,0,0,0,0,0
72,2152.4,30.0,2,12,-12,159,1,0,144,15,0,0,0,0,0,0,0,0,0,0,0,0,0,0,0,0,0,0,0,0,0
73,2182.3,29.9,2,12,-12,161,1,0,148,13,0,0,0,0,0,0,0,0,0,0,0,0,0,0,0,0,0,0,0,0,0
74,2212.3,30.0,2,12,-12,159,1,0,146,13,0,0,0,0,0,0,0,0,0,0,0,0,0,0,0,0,0,0,0,0,0
75,2242.2,29.9,2,12,-12,163,1,0,146,17,0,0,0,0,0,0,0,0,0,0,0,0,0,0,0,0,0,0,0,0,0
76,2272.1,29.9,2,12,-12,165,1,0,146,19,0,0,0,0,0,0,0,0,0,0,0,0,0,0,0,0,0,0,0,0,0
77,2302.0,29.9,2,12,-12,154,1,0,143,11,0,0,0,0,0,0,0,0,0,0,0,0,0,0,0,0,0,0,0,0,0
78,2331.8,29.8,2,12,-12,147,1,0,140,7,0,0,0,0,0,0,0,0,0,0,0,0,0,0,0,0,0,0,0,0,0
79,2361.8,29.9,2,12,-12,167,1,0,147,20,0,0,0,0,0,0,0,0,0,0,0,0,0,0,0,0,0,0,0,0,0
80,2391.7,30.0,2,12,-12,165,1,0,148,17,0,0,0,0,0,0,0,0,0,0,0,0,0,0,0,0,0,0,0,0,0
81,2421.5,29.8,2,12,-12,158,1,0,145,13,0,0,0,0,0,0,0,0,0,0,0,0,0,0,0,0,0,0,0,0,0
82,2451.4,29.9,2,12,-12,167,1,0,144,23,0,0,0,0,0,0,0,0,0,0,0,0,0,0,0,0,0,0,0,0,0
83,2481.3,29.9,2,12,-12,157,1,0,142,15,0,0,0,0,0,0,0,0,0,0,0,0,0,0,0,0,0,0,0,0,0
84,2511.2,29.9,2,12,-12,158,1,0,142,16,0,0,0,0,0,0,0,0,0,0,0,0,0,0,0,0,0,0,0,0,0
85,2541.2,29.9,2,12,-12,159,1,0,145,14,0,0,0,0,0,0,0,0,0,0,0,0,0,0,0,0,0,0,0,0,0
86,2571.1,29.9,2,12,-12,160,1,0,145,15,0,0,0,0,0,0,0,0,0,0,0,0,0,0,0,0,0,0,0,0,0
87,2600.9,29.9,2,12,-12,158,1,0,143,15,0,0,0,0,0,0,0,0,0,0,0,0,0,0,0,0,0,0,0,0,0
88,2630.9,29.9,2,12,-12,158,1,0,147,11,0,0,0,0,0,0,0,0,0,0,0,0,0,0,0,0,0,0,0,0,0
89,2660.8,30.0,2,12,-12,158,1,0,145,13,0,0,0,0,0,0,0,0,0,0,0,0,0,0,0,0,0,0,0,0,0
90,2690.7,29.8,2,12,-12,155,1,0,142,13,0,0,0,0,0,0,0,0,0,0,0,0,0,0,0,0,0,0,0,0,0
91,2720.4,29.7,2,12,-12,168,1,0,150,18,0,0,0,0,0,0,0,0,0,0,0,0,0,0,0,0,0,0,0,0,0
92,2750.3,30.0,2,12,-12,159,1,0,144,15,0,0,0,0,0,0,0,0,0,0,0,0,0,0,0,0,0,0,0,0,0
93,2780.3,30.0,2,12,-12,153,1,0,141,12,0,0,0,0,0,0,0,0,0,0,0,0,0,0,0,0,0,0,0,0,0
94,2810.3,30.0,2,12,-12,162,1,0,144,18,0,0,0,0,0,0,0,0,0,0,0,0,0,0,0,0,0,0,0,0,0
95,2840.0,29.7,2,12,-12,153,1,0,140,13,0,0,0,0,0,0,0,0,0,0,0,0,0,0,0,0,0,0,0,0,0
96,2869.9,29.9,2,12,-12,158,1,0,143,15,0,0,0,0,0,0,0,0,0,0,0,0,0,0,0,0,0,0,0,0,0
97,2899.8,29.9,2,12,-12,160,1,0,145,15,0,0,0,0,0,0,0,0,0,0,0,0,0,0,0,0,0,0,0,0,0
98,2929.7,29.8,2,12,-12,157,1,0,145,12,0,0,0,0,0,0,0,0,0,0,0,0,0,0,0,0,0,0,0,0,0
99,2959.6,30.0,2,12,-12,164,1,0,149,15,0,0,0,0,0,0,0,0,0,0,0,0,0,0,0,0,0,0,0,0,0
100,2989.6,30.0,2,12,-12,160,1,0,146,14,0,0,0,0,0,0,0,0,0,0,0,0,0,0,0,0,0,0,0,0,0
101,3019.6,30.0,2,12,-12,162,1,0,145,17,0,0,0,0,0,0,0,0,0,0,0,0,0,0,0,0,0,0,0,0,0
102,3049.6,30.0,2,12,-12,161,1,0,147,14,0,0,0,0,0,0,0,0,0,0,0,0,0,0,0,0,0,0,0,0,0
103,3079.5,29.9,2,12,-12,156,1,0,143,13,0,0,0,0,0,0,0,0,0,0,0,0,0,0,0,0,0,0,0,0,0
104,3109.4,29.9,2,12,-12,161,1,0,146,15,0,0,0,0,0,0,0,0,0,0,0,0,0,0,0,0,0,0,0,0,0
105,3139.4,30.0,2,12,-12,155,1,0,142,13,0,0,0,0,0,0,0,0,0,0,0,0,0,0,0,0,0,0,0,0,0
106,3169.3,29.9,2,12,-12,159,1,0,144,15,0,0,0,0,0,0,0,0,0,0,0,0,0,0,0,0,0,0,0,0,0
107,3199.3,30.0,2,12,-12,163,1,0,147,16,0,0,0,0,0,0,0,0,0,0,0,0,0,0,0,0,0,0,0,0,0
108,3229.1,29.9,2,12,-12,148,1,0,143,5,0,0,0,0,0,0,0,0,0,0,0,0,0,0,0,0,0,0,0,0,0
109,3259.0,29.9,2,12,-12,153,1,0,143,10,0,0,0,0,0,0,0,0,0,0,0,0,0,0,0,0,0,0,0,0,0
110,3288.9,29.9,2,12,-12,158,1,0,145,13,0,0,0,0,0,0,0,0,0,0,0,0,0,0,0,0,0,0,0,0,0
111,3318.9,30.0,2,12,-12,155,1,0,143,12,0,0,0,0,0,0,0,0,0,0,0,0,0,0,0,0,0,0,0,0,0
112,3348.7,29.8,2,12,-12,145,1,0,135,10,0,0,0,0,0,0,0,0,0,0,0,0,0,0,0,0,0,0,0,0,0
113,3378.6,29.9,2,12,-12,149,1,0,141,8,0,0,0,0,0,0,0,0,0,0,0,0,0,0,0,0,0,0,0,0,0
114,3408.6,30.0,2,12,-12,159,1,0,147,12,0,0,0,0,0,0,0,0,0,0,0,0,0,0,0,0,0,0,0,0,0
115,3438.2,29.6,2,12,-12,159,1,0,146,13,0,0,0,0,0,0,0,0,0,0,0,0,0,0,0,0,0,0,0,0,0
116,3468.0,29.8,2,12,-12,154,1,0,143,11,0,0,0,0,0,0,0,0,0,0,0,0,0,0,0,0,0,0,0,0,0
117,3497.9,29.9,2,12,-12,159,1,0,142,17,0,0,0,0,0,0,0,0,0,0,0,0,0,0,0,0,0,0,0,0,0
118,3527.9,29.9,2,12,-12,157,1,0,142,15,0,0,0,0,0,0,0,0,0,0,0,0,0,0,0,0,0,0,0,0,0
119,3557.7,29.8,2,12,-12,164,1,0,144,20,0,0,0,0,0,0,0,0,0,0,0,0,0,0,0,0,0,0,0,0,0
120,3587.6,29.9,2,12,-12,151,1,0,141,10,0,0,0,0,0,0,0,0,0,0,0,0,0,0,0,0,0,0,0,0,0
121,3617.5,30.0,2,12,-12,156,1,0,143,13,0,0,0,0,0,0,0,0,0,0,0,0,0,0,0,0,0,0,0,0,0
122,3647.4,29.9,2,12,-12,155,1,0,141,14,0,0,0,0,0,0,0,0,0,0,0,0,0,0,0,0,0,0,0,0,0
123,3677.3,30.0,2,12,-12,152,1,0,140,12,0,0,0,0,0,0,0,0,0,0,0,0,0,0,0,0,0,0,0,0,0
124,3707.2,29.8,2,12,-12,161,1,0,145,16,0,0,0,0,0,0,0,0,0,0,0,0,0,0,0,0,0,0,0,0,0
125,3737.1,29.9,2,12,-12,161,1,0,144,17,0,0,0,0,0,0,0,0,0,0,0,0,0,0,0,0,0,0,0,0,0
126,3767.0,29.9,2,12,-12,167,1,0,147,20,0,0,0,0,0,0,0,0,0,0,0,0,0,0,0,0,0,0,0,0,0
127,3796.9,30.0,2,12,-12,159,1,0,143,16,0,0,0,0,0,0,0,0,0,0,0,0,0,0,0,0,0,0,0,0,0
128,3826.7,29.8,2,12,-12,159,1,0,144,15,0,0,0,0,0,0,0,0,0,0,0,0,0,0,0,0,0,0,0,0,0
129,3856.7,30.0,2,12,-12,165,1,0,143,22,0,0,0,0,0,0,0,0,0,0,0,0,0,0,0,0,0,0,0,0,0
130,3886.6,29.8,2,12,-12,152,1,0,142,10,0,0,0,0,0,0,0,0,0,0,0,0,0,0,0,0,0,0,0,0,0
131,3916.5,29.9,2,12,-12,154,1,0,144,10,0,0,0,0,0,0,0,0,0,0,0,0,0,0,0,0,0,0,0,0,0
132,3946.3,29.8,2,12,-12,151,1,0,139,12,0,0,0,0,0,0,0,0,0,0,0,0,0,0,0,0,0,0,0,0,0
133,3976.1,29.8,2,12,-12,165,1,0,146,19,0,0,0,0,0,0,0,0,0,0,0,0,0,0,0,0,0,0,0,0,0
134,4005.9,29.8,2,12,-12,156,1,0,145,11,0,0,0,0,0,0,0,0,0,0,0,0,0,0,0,0,0,0,0,0,0
135,4035.8,29.9,2,12,-12,158,1,0,143,15,0,0,0,0,0,0,0,0,0,0,0,0,0,0,0,0,0,0,0,0,0
136,4065.8,30.0,2,12,-12,159,1,0,144,15,0,0,0,0,0,0,0,0,0,0,0,0,0,0,0,0,0,0,0,0,0
137,4095.7,29.9,2,12,-12,166,1,0,147,19,0,0,0,0,0,0,0,0,0,0,0,0,0,0,0,0,0,0,0,0,0
138,4125.7,30.0,2,12,-12,158,1,0,144,14,0,0,0,0,0,0,0,0,0,0,0,0,0,0,0,0,0,0,0,0,0
139,4155.7,29.9,2,12,-12,158,1,0,145,13,0,0,0,0,0,0,0,0,0,0,0,0,0,0,0,0,0,0,0,0,0
140,4185.6,30.0,2,12,-12,160,1,0,147,13,0,0,0,0,0,0,0,0,0,0,0,0,0,0,0,0,0,0,0,0,0
141,4215.5,29.9,2,12,-12,164,1,0,145,19,0,0,0,0,0,0,0,0,0,0,0,0,0,0,0,0,0,0,0,0,0
142,4245.5,30.0,2,12,-12,152,1,0,141,11,0,0,0,0,0,0,0,0,0,0,0,0,0,0,0,0,0,0,0,0,0
143,4275.4,29.9,2,12,-12,161,1,0,143,18,0,0,0,0,0,0,0,0,0,0,0,0,0,0,0,0,0,0,0,0,0
144,4305.3,29.9,2,12,-12,153,1,0,145,8,0,0,0,0,0,0,0,0,0,0,0,0,0,0,0,0,0,0,0,0,0
145,4335.2,29.9,2,12,-12,160,1,0,142,18,0,0,0,0,0,0,0,0,0,0,0,0,0,0,0,0,0,0,0,0,0
146,4365.1,29.9,2,12,-12,160,1,0,143,17,0,0,0,0,0,0,0,0,0,0,0,0,0,0,0,0,0,0,0,0,0
147,4394.9,29.8,2,12,-12,151,1,0,141,10,0,0,0,0,0,0,0,0,0,0,0,0,0,0,0,0,0,0,0,0,0
148,4424.8,30.0,2,12,-12,161,1,0,147,14,0,0,0,0,0,0,0,0,0,0,0,0,0,0,0,0,0,0,0,0,0
149,4454.8,30.0,2,12,-12,163,1,0,148,15,0,0,0,0,0,0,0,0,0,0,0,0,0,0,0,0,0,0,0,0,0
150,4484.8,30.0,2,12,-12,160,1,0,143,17,0,0,0,0,0,0,0,0,0,0,0,0,0,0,0,0,0,0,0,0,0
151,4514.6,29.8,2,12,-12,163,1,0,141,22,0,0,0,0,0,0,0,0,0,0,0,0,0,0,0,0,0,0,0,0,0
152,4544.5,29.9,2,12,-12,155,1,0,145,10,0,0,0,0,0,0,0,0,0,0,0,0,0,0,0,0,0,0,0,0,0
153,4574.4,29.9,2,12,-12,162,1,0,143,19,0,0,0,0,0,0,0,0,0,0,0,0,0,0,0,0,0,0,0,0,0
154,4604.3,29.9,2,12,-12,149,1,0,139,10,0,0,0,0,0,0,0,0,0,0,0,0,0,0,0,0,0,0,0,0,0
155,4634.1,29.9,2,12,-12,154,1,0,143,11,0,0,0,0,0,0,0,0,0,0,0,0,0,0,0,0,0,0,0,0,0
156,4664.1,29.9,2,12,-12,163,1,0,147,16,0,0,0,0,0,0,0,0,0,0,0,0,0,0,0,0,0,0,0,0,0
157,4694.0,29.9,2,12,-12,149,1,0,141,8,0,0,0,0,0,0,0,0,0,0,0,0,0,0,0,0,0,0,0,0,0
158,4723.8,29.8,2,12,-12,162,1,0,147,15,0,0,0,0,0,0,0,0,0,0,0,0,0,0,0,0,0,0,0,0,0
159,4753.7,29.9,2,12,-12,156,1,0,143,13,0,0,0,0,0,0,0,0,0,0,0,0,0,0,0,0,0,0,0,0,0
160,4783.6,29.9,2,12,-12,163,1,0,148,15,0,0,0,0,0,0,0,0,0,0,0,0,0,0,0,0,0,0,0,0,0
161,4813.4,29.8,2,12,-12,162,1,0,146,16,0,0,0,0,0,0,0,0,0,0,0,0,0,0,0,0,0,0,0,0,0
162,4843.3,29.9,2,12,-12,157,1,0,144,13,0,0,0,0,0,0,0,0,0,0,0,0,0,0,0,0,0,0,0,0,0
163,4873.2,29.9,2,12,-12,153,1,0,143,10,0,0,0,0,0,0,0,0,0,0,0,0,0,0,0,0,0,0,0,0,0
164,4903.1,29.9,2,12,-12,158,1,0,140,18,0,0,0,0,0,0,0,0,0,0,0,0,0,0,0,0,0,0,0,0,0
165,4933.1,30.0,2,12,-12,157,1,0,142,15,0,0,0,0,0,0,0,0,0,0,0,0,0,0,0,0,0,0,0,0,0
166,4962.8,29.7,2,12,-12,155,1,0,144,11,0,0,0,0,0,0,0,0,0,0,0,0,0,0,0,0,0,0,0,0,0
167,4992.7,29.9,2,12,-12,147,1,0,135,12,0,0,0,0,0,0,0,0,0,0,0,0,0,0,0,0,0,0,0,0,0
168,5022.5,29.8,2,12,-12,157,1,0,140,17,0,0,0,0,0,0,0,0,0,0,0,0,0,0,0,0,0,0,0,0,0
169,5052.5,29.9,2,12,-12,154,1,0,140,14,0,0,0,0,0,0,0,0,0,0,0,0,0,0,0,0,0,0,0,0,0
170,5082.3,29.9,2,12,-12,161,1,0,144,17,0,0,0,0,0,0,0,0,0,0,0,0,0,0,0,0,0,0,0,0,0
171,5112.3,30.0,2,12,-12,154,1,0,144,10,0,0,0,0,0,0,0,0,0,0,0,0,0,0,0,0,0,0,0,0,0
172,5142.1,29.9,2,12,-12,162,1,0,142,20,0,0,0,0,0,0,0,0,0,0,0,0,0,0,0,0,0,0,0,0,0
173,5172.1,30.0,2,12,-12,164,1,0,146,18,0,0,0,0,0,0,0,0,0,0,0,0,0,0,0,0,0,0,0,0,0
174,5202.0,29.9,2,12,-12,161,1,0,144,17,0,0,0,0,0,0,0,0,0,0,0,0,0,0,0,0,0,0,0,0,0
175,5231.8,29.8,2,12,-12,158,1,0,142,16,0,0,0,0,0,0,0,0,0,0,0,0,0,0,0,0,0,0,0,0,0
176,5261.7,29.9,2,12,-12,154,1,0,140,14,0,0,0,0,0,0,0,0,0,0,0,0,0,0,0,0,0,0,0,0,0
177,5291.5,29.8,2,12,-12,154,1,0,143,11,0,0,0,0,0,0,0,0,0,0,0,0,0,0,0,0,0,0,0,0,0
178,5321.5,29.9,2,12,-12,155,1,0,142,13,0,0,0,0,0,0,0,0,0,0,0,0,0,0,0,0,0,0,0,0,0
179,5351.5,30.0,2,12,-12,151,1,0,140,11,0,0,0,0,0,0,0,0,0,0,0,0,0,0,0,0,0,0,0,0,0
180,5381.3,29.8,2,12,-12,156,1,0,139,17,0,0,0,0,0,0,0,0,0,0,0,0,0,0,0,0,0,0,0,0,0
181,5411.2,29.9,2,12,-12,162,1,0,143,19,0,0,0,0,0,0,0,0,0,0,0,0,0,0,0,0,0,0,0,0,0
182,5441.1,29.8,2,12,-12,154,1,0,139,15,0,0,0,0,0,0,0,0,0,0,0,0,0,0,0,0,0,0,0,0,0
183,5471.0,30.0,2,12,-12,157,1,0,142,15,0,0,0,0,0,0,0,0,0,0,0,0,0,0,0,0,0,0,0,0,0
184,5500.9,29.9,2,12,-12,159,1,0,143,16,0,0,0,0,0,0,0,0,0,0,0,0,0,0,0,0,0,0,0,0,0
185,5530.8,29.8,2,12,-12,164,1,0,144,20,0,0,0,0,0,0,0,0,0,0,0,0,0,0,0,0,0,0,0,0,0
186,5560.6,29.8,2,12,-12,157,1,0,143,14,0,0,0,0,0,0,0,0,0,0,0,0,0,0,0,0,0,0,0,0,0
187,5590.5,29.9,2,12,-12,160,1,0,143,17,0,0,0,0,0,0,0,0,0,0,0,0,0,0,0,0,0,0,0,0,0
188,5620.3,29.8,2,12,-12,159,1,0,146,13,0,0,0,0,0,0,0,0,0,0,0,0,0,0,0,0,0,0,0,0,0
189,5650.2,30.0,2,12,-12,156,1,0,142,14,0,0,0,0,0,0,0,0,0,0,0,0,0,0,0,0,0,0,0,0,0
190,5680.1,29.9,2,12,-12,156,1,0,140,16,0,0,0,0,0,0,0,0,0,0,0,0,0,0,0,0,0,0,0,0,0
191,5709.8,29.7,2,12,-12,159,1,0,146,13,0,0,0,0,0,0,0,0,0,0,0,0,0,0,0,0,0,0,0,0,0
192,5739.6,29.8,2,12,-12,156,1,0,142,14,0,0,0,0,0,0,0,0,0,0,0,0,0,0,0,0,0,0,0,0,0
193,5769.5,29.9,2,12,-12,157,1,0,142,15,0,0,0,0,0,0,0,0,0,0,0,0,0,0,0,0,0,0,0,0,0
194,5799.5,29.9,2,12,-12,149,1,0,141,8,0,0,0,0,0,0,0,0,0,0,0,0,0,0,0,0,0,0,0,0,0
195,5829.2,29.7,2,12,-12,153,1,0,141,12,0,0,0,0,0,0,0,0,0,0,0,0,0,0,0,0,0,0,0,0,0
196,5859.1,29.9,2,12,-12,161,1,0,145,16,0,0,0,0,0,0,0,0,0,0,0,0,0,0,0,0,0,0,0,0,0
197,5889.0,29.9,2,12,-12,158,1,0,144,14,0,0,0,0,0,0,0,0,0,0,0,0,0,0,0,0,0,0,0,0,0
198,5918.8,29.8,2,12,-12,149,1,0,137,12,0,0,0,0,0,0,0,0,0,0,0,0,0,0,0,0,0,0,0,0,0
199,5948.6,29.8,2,12,-12,155,1,0,141,14,0,0,0,0,0,0,0,0,0,0,0,0,0,0,0,0,0,0,0,0,0
200,5978.5,29.9,2,12,-12,156,1,0,145,11,0,0,0,0,0,0,0,0,0,0,0,0,0,0,0,0,0,0,0,0,0
201,6008.4,29.9,2,12,-12,158,1,0,144,14,0,0,0,0,0,0,0,0,0,0,0,0,0,0,0,0,0,0,0,0,0
202,6038.3,29.9,2,12,-12,157,1,0,143,14,0,0,0,0,0,0,0,0,0,0,0,0,0,0,0,0,0,0,0,0,0
203,6068.1,29.8,2,12,-12,162,1,0,145,17,0,0,0,0,0,0,0,0,0,0,0,0,0,0,0,0,0,0,0,0,0
204,6098.0,29.9,2,12,-12,155,1,0,144,11,0,0,0,0,0,0,0,0,0,0,0,0,0,0,0,0,0,0,0,0,0
205,6128.0,30.0,2,12,-12,153,1,0,142,11,0,0,0,0,0,0,0,0,0,0,0,0,0,0,0,0,0,0,0,0,0
206,6157.9,29.9,2,12,-12,162,1,0,148,14,0,0,0,0,0,0,0,0,0,0,0,0,0,0,0,0,0,0,0,0,0
207,6187.7,29.9,2,12,-12,160,1,0,146,14,0,0,0,0,0,0,0,0,0,0,0,0,0,0,0,0,0,0,0,0,0
208,6217.6,29.9,2,12,-12,154,1,0,144,10,0,0,0,0,0,0,0,0,0,0,0,0,0,0,0,0,0,0,0,0,0
209,6247.6,29.9,2,12,-12,156,1,0,145,11,0,0,0,0,0,0,0,0,0,0,0,0,0,0,0,0,0,0,0,0,0
210,6277.4,29.9,2,12,-12,159,1,0,142,17,0,0,0,0,0,0,0,0,0,0,0,0,0,0,0,0,0,0,0,0,0
211,6307.4,29.9,2,12,-12,165,1,0,144,21,0,0,0,0,0,0,0,0,0,0,0,0,0,0,0,0,0,0,0,0,0
212,6337.3,29.9,2,12,-12,162,1,0,143,19,0,0,0,0,0,0,0,0,0,0,0,0,0,0,0,0,0,0,0,0,0
213,6367.3,30.0,2,12,-12,167,1,0,146,21,0,0,0,0,0,0,0,0,0,0,0,0,0,0,0,0,0,0,0,0,0
214,6397.2,29.9,2,12,-12,154,1,0,142,12,0,0,0,0,0,0,0,0,0,0,0,0,0,0,0,0,0,0,0,0,0
215,6427.0,29.8,2,12,-12,156,1,0,141,15,0,0,0,0,0,0,0,0,0,0,0,0,0,0,0,0,0,0,0,0,0
216,6456.9,29.9,2,12,-12,151,1,0,136,15,0,0,0,0,0,0,0,0,0,0,0,0,0,0,0,0,0,0,0,0,0
217,6486.8,30.0,2,12,-12,160,1,0,145,15,0,0,0,0,0,0,0,0,0,0,0,0,0,0,0,0,0,0,0,0,0
218,6516.7,29.9,2,12,-12,159,1,0,147,12,0,0,0,0,0,0,0,0,0,0,0,0,0,0,0,0,0,0,0,0,0
219,6546.6,29.9,2,12,-12,156,1,0,138,18,0,0,0,0,0,0,0,0,0,0,0,0,0,0,0,0,0,0,0,0,0
220,6576.4,29.8,2,12,-12,159,1,0,142,17,0,0,0,0,0,0,0,0,0,0,0,0,0,0,0,0,0,0,0,0,0
221,6606.4,30.0,2,12,-12,151,1,0,141,10,0,0,0,0,0,0,0,0,0,0,0,0,0,0,0,0,0,0,0,0,0
222,6636.3,29.9,2,12,-12,155,1,0,144,11,0,0,0,0,0,0,0,0,0,0,0,0,0,0,0,0,0,0,0,0,0
223,6666.2,29.9,2,12,-12,154,1,0,143,11,0,0,0,0,0,0,0,0,0,0,0,0,0,0,0,0,0,0,0,0,0
224,6696.0,29.9,2,12,-12,150,1,0,135,15,0,0,0,0,0,0,0,0,0,0,0,0,0,0,0,0,0,0,0,0,0
225,6726.0,30.0,2,12,-12,157,1,0,145,12,0,0,0,0,0,0,0,0,0,0,0,0,0,0,0,0,0,0,0,0,0
226,6755.9,29.9,2,12,-12,158,1,0,143,15,0,0,0,0,0,0,0,0,0,0,0,0,0,0,0,0,0,0,0,0,0
227,6785.9,30.0,2,12,-12,164,1,0,146,18,0,0,0,0,0,0,0,0,0,0,0,0,0,0,0,0,0,0,0,0,0
228,6815.8,29.8,2,12,-12,158,1,0,142,16,0,0,0,0,0,0,0,0,0,0,0,0,0,0,0,0,0,0,0,0,0
229,6845.7,29.9,2,12,-12,152,1,0,142,10,0,0,0,0,0,0,0,0,0,0,0,0,0,0,0,0,0,0,0,0,0
230,6875.6,29.9,2,12,-12,161,1,0,144,17,0,0,0,0,0,0,0,0,0,0,0,0,0,0,0,0,0,0,0,0,0
231,6905.5,29.8,2,12,-12,157,1,0,146,11,0,0,0,0,0,0,0,0,0,0,0,0,0,0,0,0,0,0,0,0,0
232,6935.4,29.9,2,12,-12,158,1,0,147,11,0,0,0,0,0,0,0,0,0,0,0,0,0,0,0,0,0,0,0,0,0
233,6965.3,29.9,2,12,-12,157,1,0,146,11,0,0,0,0,0,0,0,0,0,0,0,0,0,0,0,0,0,0,0,0,0
234,6995.0,29.8,2,12,-12,160,1,0,143,17,0,0,0,0,0,0,0,0,0,0,0,0,0,0,0,0,0,0,0,0,0
235,7024.9,29.9,2,12,-12,145,1,0,135,10,0,0,0,0,0,0,0,0,0,0,0,0,0,0,0,0,0,0,0,0,0
236,7054.7,29.8,2,12,-12,146,1,0,141,5,0,0,0,0,0,0,0,0,0,0,0,0,0,0,0,0,0,0,0,0,0
237,7084.5,29.9,2,12,-12,152,1,0,144,8,0,0,0,0,0,0,0,0,0,0,0,0,0,0,0,0,0,0,0,0,0
238,7114.5,29.9,2,12,-12,152,1,0,143,9,0,0,0,0,0,0,0,0,0,0,0,0,0,0,0,0,0,0,0,0,0
239,7144.3,29.9,2,12,-12,153,1,0,138,15,0,0,0,0,0,0,0,0,0,0,0,0,0,0,0,0,0,0,0,0,0
240,7174.2,29.9,2,12,-12,164,1,0,148,16,0,0,0,0,0,0,0,0,0,0,0,0,0,0,0,0,0,0,0,0,0
241,7204.1,29.9,2,12,-12,161,1,0,142,19,0,0,0,0,0,0,0,0,0,0,0,0,0,0,0,0,0,0,0,0,0
242,7233.9,29.8,2,12,-12,147,1,0,140,7,0,0,0,0,0,0,0,0,0,0,0,0,0,0,0,0,0,0,0,0,0
243,7263.9,30.0,2,12,-12,165,1,0,147,18,0,0,0,0,0,0,0,0,0,0,0,0,0,0,0,0,0,0,0,0,0
244,7293.8,29.9,2,12,-12,154,1,0,142,12,0,0,0,0,0,0,0,0,0,0,0,0,0,0,0,0,0,0,0,0,0
245,7323.7,29.9,2,12,-12,153,1,0,144,9,0,0,0,0,0,0,0,0,0,0,0,0,0,0,0,0,0,0,0,0,0
246,7353.5,29.8,2,12,-12,152,1,0,142,10,0,0,0,0,0,0,0,0,0,0,0,0,0,0,0,0,0,0,0,0,0
247,7383.5,30.0,2,12,-12,159,1,0,141,18,0,0,0,0,0,0,0,0,0,0,0,0,0,0,0,0,0,0,0,0,0
248,7413.5,30.0,2,12,-12,160,1,0,144,16,0,0,0,0,0,0,0,0,0,0,0,0,0,0,0,0,0,0,0,0,0
249,7443.5,30.0,2,12,-12,161,1,0,144,17,0,0,0,0,0,0,0,0,0,0,0,0,0,0,0,0,0,0,0,0,0
250,7473.4,29.9,2,12,-12,153,1,0,141,12,0,0,0,0,0,0,0,0,0,0,0,0,0,0,0,0,0,0,0,0,0
251,7503.2,29.9,2,12,-12,154,1,0,141,13,0,0,0,0,0,0,0,0,0,0,0,0,0,0,0,0,0,0,0,0,0
252,7533.0,29.8,2,12,-12,155,1,0,143,12,0,0,0,0,0,0,0,0,0,0,0,0,0,0,0,0,0,0,0,0,0
253,7562.9,29.9,2,12,-12,160,1,0,142,18,0,0,0,0,0,0,0,0,0,0,0,0,0,0,0,0,0,0,0,0,0
254,7592.8,29.9,2,12,-12,152,1,0,141,11,0,0,0,0,0,0,0,0,0,0,0,0,0,0,0,0,0,0,0,0,0
255,7622.6,29.9,2,12,-12,160,1,0,145,15,0,0,0,0,0,0,0,0,0,0,0,0,0,0,0,0,0,0,0,0,0
256,7652.6,29.9,2,12,-12,160,1,0,148,12,0,0,0,0,0,0,0,0,0,0,0,0,0,0,0,0,0,0,0,0,0
257,7682.3,29.8,2,12,-12,153,1,0,142,11,0,0,0,0,0,0,0,0,0,0,0,0,0,0,0,0,0,0,0,0,0
258,7712.2,29.9,2,12,-12,160,1,0,148,12,0,0,0,0,0,0,0,0,0,0,0,0,0,0,0,0,0,0,0,0,0
259,7742.1,29.9,2,12,-12,167,1,0,150,17,0,0,0,0,0,0,0,0,0,0,0,0,0,0,0,0,0,0,0,0,0
260,7772.0,29.9,2,12,-12,156,1,0,143,13,0,0,0,0,0,0,0,0,0,0,0,0,0,0,0,0,0,0,0,0,0
261,7801.9,30.0,2,12,-12,157,1,0,144,13,0,0,0,0,0,0,0,0,0,0,0,0,0,0,0,0,0,0,0,0,0
262,7831.9,30.0,2,12,-12,152,1,0,141,11,0,0,0,0,0,0,0,0,0,0,0,0,0,0,0,0,0,0,0,0,0
263,7861.8,29.9,2,12,-12,164,1,0,139,25,0,0,0,0,0,0,0,0,0,0,0,0,0,0,0,0,0,0,0,0,0
264,7891.7,29.9,2,12,-12,153,1,0,143,10,0,0,0,0,0,0,0,0,0,0,0,0,0,0,0,0,0,0,0,0,0
265,7921.6,29.9,2,12,-12,151,1,0,139,12,0,0,0,0,0,0,0,0,0,0,0,0,0,0,0,0,0,0,0,0,0
266,7951.5,29.9,2,12,-12,162,1,0,148,14,0,0,0,0,0,0,0,0,0,0,0,0,0,0,0,0,0,0,0,0,0
267,7981.4,29.9,2,12,-12,155,1,0,139,16,0,0,0,0,0,0,0,0,0,0,0,0,0,0,0,0,0,0,0,0,0
268,8011.2,29.8,2,12,-12,153,1,0,139,14,0,0,0,0,0,0,0,0,0,0,0,0,0,0,0,0,0,0,0,0,0
269,8041.1,29.9,2,12,-12,149,1,0,141,8,0,0,0,0,0,0,0,0,0,0,0,0,0,0,0,0,0,0,0,0,0
270,8071.1,30.0,2,12,-12,158,1,0,143,15,0,0,0,0,0,0,0,0,0,0,0,0,0,0,0,0,0,0,0,0,0
271,8101.0,30.0,2,12,-12,158,1,0,143,15,0,0,0,0,0,0,0,0,0,0,0,0,0,0,0,0,0,0,0,0,0
272,8131.0,30.0,2,12,-12,158,1,0,139,19,0,0,0,0,0,0,0,0,0,0,0,0,0,0,0,0,0,0,0,0,0
273,8160.9,29.9,2,12,-12,158,1,0,143,15,0,0,0,0,0,0,0,0,0,0,0,0,0,0,0,0,0,0,0,0,0
274,8190.8,30.0,2,12,-12,157,1,0,141,16,0,0,0,0,0,0,0,0,0,0,0,0,0,0,0,0,0,0,0,0,0
275,8220.6,29.8,2,12,-12,154,1,0,142,12,0,0,0,0,0,0,0,0,0,0,0,0,0,0,0,0,0,0,0,0,0
276,8250.6,30.0,2,12,-12,159,1,0,146,13,0,0,0,0,0,0,0,0,0,0,0,0,0,0,0,0,0,0,0,0,0
277,8280.3,29.7,2,12,-12,166,1,0,149,17,0,0,0,0,0,0,0,0,0,0,0,0,0,0,0,0,0,0,0,0,0
278,8310.1,29.8,2,12,-12,162,1,0,141,21,0,0,0,0,0,0,0,0,0,0,0,0,0,0,0,0,0,0,0,0,0
279,8340.0,29.8,2,12,-12,160,1,0,144,16,0,0,0,0,0,0,0,0,0,0,0,0,0,0,0,0,0,0,0,0,0
280,8369.9,29.9,2,12,-12,147,1,0,135,12,0,0,0,0,0,0,0,0,0,0,0,0,0,0,0,0,0,0,0,0,0
281,8399.8,29.9,2,12,-12,155,1,0,144,11,0,0,0,0,0,0,0,0,0,0,0,0,0,0,0,0,0,0,0,0,0
282,8429.7,30.0,2,12,-12,161,1,0,140,21,0,0,0,0,0,0,0,0,0,0,0,0,0,0,0,0,0,0,0,0,0
283,8459.7,29.9,2,12,-12,153,1,0,139,14,0,0,0,0,0,0,0,0,0,0,0,0,0,0,0,0,0,0,0,0,0
284,8489.6,30.0,2,12,-12,153,1,0,142,11,0,0,0,0,0,0,0,0,0,0,0,0,0,0,0,0,0,0,0,0,0
285,8519.4,29.8,2,12,-12,153,1,0,141,12,0,0,0,0,0,0,0,0,0,0,0,0,0,0,0,0,0,0,0,0,0
286,8549.2,29.8,2,12,-12,149,1,0,139,10,0,0,0,0,0,0,0,0,0,0,0,0,0,0,0,0,0,0,0,0,0
287,8579.2,30.0,2,12,-12,159,1,0,143,16,0,0,0,0,0,0,0,0,0,0,0,0,0,0,0,0,0,0,0,0,0
288,8609.1,29.9,2,12,-12,148,1,0,136,12,0,0,0,0,0,0,0,0,0,0,0,0,0,0,0,0,0,0,0,0,0
289,8639.0,29.9,2,12,-12,158,1,0,142,16,0,0,0,0,0,0,0,0,0,0,0,0,0,0,0,0,0,0,0,0,0
290,8668.8,29.8,2,12,-12,154,1,0,138,16,0,0,0,0,0,0,0,0,0,0,0,0,0,0,0,0,0,0,0,0,0
291,8698.7,29.8,2,12,-12,154,1,0,145,9,0,0,0,0,0,0,0,0,0,0,0,0,0,0,0,0,0,0,0,0,0
292,8728.5,29.9,2,12,-12,159,1,0,143,16,0,0,0,0,0,0,0,0,0,0,0,0,0,0,0,0,0,0,0,0,0
293,8758.4,29.9,2,12,-12,158,1,0,145,13,0,0,0,0,0,0,0,0,0,0,0,0,0,0,0,0,0,0,0,0,0
294,8788.4,30.0,2,12,-12,157,1,0,141,16,0,0,0,0,0,0,0,0,0,0,0,0,0,0,0,0,0,0,0,0,0
295,8818.3,29.9,2,12,-12,159,1,0,143,16,0,0,0,0,0,0,0,0,0,0,0,0,0,0,0,0,0,0,0,0,0
296,8848.2,29.8,2,12,-12,152,1,0,138,14,0,0,0,0,0,0,0,0,0,0,0,0,0,0,0,0,0,0,0,0,0
297,8878.1,30.0,2,12,-12,151,1,0,140,11,0,0,0,0,0,0,0,0,0,0,0,0,0,0,0,0,0,0,0,0,0
298,8907.9,29.8,2,12,-12,147,1,0,137,10,0,0,0,0,0,0,0,0,0,0,0,0,0,0,0,0,0,0,0,0,0
299,8937.8,29.9,2,12,-12,165,1,0,148,17,0,0,0,0,0,0,0,0,0,0,0,0,0,0,0,0,0,0,0,0,0
300,8967.6,29.8,2,12,-12,160,1,0,144,16,0,0,0,0,0,0,0,0,0,0,0,0,0,0,0,0,0,0,0,0,0
301,8997.6,29.9,2,12,-12,152,1,0,140,12,0,0,0,0,0,0,0,0,0,0,0,0,0,0,0,0,0,0,0,0,0
302,9027.4,29.8,2,12,-12,151,1,0,143,8,0,0,0,0,0,0,0,0,0,0,0,0,0,0,0,0,0,0,0,0,0
303,9057.3,29.9,2,12,-12,159,1,0,144,15,0,0,0,0,0,0,0,0,0,0,0,0,0,0,0,0,0,0,0,0,0
304,9087.1,29.8,2,12,-12,155,1,0,141,14,0,0,0,0,0,0,0,0,0,0,0,0,0,0,0,0,0,0,0,0,0
305,9117.0,29.9,2,12,-12,150,1,0,135,15,0,0,0,0,0,0,0,0,0,0,0,0,0,0,0,0,0,0,0,0,0
306,9146.9,29.8,2,12,-12,161,1,0,145,16,0,0,0,0,0,0,0,0,0,0,0,0,0,0,0,0,0,0,0,0,0
307,9176.8,30.0,2,12,-12,154,1,0,143,11,0,0,0,0,0,0,0,0,0,0,0,0,0,0,0,0,0,0,0,0,0
308,9206.6,29.8,2,12,-12,150,1,0,138,12,0,0,0,0,0,0,0,0,0,0,0,0,0,0,0,0,0,0,0,0,0
309,9236.5,29.9,2,12,-12,157,1,0,142,15,0,0,0,0,0,0,0,0,0,0,0,0,0,0,0,0,0,0,0,0,0
310,9266.3,29.9,2,12,-12,158,1,0,144,14,0,0,0,0,0,0,0,0,0,0,0,0,0,0,0,0,0,0,0,0,0
311,9296.2,29.9,2,12,-12,146,1,0,137,9,0,0,0,0,0,0,0,0,0,0,0,0,0,0,0,0,0,0,0,0,0
312,9326.0,29.8,2,12,-12,157,1,0,141,16,0,0,0,0,0,0,0,0,0,0,0,0,0,0,0,0,0,0,0,0,0
313,9355.9,29.9,2,12,-12,158,1,0,144,14,0,0,0,0,0,0,0,0,0,0,0,0,0,0,0,0,0,0,0,0,0
314,9385.8,29.9,2,12,-12,160,1,0,146,14,0,0,0,0,0,0,0,0,0,0,0,0,0,0,0,0,0,0,0,0,0
315,9415.8,30.0,2,12,-12,160,1,0,147,13,0,0,0,0,0,0,0,0,0,0,0,0,0,0,0,0,0,0,0,0,0
316,9445.7,30.0,2,12,-12,161,1,0,143,18,0,0,0,0,0,0,0,0,0,0,0,0,0,0,0,0,0,0,0,0,0
317,9475.6,29.8,2,12,-12,163,1,0,142,21,0,0,0,0,0,0,0,0,0,0,0,0,0,0,0,0,0,0,0,0,0
318,9505.6,30.0,2,12,-12,158,1,0,145,13,0,0,0,0,0,0,0,0,0,0,0,0,0,0,0,0,0,0,0,0,0
319,9535.4,29.8,2,12,-12,154,1,0,141,13,0,0,0,0,0,0,0,0,0,0,0,0,0,0,0,0,0,0,0,0,0
320,9565.2,29.9,2,12,-12,167,1,0,145,22,0,0,0,0,0,0,0,0,0,0,0,0,0,0,0,0,0,0,0,0,0
321,9595.2,29.9,2,12,-12,157,1,0,142,15,0,0,0,0,0,0,0,0,0,0,0,0,0,0,0,0,0,0,0,0,0
322,9625.0,29.8,2,12,-12,142,1,0,135,7,0,0,0,0,0,0,0,0,0,0,0,0,0,0,0,0,0,0,0,0,0
323,9654.9,29.9,2,12,-12,158,1,0,142,16,0,0,0,0,0,0,0,0,0,0,0,0,0,0,0,0,0,0,0,0,0
324,9684.9,30.0,2,12,-12,167,1,0,149,18,0,0,0,0,0,0,0,0,0,0,0,0,0,0,0,0,0,0,0,0,0
325,9714.7,29.9,2,12,-12,159,1,0,141,18,0,0,0,0,0,0,0,0,0,0,0,0,0,0,0,0,0,0,0,0,0
326,9744.6,29.9,2,12,-12,164,1,0,149,15,0,0,0,0,0,0,0,0,0,0,0,0,0,0,0,0,0,0,0,0,0
327,9774.6,29.9,2,12,-12,156,1,0,141,15,0,0,0,0,0,0,0,0,0,0,0,0,0,0,0,0,0,0,0,0,0
328,9804.4,29.8,2,12,-12,158,1,0,146,12,0,0,0,0,0,0,0,0,0,0,0,0,0,0,0,0,0,0,0,0,0
329,9834.3,30.0,2,12,-12,158,1,0,146,12,0,0,0,0,0,0,0,0,0,0,0,0,0,0,0,0,0,0,0,0,0
330,9864.1,29.8,2,12,-12,144,1,0,140,4,0,0,0,0,0,0,0,0,0,0,0,0,0,0,0,0,0,0,0,0,0
331,9894.0,29.9,2,12,-12,156,1,0,145,11,0,0,0,0,0,0,0,0,0,0,0,0,0,0,0,0,0,0,0,0,0
332,9923.7,29.7,2,12,-12,153,1,0,140,13,0,0,0,0,0,0,0,0,0,0,0,0,0,0,0,0,0,0,0,0,0
333,9953.6,29.9,2,12,-12,152,1,0,138,14,0,0,0,0,0,0,0,0,0,0,0,0,0,0,0,0,0,0,0,0,0
334,9983.4,29.8,2,12,-12,158,1,0,141,17,0,0,0,0,0,0,0,0,0,0,0,0,0,0,0,0,0,0,0,0,0
335,10013.2,29.8,2,12,-12,155,1,0,142,13,0,0,0,0,0,0,0,0,0,0,0,0,0,0,0,0,0,0,0,0,0
336,10043.0,29.8,2,12,-12,155,1,0,141,14,0,0,0,0,0,0,0,0,0,0,0,0,0,0,0,0,0,0,0,0,0
337,10072.9,29.9,2,12,-12,151,1,0,140,11,0,0,0,0,0,0,0,0,0,0,0,0,0,0,0,0,0,0,0,0,0
338,10102.9,30.0,2,12,-12,151,1,0,141,10,0,0,0,0,0,0,0,0,0,0,0,0,0,0,0,0,0,0,0,0,0
339,10132.7,29.9,2,12,-12,154,1,0,142,12,0,0,0,0,0,0,0,0,0,0,0,0,0,0,0,0,0,0,0,0,0
340,10162.7,30.0,2,12,-12,156,1,0,146,10,0,0,0,0,0,0,0,0,0,0,0,0,0,0,0,0,0,0,0,0,0
341,10192.6,29.9,2,12,-12,164,1,0,150,14,0,0,0,0,0,0,0,0,0,0,0,0,0,0,0,0,0,0,0,0,0
342,10222.5,29.9,2,12,-12,153,1,0,140,13,0,0,0,0,0,0,0,0,0,0,0,0,0,0,0,0,0,0,0,0,0
343,10252.3,29.8,2,12,-12,152,1,0,136,16,0,0,0,0,0,0,0,0,0,0,0,0,0,0,0,0,0,0,0,0,0
344,10282.2,29.8,2,12,-12,151,1,0,141,10,0,0,0,0,0,0,0,0,0,0,0,0,0,0,0,0,0,0,0,0,0
345,10312.1,30.0,2,12,-12,154,1,0,141,13,0,0,0,0,0,0,0,0,0,0,0,0,0,0,0,0,0,0,0,0,0
346,10342.0,29.9,2,12,-12,156,1,0,140,16,0,0,0,0,0,0,0,0,0,0,0,0,0,0,0,0,0,0,0,0,0
347,10371.8,29.8,2,12,-12,161,1,0,145,16,0,0,0,0,0,0,0,0,0,0,0,0,0,0,0,0,0,0,0,0,0
348,10401.8,29.9,2,12,-12,147,1,0,139,8,0,0,0,0,0,0,0,0,0,0,0,0,0,0,0,0,0,0,0,0,0
349,10431.7,29.9,2,12,-12,157,1,0,145,12,0,0,0,0,0,0,0,0,0,0,0,0,0,0,0,0,0,0,0,0,0
350,10461.5,29.8,2,12,-12,159,1,0,144,15,0,0,0,0,0,0,0,0,0,0,0,0,0,0,0,0,0,0,0,0,0
351,10491.4,29.9,2,12,-12,154,1,0,141,13,0,0,0,0,0,0,0,0,0,0,0,0,0,0,0,0,0,0,0,0,0
352,10521.4,30.0,2,12,-12,155,1,0,144,11,0,0,0,0,0,0,0,0,0,0,0,0,0,0,0,0,0,0,0,0,0
353,10551.3,30.0,2,12,-12,153,1,0,142,11,0,0,0,0,0,0,0,0,0,0,0,0,0,0,0,0,0,0,0,0,0
354,10581.2,29.9,2,12,-12,154,1,0,141,13,0,0,0,0,0,0,0,0,0,0,0,0,0,0,0,0,0,0,0,0,0
355,10611.1,30.0,2,12,-12,154,1,0,144,10,0,0,0,0,0,0,0,0,0,0,0,0,0,0,0,0,0,0,0,0,0
356,10641.1,30.0,2,12,-12,162,1,0,146,16,0,0,0,0,0,0,0,0,0,0,0,0,0,0,0,0,0,0,0,0,0
357,10671.0,29.9,2,12,-12,163,1,0,144,19,0,0,0,0,0,0,0,0,0,0,0,0,0,0,0,0,0,0,0,0,0
358,10700.9,29.9,2,12,-12,155,1,0,141,14,0,0,0,0,0,0,0,0,0,0,0,0,0,0,0,0,0,0,0,0,0
359,10730.8,30.0,2,12,-12,166,1,0,146,20,0,0,0,0,0,0,0,0,0,0,0,0,0,0,0,0,0,0,0,0,0
360,10760.8,29.9,2,12,-12,154,1,0,138,16,0,0,0,0,0,0,0,0,0,0,0,0,0,0,0,0,0,0,0,0,0
361,10790.6,29.9,2,12,-12,154,1,0,143,11,0,0,0,0,0,0,0,0,0,0,0,0,0,0,0,0,0,0,0,0,0
362,10820.5,29.9,2,12,-12,150,1,0,132,18,0,0,0,0,0,0,0,0,0,0,0,0,0,0,0,0,0,0,0,0,0
363,10850.4,29.9,2,12,-12,151,1,0,142,9,0,0,0,0,0,0,0,0,0,0,0,0,0,0,0,0,0,0,0,0,0
364,10880.4,30.0,2,12,-12,161,1,0,145,16,0,0,0,0,0,0,0,0,0,0,0,0,0,0,0,0,0,0,0,0,0
365,10910.3,30.0,2,12,-12,156,1,0,142,14,0,0,0,0,0,0,0,0,0,0,0,0,0,0,0,0,0,0,0,0,0
366,10940.3,29.9,2,12,-12,157,1,0,141,16,0,0,0,0,0,0,0,0,0,0,0,0,0,0,0,0,0,0,0,0,0
367,10970.1,29.8,2,12,-12,161,1,0,144,17,0,0,0,0,0,0,0,0,0,0,0,0,0,0,0,0,0,0,0,0,0
368,10999.9,29.8,2,12,-12,157,1,0,143,14,0,0,0,0,0,0,0,0,0,0,0,0,0,0,0,0,0,0,0,0,0
369,11029.8,29.9,2,12,-12,159,1,0,145,14,0,0,0,0,0,0,0,0,0,0,0,0,0,0,0,0,0,0,0,0,0
370,11059.8,30.0,2,12,-12,157,1,0,145,12,0,0,0,0,0,0,0,0,0,0,0,0,0,0,0,0,0,0,0,0,0
371,11089.7,29.9,2,12,-12,161,1,0,146,15,0,0,0,0,0,0,0,0,0,0,0,0,0,0,0,0,0,0,0,0,0
372,11119.7,30.0,2,12,-12,155,1,0,143,12,0,0,0,0,0,0,0,0,0,0,0,0,0,0,0,0,0,0,0,0,0
373,11149.6,29.9,2,12,-12,160,1,0,144,16,0,0,0,0,0,0,0,0,0,0,0,0,0,0,0,0,0,0,0,0,0
374,11179.4,29.8,2,12,-12,153,1,0,140,13,0,0,0,0,0,0,0,0,0,0,0,0,0,0,0,0,0,0,0,0,0
375,11209.3,29.9,2,12,-12,160,1,0,146,14,0,0,0,0,0,0,0,0,0,0,0,0,0,0,0,0,0,0,0,0,0
376,11239.3,30.0,2,12,-12,163,1,0,146,17,0,0,0,0,0,0,0,0,0,0,0,0,0,0,0,0,0,0,0,0,0
377,11269.1,29.8,2,12,-12,155,1,0,141,14,0,0,0,0,0,0,0,0,0,0,0,0,0,0,0,0,0,0,0,0,0
378,11299.1,29.9,2,12,-12,159,1,0,143,16,0,0,0,0,0,0,0,0,0,0,0,0,0,0,0,0,0,0,0,0,0
379,11329.0,29.9,2,12,-12,154,1,0,141,13,0,0,0,0,0,0,0,0,0,0,0,0,0,0,0,0,0,0,0,0,0
380,11359.0,30.0,2,12,-12,161,1,0,144,17,0,0,0,0,0,0,0,0,0,0,0,0,0,0,0,0,0,0,0,0,0
381,11388.9,29.9,2,12,-12,160,1,0,148,12,0,0,0,0,0,0,0,0,0,0,0,0,0,0,0,0,0,0,0,0,0
382,11418.9,29.9,2,12,-12,160,1,0,145,15,0,0,0,0,0,0,0,0,0,0,0,0,0,0,0,0,0,0,0,0,0
383,11448.8,30.0,2,12,-12,153,1,0,143,10,0,0,0,0,0,0,0,0,0,0,0,0,0,0,0,0,0,0,0,0,0
384,11478.7,29.9,2,12,-12,158,1,0,143,15,0,0,0,0,0,0,0,0,0,0,0,0,0,0,0,0,0,0,0,0,0
385,11508.5,29.8,2,12,-12,153,1,0,142,11,0,0,0,0,0,0,0,0,0,0,0,0,0,0,0,0,0,0,0,0,0
386,11538.4,29.9,2,12,-12,156,1,0,145,11,0,0,0,0,0,0,0,0,0,0,0,0,0,0,0,0,0,0,0,0,0
387,11568.3,29.8,2,12,-12,154,1,0,141,13,0,0,0,0,0,0,0,0,0,0,0,0,0,0,0,0,0,0,0,0,0
388,11598.2,29.9,2,12,-12,157,1,0,143,14,0,0,0,0,0,0,0,0,0,0,0,0,0,0,0,0,0,0,0,0,0
389,11628.1,30.0,2,12,-12,153,1,0,143,10,0,0,0,0,0,0,0,0,0,0,0,0,0,0,0,0,0,0,0,0,0
390,11658.0,29.8,2,12,-12,152,1,0,143,9,0,0,0,0,0,0,0,0,0,0,0,0,0,0,0,0,0,0,0,0,0
391,11687.9,29.9,2,12,-12,153,1,0,141,12,0,0,0,0,0,0,0,0,0,0,0,0,0,0,0,0,0,0,0,0,0
392,11717.8,29.9,2,12,-12,162,1,0,148,14,0,0,0,0,0,0,0,0,0,0,0,0,0,0,0,0,0,0,0,0,0
393,11747.6,29.8,2,12,-12,168,1,0,145,23,0,0,0,0,0,0,0,0,0,0,0,0,0,0,0,0,0,0,0,0,0
394,11777.5,29.9,2,12,-12,154,1,0,139,15,0,0,0,0,0,0,0,0,0,0,0,0,0,0,0,0,0,0,0,0,0
395,11807.4,29.8,2,12,-12,158,1,0,145,13,0,0,0,0,0,0,0,0,0,0,0,0,0,0,0,0,0,0,0,0,0
396,11837.2,29.9,2,12,-12,156,1,0,142,14,0,0,0,0,0,0,0,0,0,0,0,0,0,0,0,0,0,0,0,0,0
397,11867.1,29.9,2,12,-12,157,1,0,140,17,0,0,0,0,0,0,0,0,0,0,0,0,0,0,0,0,0,0,0,0,0
398,11897.0,29.9,2,12,-12,164,1,0,144,20,0,0,0,0,0,0,0,0,0,0,0,0,0,0,0,0,0,0,0,0,0
399,11926.9,29.9,2,12,-12,156,1,0,142,14,0,0,0,0,0,0,0,0,0,0,0,0,0,0,0,0,0,0,0,0,0
400,11956.8,29.9,2,12,-12,156,1,0,142,14,0,0,0,0,0,0,0,0,0,0,0,0,0,0,0,0,0,0,0,0,0
401,11986.7,29.9,2,12,-12,150,1,0,139,11,0,0,0,0,0,0,0,0,0,0,0,0,0,0,0,0,0,0,0,0,0
402,12016.7,30.0,2,12,-12,160,1,0,145,15,0,0,0,0,0,0,0,0,0,0,0,0,0,0,0,0,0,0,0,0,0
403,12046.6,30.0,2,12,-12,159,1,0,144,15,0,0,0,0,0,0,0,0,0,0,0,0,0,0,0,0,0,0,0,0,0
404,12076.5,29.9,2,12,-12,159,1,0,142,17,0,0,0,0,0,0,0,0,0,0,0,0,0,0,0,0,0,0,0,0,0
405,12106.3,29.8,2,12,-12,151,1,0,141,10,0,0,0,0,0,0,0,0,0,0,0,0,0,0,0,0,0,0,0,0,0
406,12136.3,30.0,2,12,-12,160,1,0,144,16,0,0,0,0,0,0,0,0,0,0,0,0,0,0,0,0,0,0,0,0,0
407,12166.2,29.8,2,12,-12,157,1,0,143,14,0,0,0,0,0,0,0,0,0,0,0,0,0,0,0,0,0,0,0,0,0
408,12196.1,29.9,2,12,-12,150,1,0,144,6,0,0,0,0,0,0,0,0,0,0,0,0,0,0,0,0,0,0,0,0,0
409,12226.0,29.9,2,12,-12,152,1,0,141,11,0,0,0,0,0,0,0,0,0,0,0,0,0,0,0,0,0,0,0,0,0
410,12256.0,30.0,2,12,-12,163,1,0,148,15,0,0,0,0,0,0,0,0,0,0,0,0,0,0,0,0,0,0,0,0,0
411,12285.9,30.0,2,12,-12,157,1,0,143,14,0,0,0,0,0,0,0,0,0,0,0,0,0,0,0,0,0,0,0,0,0
412,12315.8,29.9,2,12,-12,152,1,0,141,11,0,0,0,0,0,0,0,0,0,0,0,0,0,0,0,0,0,0,0,0,0
413,12345.6,29.8,2,12,-12,162,1,0,148,14,0,0,0,0,0,0,0,0,0,0,0,0,0,0,0,0,0,0,0,0,0
414,12375.6,30.0,2,12,-12,156,1,0,142,14,0,0,0,0,0,0,0,0,0,0,0,0,0,0,0,0,0,0,0,0,0
415,12405.5,29.9,2,12,-12,157,1,0,143,14,0,0,0,0,0,0,0,0,0,0,0,0,0,0,0,0,0,0,0,0,0
416,12435.4,29.9,2,12,-12,155,1,0,145,10,0,0,0,0,0,0,0,0,0,0,0,0,0,0,0,0,0,0,0,0,0
417,12465.4,30.0,2,12,-12,160,1,0,141,19,0,0,0,0,0,0,0,0,0,0,0,0,0,0,0,0,0,0,0,0,0
418,12495.4,30.0,2,12,-12,157,1,0,139,18,0,0,0,0,0,0,0,0,0,0,0,0,0,0,0,0,0,0,0,0,0
419,12525.2,29.8,2,12,-12,155,1,0,141,14,0,0,0,0,0,0,0,0,0,0,0,0,0,0,0,0,0,0,0,0,0
420,12555.1,30.0,2,12,-12,162,1,0,147,15,0,0,0,0,0,0,0,0,0,0,0,0,0,0,0,0,0,0,0,0,0
421,12585.0,29.8,2,12,-12,165,1,0,145,20,0,0,0,0,0,0,0,0,0,0,0,0,0,0,0,0,0,0,0,0,0
422,12614.8,29.9,2,12,-12,154,1,0,144,10,0,0,0,0,0,0,0,0,0,0,0,0,0,0,0,0,0,0,0,0,0
423,12644.8,29.9,2,12,-12,157,1,0,141,16,0,0,0,0,0,0,0,0,0,0,0,0,0,0,0,0,0,0,0,0,0
424,12674.6,29.8,2,12,-12,151,1,0,141,10,0,0,0,0,0,0,0,0,0,0,0,0,0,0,0,0,0,0,0,0,0
425,12704.5,29.9,2,12,-12,161,1,0,147,14,0,0,0,0,0,0,0,0,0,0,0,0,0,0,0,0,0,0,0,0,0
426,12734.4,29.8,2,12,-12,158,1,0,146,12,0,0,0,0,0,0,0,0,0,0,0,0,0,0,0,0,0,0,0,0,0
427,12764.2,29.8,2,12,-12,156,1,0,145,11,0,0,0,0,0,0,0,0,0,0,0,0,0,0,0,0,0,0,0,0,0
428,12794.0,29.8,2,12,-12,159,1,0,145,14,0,0,0,0,0,0,0,0,0,0,0,0,0,0,0,0,0,0,0,0,0
429,12823.8,29.8,2,12,-12,163,1,0,149,14,0,0,0,0,0,0,0,0,0,0,0,0,0,0,0,0,0,0,0,0,0
430,12853.8,30.0,2,12,-12,153,1,0,141,12,0,0,0,0,0,0,0,0,0,0,0,0,0,0,0,0,0,0,0,0,0
431,12883.7,29.9,2,12,-12,162,1,0,146,16,0,0,0,0,0,0,0,0,0,0,0,0,0,0,0,0,0,0,0,0,0
432,12913.6,29.9,2,12,-12,154,1,0,143,11,0,0,0,0,0,0,0,0,0,0,0,0,0,0,0,0,0,0,0,0,0
433,12943.5,29.9,2,12,-12,150,1,0,138,12,0,0,0,0,0,0,0,0,0,0,0,0,0,0,0,0,0,0,0,0,0
434,12973.5,29.9,2,12,-12,161,1,0,147,14,0,0,0,0,0,0,0,0,0,0,0,0,0,0,0,0,0,0,0,0,0
435,13003.3,29.8,2,12,-12,157,1,0,147,10,0,0,0,0,0,0,0,0,0,0,0,0,0,0,0,0,0,0,0,0,0
436,13033.1,29.9,2,12,-12,158,1,0,142,16,0,0,0,0,0,0,0,0,0,0,0,0,0,0,0,0,0,0,0,0,0
437,13063.1,29.9,2,12,-12,149,1,0,140,9,0,0,0,0,0,0,0,0,0,0,0,0,0,0,0,0,0,0,0,0,0
438,13093.0,29.9,2,12,-12,158,1,0,143,15,0,0,0,0,0,0,0,0,0,0,0,0,0,0,0,0,0,0,0,0,0
439,13122.9,29.9,2,12,-12,151,1,0,139,12,0,0,0,0,0,0,0,0,0,0,0,0,0,0,0,0,0,0,0,0,0
440,13152.9,30.0,2,12,-12,159,1,0,144,15,0,0,0,0,0,0,0,0,0,0,0,0,0,0,0,0,0,0,0,0,0
441,13182.8,29.9,2,12,-12,155,1,0,145,10,0,0,0,0,0,0,0,0,0,0,0,0,0,0,0,0,0,0,0,0,0
442,13212.8,30.0,2,12,-12,149,1,0,137,12,0,0,0,0,0,0,0,0,0,0,0,0,0,0,0,0,0,0,0,0,0
443,13242.7,29.9,2,12,-12,167,1,0,152,15,0,0,0,0,0,0,0,0,0,0,0,0,0,0,0,0,0,0,0,0,0
444,13272.7,29.9,2,12,-12,161,1,0,145,16,0,0,0,0,0,0,0,0,0,0,0,0,0,0,0,0,0,0,0,0,0
445,13302.5,29.9,2,12,-12,161,1,0,145,16,0,0,0,0,0,0,0,0,0,0,0,0,0,0,0,0,0,0,0,0,0
446,13332.5,29.9,2,12,-12,154,1,0,146,8,0,0,0,0,0,0,0,0,0,0,0,0,0,0,0,0,0,0,0,0,0
447,13362.5,30.0,2,12,-12,154,1,0,140,14,0,0,0,0,0,0,0,0,0,0,0,0,0,0,0,0,0,0,0,0,0
448,13392.4,29.9,2,12,-12,160,1,0,144,16,0,0,0,0,0,0,0,0,0,0,0,0,0,0,0,0,0,0,0,0,0
449,13422.3,30.0,2,12,-12,167,1,0,148,19,0,0,0,0,0,0,0,0,0,0,0,0,0,0,0,0,0,0,0,0,0
450,13452.1,29.8,2,12,-12,162,1,0,147,15,0,0,0,0,0,0,0,0,0,0,0,0,0,0,0,0,0,0,0,0,0
451,13481.9,29.9,2,12,-12,150,1,0,141,9,0,0,0,0,0,0,0,0,0,0,0,0,0,0,0,0,0,0,0,0,0
452,13511.9,30.0,2,12,-12,172,1,0,148,24,0,0,0,0,0,0,0,0,0,0,0,0,0,0,0,0,0,0,0,0,0
453,13541.9,30.0,2,12,-12,159,1,0,142,17,0,0,0,0,0,0,0,0,0,0,0,0,0,0,0,0,0,0,0,0,0
454,13571.9,30.0,2,12,-12,152,1,0,140,12,0,0,0,0,0,0,0,0,0,0,0,0,0,0,0,0,0,0,0,0,0
455,13601.9,30.0,2,12,-12,165,1,0,144,21,0,0,0,0,0,0,0,0,0,0,0,0,0,0,0,0,0,0,0,0,0
456,13631.8,29.9,2,12,-12,153,1,0,141,12,0,0,0,0,0,0,0,0,0,0,0,0,0,0,0,0,0,0,0,0,0
457,13661.6,29.8,2,12,-12,155,1,0,142,13,0,0,0,0,0,0,0,0,0,0,0,0,0,0,0,0,0,0,0,0,0
458,13691.4,29.8,2,12,-12,161,1,0,145,16,0,0,0,0,0,0,0,0,0,0,0,0,0,0,0,0,0,0,0,0,0
459,13721.2,29.8,2,12,-12,151,1,0,138,13,0,0,0,0,0,0,0,0,0,0,0,0,0,0,0,0,0,0,0,0,0
460,13751.1,29.8,2,12,-12,152,1,0,141,11,0,0,0,0,0,0,0,0,0,0,0,0,0,0,0,0,0,0,0,0,0
461,13781.1,30.0,2,12,-12,158,1,0,146,12,0,0,0,0,0,0,0,0,0,0,0,0,0,0,0,0,0,0,0,0,0
462,13810.9,29.9,2,12,-12,157,1,0,142,15,0,0,0,0,0,0,0,0,0,0,0,0,0,0,0,0,0,0,0,0,0
463,13840.8,29.9,2,12,-12,163,1,0,149,14,0,0,0,0,0,0,0,0,0,0,0,0,0,0,0,0,0,0,0,0,0
464,13870.8,30.0,2,12,-12,156,1,0,141,15,0,0,0,0,0,0,0,0,0,0,0,0,0,0,0,0,0,0,0,0,0
465,13900.6,29.8,2,12,-12,155,1,0,141,14,0,0,0,0,0,0,0,0,0,0,0,0,0,0,0,0,0,0,0,0,0
466,13930.5,29.9,2,12,-12,158,1,0,139,19,0,0,0,0,0,0,0,0,0,0,0,0,0,0,0,0,0,0,0,0,0
467,13960.4,29.9,2,12,-12,162,1,0,144,18,0,0,0,0,0,0,0,0,0,0,0,0,0,0,0,0,0,0,0,0,0
468,13990.4,29.9,2,12,-12,164,1,0,147,17,0,0,0,0,0,0,0,0,0,0,0,0,0,0,0,0,0,0,0,0,0
469,14020.3,30.0,2,12,-12,162,1,0,143,19,0,0,0,0,0,0,0,0,0,0,0,0,0,0,0,0,0,0,0,0,0
470,14050.2,29.8,2,12,-12,161,1,0,146,15,0,0,0,0,0,0,0,0,0,0,0,0,0,0,0,0,0,0,0,0,0
471,14080.1,30.0,2,12,-12,162,1,0,148,14,0,0,0,0,0,0,0,0,0,0,0,0,0,0,0,0,0,0,0,0,0
472,14110.1,30.0,2,12,-12,154,1,0,143,11,0,0,0,0,0,0,0,0,0,0,0,0,0,0,0,0,0,0,0,0,0
473,14140.0,29.8,2,12,-12,157,1,0,144,13,0,0,0,0,0,0,0,0,0,0,0,0,0,0,0,0,0,0,0,0,0
474,14169.8,29.8,2,12,-12,155,1,0,141,14,0,0,0,0,0,0,0,0,0,0,0,0,0,0,0,0,0,0,0,0,0
475,14199.7,29.9,2,12,-12,153,1,0,141,12,0,0,0,0,0,0,0,0,0,0,0,0,0,0,0,0,0,0,0,0,0
476,14229.5,29.9,2,12,-12,152,1,0,138,14,0,0,0,0,0,0,0,0,0,0,0,0,0,0,0,0,0,0,0,0,0
477,14259.3,29.8,2,12,-12,149,1,0,138,11,0,0,0,0,0,0,0,0,0,0,0,0,0,0,0,0,0,0,0,0,0
478,14289.1,29.8,2,12,-12,160,1,0,148,12,0,0,0,0,0,0,0,0,0,0,0,0,0,0,0,0,0,0,0,0,0
479,14318.9,29.8,2,12,-12,153,1,0,139,14,0,0,0,0,0,0,0,0,0,0,0,0,0,0,0,0,0,0,0,0,0
480,14348.9,30.0,2,12,-12,163,1,0,147,16,0,0,0,0,0,0,0,0,0,0,0,0,0,0,0,0,0,0,0,0,0
481,14378.7,29.8,2,12,-12,161,1,0,145,16,0,0,0,0,0,0,0,0,0,0,0,0,0,0,0,0,0,0,0,0,0
482,14408.6,30.0,2,12,-12,156,1,0,144,12,0,0,0,0,0,0,0,0,0,0,0,0,0,0,0,0,0,0,0,0,0
483,14438.6,30.0,2,12,-12,152,1,0,143,9,0,0,0,0,0,0,0,0,0,0,0,0,0,0,0,0,0,0,0,0,0
484,14468.6,30.0,2,12,-12,156,1,0,140,16,0,0,0,0,0,0,0,0,0,0,0,0,0,0,0,0,0,0,0,0,0
485,14498.5,30.0,2,12,-12,154,1,0,145,9,0,0,0,0,0,0,0,0,0,0,0,0,0,0,0,0,0,0,0,0,0
486,14528.5,29.9,2,12,-12,152,1,0,143,9,0,0,0,0,0,0,0,0,0,0,0,0,0,0,0,0,0,0,0,0,0
487,14558.3,29.8,2,12,-12,156,1,0,143,13,0,0,0,0,0,0,0,0,0,0,0,0,0,0,0,0,0,0,0,0,0
488,14588.3,30.0,2,12,-12,160,1,0,147,13,0,0,0,0,0,0,0,0,0,0,0,0,0,0,0,0,0,0,0,0,0
489,14618.1,29.9,2,12,-12,156,1,0,141,15,0,0,0,0,0,0,0,0,0,0,0,0,0,0,0,0,0,0,0,0,0
490,14648.1,29.9,2,12,-12,151,1,0,144,7,0,0,0,0,0,0,0,0,0,0,0,0,0,0,0,0,0,0,0,0,0
491,14678.0,29.9,2,12,-12,150,1,0,142,8,0,0,0,0,0,0,0,0,0,0,0,0,0,0,0,0,0,0,0,0,0
492,14707.8,29.8,2,12,-12,166,1,0,147,19,0,0,0,0,0,0,0,0,0,0,0,0,0,0,0,0,0,0,0,0,0
493,14737.6,29.8,2,12,-12,156,1,0,143,13,0,0,0,0,0,0,0,0,0,0,0,0,0,0,0,0,0,0,0,0,0
494,14767.4,29.8,2,12,-12,147,1,0,140,7,0,0,0,0,0,0,0,0,0,0,0,0,0,0,0,0,0,0,0,0,0
495,14797.3,29.9,2,12,-12,158,1,0,145,13,0,0,0,0,0,0,0,0,0,0,0,0,0,0,0,0,0,0,0,0,0
496,14827.2,30.0,2,12,-12,154,1,0,143,11,0,0,0,0,0,0,0,0,0,0,0,0,0,0,0,0,0,0,0,0,0
497,14857.1,29.9,2,12,-12,171,1,0,145,26,0,0,0,0,0,0,0,0,0,0,0,0,0,0,0,0,0,0,0,0,0
498,14887.0,29.8,2,12,-12,153,1,0,141,12,0,0,0,0,0,0,0,0,0,0,0,0,0,0,0,0,0,0,0,0,0
499,14916.9,30.0,2,12,-12,158,1,0,141,17,0,0,0,0,0,0,0,0,0,0,0,0,0,0,0,0,0,0,0,0,0
500,14946.9,29.9,2,12,-12,161,1,0,144,17,0,0,0,0,0,0,0,0,0,0,0,0,0,0,0,0,0,0,0,0,0
501,14976.6,29.8,2,12,-12,158,1,0,141,17,0,0,0,0,0,0,0,0,0,0,0,0,0,0,0,0,0,0,0,0,0
502,15006.5,29.9,2,12,-12,162,1,0,143,19,0,0,0,0,0,0,0,0,0,0,0,0,0,0,0,0,0,0,0,0,0
503,15036.5,30.0,2,12,-12,151,1,0,144,7,0,0,0,0,0,0,0,0,0,0,0,0,0,0,0,0,0,0,0,0,0
504,15066.4,29.9,2,12,-12,156,1,0,145,11,0,0,0,0,0,0,0,0,0,0,0,0,0,0,0,0,0,0,0,0,0
505,15096.3,29.9,2,12,-12,151,1,0,140,11,0,0,0,0,0,0,0,0,0,0,0,0,0,0,0,0,0,0,0,0,0
506,15126.2,29.9,2,12,-12,159,1,0,151,8,0,0,0,0,0,0,0,0,0,0,0,0,0,0,0,0,0,0,0,0,0
507,15156.0,29.8,2,12,-12,158,1,0,142,16,0,0,0,0,0,0,0,0,0,0,0,0,0,0,0,0,0,0,0,0,0
508,15185.9,29.9,2,12,-12,146,1,0,140,6,0,0,0,0,0,0,0,0,0,0,0,0,0,0,0,0,0,0,0,0,0
509,15215.9,29.9,2,12,-12,156,1,0,144,12,0,0,0,0,0,0,0,0,0,0,0,0,0,0,0,0,0,0,0,0,0
510,15245.8,29.9,2,12,-12,161,1,0,144,17,0,0,0,0,0,0,0,0,0,0,0,0,0,0,0,0,0,0,0,0,0
511,15275.7,30.0,2,12,-12,152,1,0,140,12,0,0,0,0,0,0,0,0,0,0,0,0,0,0,0,0,0,0,0,0,0
512,15305.6,29.9,2,12,-12,158,1,0,142,16,0,0,0,0,0,0,0,0,0,0,0,0,0,0,0,0,0,0,0,0,0
513,15335.5,29.8,2,12,-12,157,1,0,145,12,0,0,0,0,0,0,0,0,0,0,0,0,0,0,0,0,0,0,0,0,0
514,15365.4,29.9,2,12,-12,164,1,0,143,21,0,0,0,0,0,0,0,0,0,0,0,0,0,0,0,0,0,0,0,0,0
515,15395.3,29.9,2,12,-12,157,1,0,145,12,0,0,0,0,0,0,0,0,0,0,0,0,0,0,0,0,0,0,0,0,0
516,15425.2,30.0,2,12,-12,165,1,0,143,22,0,0,0,0,0,0,0,0,0,0,0,0,0,0,0,0,0,0,0,0,0
517,15455.1,29.9,2,12,-12,159,1,0,146,13,0,0,0,0,0,0,0,0,0,0,0,0,0,0,0,0,0,0,0,0,0
518,15485.1,30.0,2,12,-12,165,1,0,147,18,0,0,0,0,0,0,0,0,0,0,0,0,0,0,0,0,0,0,0,0,0
519,15515.0,29.9,2,12,-12,166,1,0,144,22,0,0,0,0,0,0,0,0,0,0,0,0,0,0,0,0,0,0,0,0,0
520,15544.8,29.8,2,12,-12,153,1,0,140,13,0,0,0,0,0,0,0,0,0,0,0,0,0,0,0,0,0,0,0,0,0
521,15574.8,30.0,2,12,-12,159,1,0,143,16,0,0,0,0,0,0,0,0,0,0,0,0,0,0,0,0,0,0,0,0,0
522,15604.8,30.0,2,12,-12,154,1,0,143,11,0,0,0,0,0,0,0,0,0,0,0,0,0,0,0,0,0,0,0,0,0
523,15634.7,29.9,2,12,-12,150,1,0,141,9,0,0,0,0,0,0,0,0,0,0,0,0,0,0,0,0,0,0,0,0,0
524,15664.5,29.8,2,12,-12,155,1,0,146,9,0,0,0,0,0,0,0,0,0,0,0,0,0,0,0,0,0,0,0,0,0
525,15694.5,30.0,2,12,-12,169,1,0,150,19,0,0,0,0,0,0,0,0,0,0,0,0,0,0,0,0,0,0,0,0,0
526,15724.3,29.9,2,12,-12,160,1,0,144,16,0,0,0,0,0,0,0,0,0,0,0,0,0,0,0,0,0,0,0,0,0
527,15754.1,29.8,2,12,-12,159,1,0,140,19,0,0,0,0,0,0,0,0,0,0,0,0,0,0,0,0,0,0,0,0,0
528,15784.1,30.0,2,12,-12,158,1,0,145,13,0,0,0,0,0,0,0,0,0,0,0,0,0,0,0,0,0,0,0,0,0
529,15814.0,29.9,2,12,-12,155,1,0,141,14,0,0,0,0,0,0,0,0,0,0,0,0,0,0,0,0,0,0,0,0,0
530,15843.9,29.9,2,12,-12,164,1,0,147,17,0,0,0,0,0,0,0,0,0,0,0,0,0,0,0,0,0,0,0,0,0
531,15873.8,29.9,2,12,-12,153,1,0,143,10,0,0,0,0,0,0,0,0,0,0,0,0,0,0,0,0,0,0,0,0,0
532,15903.8,30.0,2,12,-12,157,1,0,143,14,0,0,0,0,0,0,0,0,0,0,0,0,0,0,0,0,0,0,0,0,0
533,15933.7,30.0,2,12,-12,157,1,0,144,13,0,0,0,0,0,0,0,0,0,0,0,0,0,0,0,0,0,0,0,0,0
534,15963.4,29.7,2,12,-12,154,1,0,144,10,0,0,0,0,0,0,0,0,0,0,0,0,0,0,0,0,0,0,0,0,0
535,15993.4,30.0,2,12,-12,159,1,0,143,16,0,0,0,0,0,0,0,0,0,0,0,0,0,0,0,0,0,0,0,0,0
536,16023.3,29.8,2,12,-12,165,1,0,145,20,0,0,0,0,0,0,0,0,0,0,0,0,0,0,0,0,0,0,0,0,0
537,16053.1,29.8,2,12,-12,154,1,0,138,16,0,0,0,0,0,0,0,0,0,0,0,0,0,0,0,0,0,0,0,0,0
538,16083.0,29.9,2,12,-12,164,1,0,151,13,0,0,0,0,0,0,0,0,0,0,0,0,0,0,0,0,0,0,0,0,0
539,16112.8,29.8,2,12,-12,157,1,0,144,13,0,0,0,0,0,0,0,0,0,0,0,0,0,0,0,0,0,0,0,0,0
540,16142.8,29.9,2,12,-12,154,1,0,139,15,0,0,0,0,0,0,0,0,0,0,0,0,0,0,0,0,0,0,0,0,0
541,16172.7,30.0,2,12,-12,157,1,0,144,13,0,0,0,0,0,0,0,0,0,0,0,0,0,0,0,0,0,0,0,0,0
542,16202.6,29.9,2,12,-12,154,1,0,141,13,0,0,0,0,0,0,0,0,0,0,0,0,0,0,0,0,0,0,0,0,0
543,16232.5,29.9,2,12,-12,155,1,0,141,14,0,0,0,0,0,0,0,0,0,0,0,0,0,0,0,0,0,0,0,0,0
544,16262.3,29.8,2,12,-12,160,1,0,145,15,0,0,0,0,0,0,0,0,0,0,0,0,0,0,0,0,0,0,0,0,0
545,16292.3,30.0,2,12,-12,160,1,0,145,15,0,0,0,0,0,0,0,0,0,0,0,0,0,0,0,0,0,0,0,0,0
546,16322.2,29.9,2,12,-12,159,1,0,143,16,0,0,0,0,0,0,0,0,0,0,0,0,0,0,0,0,0,0,0,0,0
547,16352.1,29.9,2,12,-12,154,1,0,139,15,0,0,0,0,0,0,0,0,0,0,0,0,0,0,0,0,0,0,0,0,0
548,16381.9,29.9,2,12,-12,160,1,0,145,15,0,0,0,0,0,0,0,0,0,0,0,0,0,0,0,0,0,0,0,0,0
549,16411.8,29.9,2,12,-12,156,1,0,142,14,0,0,0,0,0,0,0,0,0,0,0,0,0,0,0,0,0,0,0,0,0
550,16441.6,29.8,2,12,-12,157,1,0,144,13,0,0,0,0,0,0,0,0,0,0,0,0,0,0,0,0,0,0,0,0,0
551,16471.5,29.9,2,12,-12,156,1,0,145,11,0,0,0,0,0,0,0,0,0,0,0,0,0,0,0,0,0,0,0,0,0
552,16501.3,29.9,2,12,-12,150,1,0,135,15,0,0,0,0,0,0,0,0,0,0,0,0,0,0,0,0,0,0,0,0,0
553,16531.2,29.9,2,12,-12,159,1,0,145,14,0,0,0,0,0,0,0,0,0,0,0,0,0,0,0,0,0,0,0,0,0
554,16560.8,29.6,2,12,-12,165,1,0,142,23,0,0,0,0,0,0,0,0,0,0,0,0,0,0,0,0,0,0,0,0,0
555,16590.7,29.9,2,12,-12,158,1,0,144,14,0,0,0,0,0,0,0,0,0,0,0,0,0,0,0,0,0,0,0,0,0
556,16620.6,29.9,2,12,-12,152,1,0,138,14,0,0,0,0,0,0,0,0,0,0,0,0,0,0,0,0,0,0,0,0,0
557,16650.5,29.9,2,12,-12,151,1,0,143,8,0,0,0,0,0,0,0,0,0,0,0,0,0,0,0,0,0,0,0,0,0
558,16680.3,29.8,2,12,-12,160,1,0,147,13,0,0,0,0,0,0,0,0,0,0,0,0,0,0,0,0,0,0,0,0,0
559,16710.2,29.9,2,12,-12,161,1,0,146,15,0,0,0,0,0,0,0,0,0,0,0,0,0,0,0,0,0,0,0,0,0
560,16740.1,29.9,2,12,-12,172,1,0,150,22,0,0,0,0,0,0,0,0,0,0,0,0,0,0,0,0,0,0,0,0,0
561,16770.1,30.0,2,12,-12,156,1,0,145,11,0,0,0,0,0,0,0,0,0,0,0,0,0,0,0,0,0,0,0,0,0
562,16800.1,30.0,2,12,-12,151,1,0,143,8,0,0,0,0,0,0,0,0,0,0,0,0,0,0,0,0,0,0,0,0,0
563,16829.9,29.9,2,12,-12,153,1,0,146,7,0,0,0,0,0,0,0,0,0,0,0,0,0,0,0,0,0,0,0,0,0
564,16859.8,29.9,2,12,-12,162,1,0,140,22,0,0,0,0,0,0,0,0,0,0,0,0,0,0,0,0,0,0,0,0,0
565,16889.8,30.0,2,12,-12,161,1,0,143,18,0,0,0,0,0,0,0,0,0,0,0,0,0,0,0,0,0,0,0,0,0
566,16919.7,29.9,2,12,-12,158,1,0,144,14,0,0,0,0,0,0,0,0,0,0,0,0,0,0,0,0,0,0,0,0,0
567,16949.5,29.8,2,12,-12,162,1,0,147,15,0,0,0,0,0,0,0,0,0,0,0,0,0,0,0,0,0,0,0,0,0
568,16979.5,29.9,2,12,-12,159,1,0,146,13,0,0,0,0,0,0,0,0,0,0,0,0,0,0,0,0,0,0,0,0,0
569,17009.5,30.0,2,12,-12,153,1,0,144,9,0,0,0,0,0,0,0,0,0,0,0,0,0,0,0,0,0,0,0,0,0
570,17039.5,30.0,2,12,-12,162,1,0,144,18,0,0,0,0,0,0,0,0,0,0,0,0,0,0,0,0,0,0,0,0,0
571,17069.3,29.9,2,12,-12,162,1,0,146,16,0,0,0,0,0,0,0,0,0,0,0,0,0,0,0,0,0,0,0,0,0
572,17099.3,30.0,2,12,-12,150,1,0,141,9,0,0,0,0,0,0,0,0,0,0,0,0,0,0,0,0,0,0,0,0,0
573,17129.1,29.8,2,12,-12,156,1,0,143,13,0,0,0,0,0,0,0,0,0,0,0,0,0,0,0,0,0,0,0,0,0
574,17159.1,30.0,2,12,-12,160,1,0,146,14,0,0,0,0,0,0,0,0,0,0,0,0,0,0,0,0,0,0,0,0,0
575,17189.0,29.9,2,12,-12,162,1,0,144,18,0,0,0,0,0,0,0,0,0,0,0,0,0,0,0,0,0,0,0,0,0
576,17218.8,29.8,2,12,-12,162,1,0,144,18,0,0,0,0,0,0,0,0,0,0,0,0,0,0,0,0,0,0,0,0,0
577,17248.8,30.0,2,12,-12,164,1,0,144,20,0,0,0,0,0,0,0,0,0,0,0,0,0,0,0,0,0,0,0,0,0
578,17278.5,29.8,2,12,-12,150,1,0,138,12,0,0,0,0,0,0,0,0,0,0,0,0,0,0,0,0,0,0,0,0,0
579,17308.5,30.0,2,12,-12,160,1,0,142,18,0,0,0,0,0,0,0,0,0,0,0,0,0,0,0,0,0,0,0,0,0
580,17338.5,30.0,2,12,-12,155,1,0,143,12,0,0,0,0,0,0,0,0,0,0,0,0,0,0,0,0,0,0,0,0,0
581,17368.5,30.0,2,12,-12,159,1,0,146,13,0,0,0,0,0,0,0,0,0,0,0,0,0,0,0,0,0,0,0,0,0
582,17398.4,29.9,2,12,-12,168,1,0,144,24,0,0,0,0,0,0,0,0,0,0,0,0,0,0,0,0,0,0,0,0,0
583,17428.2,29.9,2,12,-12,157,1,0,142,15,0,0,0,0,0,0,0,0,0,0,0,0,0,0,0,0,0,0,0,0,0
584,17458.2,30.0,2,12,-12,156,1,0,144,12,0,0,0,0,0,0,0,0,0,0,0,0,0,0,0,0,0,0,0,0,0
585,17488.1,29.9,2,12,-12,153,1,0,141,12,0,0,0,0,0,0,0,0,0,0,0,0,0,0,0,0,0,0,0,0,0
586,17518.0,29.9,2,12,-12,162,1,0,144,18,0,0,0,0,0,0,0,0,0,0,0,0,0,0,0,0,0,0,0,0,0
587,17547.7,29.8,2,12,-12,159,1,0,140,19,0,0,0,0,0,0,0,0,0,0,0,0,0,0,0,0,0,0,0,0,0
588,17577.7,30.0,2,12,-12,171,1,0,152,19,0,0,0,0,0,0,0,0,0,0,0,0,0,0,0,0,0,0,0,0,0
589,17607.7,29.9,2,12,-12,156,1,0,139,17,0,0,0,0,0,0,0,0,0,0,0,0,0,0,0,0,0,0,0,0,0
590,17637.6,29.9,2,12,-12,155,1,0,141,14,0,0,0,0,0,0,0,0,0,0,0,0,0,0,0,0,0,0,0,0,0
591,17667.4,29.8,2,12,-12,162,1,0,146,16,0,0,0,0,0,0,0,0,0,0,0,0,0,0,0,0,0,0,0,0,0
592,17697.2,29.8,2,12,-12,156,1,0,139,17,0,0,0,0,0,0,0,0,0,0,0,0,0,0,0,0,0,0,0,0,0
593,17727.1,29.8,2,12,-12,158,1,0,142,16,0,0,0,0,0,0,0,0,0,0,0,0,0,0,0,0,0,0,0,0,0
594,17756.9,29.9,2,12,-12,156,1,0,144,12,0,0,0,0,0,0,0,0,0,0,0,0,0,0,0,0,0,0,0,0,0
595,17786.9,29.9,2,12,-12,162,1,0,145,17,0,0,0,0,0,0,0,0,0,0,0,0,0,0,0,0,0,0,0,0,0
596,17816.8,29.9,2,12,-12,162,1,0,145,17,0,0,0,0,0,0,0,0,0,0,0,0,0,0,0,0,0,0,0,0,0
597,17846.8,30.0,2,12,-12,154,1,0,141,13,0,0,0,0,0,0,0,0,0,0,0,0,0,0,0,0,0,0,0,0,0
598,17876.8,30.0,2,12,-12,157,1,0,142,15,0,0,0,0,0,0,0,0,0,0,0,0,0,0,0,0,0,0,0,0,0
599,17906.7,29.9,2,12,-12,162,1,0,140,22,0,0,0,0,0,0,0,0,0,0,0,0,0,0,0,0,0,0,0,0,0
600,17936.4,29.8,2,12,-12,156,1,0,143,13,0,0,0,0,0,0,0,0,0,0,0,0,0,0,0,0,0,0,0,0,0
601,17966.4,29.9,2,12,-12,142,1,0,137,5,0,0,0,0,0,0,0,0,0,0,0,0,0,0,0,0,0,0,0,0,0
602,17996.3,30.0,2,12,-12,165,1,0,149,16,0,0,0,0,0,0,0,0,0,0,0,0,0,0,0,0,0,0,0,0,0
603,18026.2,29.9,2,12,-12,152,1,0,141,11,0,0,0,0,0,0,0,0,0,0,0,0,0,0,0,0,0,0,0,0,0
604,18056.2,29.9,2,12,-12,155,1,0,139,16,0,0,0,0,0,0,0,0,0,0,0,0,0,0,0,0,0,0,0,0,0
605,18086.2,30.0,2,12,-12,167,1,0,150,17,0,0,0,0,0,0,0,0,0,0,0,0,0,0,0,0,0,0,0,0,0
606,18116.1,30.0,2,12,-12,162,1,0,146,16,0,0,0,0,0,0,0,0,0,0,0,0,0,0,0,0,0,0,0,0,0
607,18145.9,29.8,2,12,-12,160,1,0,144,16,0,0,0,0,0,0,0,0,0,0,0,0,0,0,0,0,0,0,0,0,0
608,18175.8,29.9,2,12,-12,155,1,0,144,11,0,0,0,0,0,0,0,0,0,0,0,0,0,0,0,0,0,0,0,0,0
609,18205.7,29.9,2,12,-12,158,1,0,147,11,0,0,0,0,0,0,0,0,0,0,0,0,0,0,0,0,0,0,0,0,0
610,18235.6,29.9,2,12,-12,156,1,0,140,16,0,0,0,0,0,0,0,0,0,0,0,0,0,0,0,0,0,0,0,0,0
611,18265.5,29.9,2,12,-12,155,1,0,143,12,0,0,0,0,0,0,0,0,0,0,0,0,0,0,0,0,0,0,0,0,0
612,18295.4,29.9,2,12,-12,158,1,0,145,13,0,0,0,0,0,0,0,0,0,0,0,0,0,0,0,0,0,0,0,0,0
613,18325.3,29.8,2,12,-12,150,1,0,142,8,0,0,0,0,0,0,0,0,0,0,0,0,0,0,0,0,0,0,0,0,0
614,18355.2,30.0,2,12,-12,156,1,0,143,13,0,0,0,0,0,0,0,0,0,0,0,0,0,0,0,0,0,0,0,0,0
615,18385.0,29.7,2,12,-12,152,1,0,142,10,0,0,0,0,0,0,0,0,0,0,0,0,0,0,0,0,0,0,0,0,0
616,18414.8,29.8,2,12,-12,155,1,0,142,13,0,0,0,0,0,0,0,0,0,0,0,0,0,0,0,0,0,0,0,0,0
617,18444.6,29.8,2,12,-12,160,1,0,143,17,0,0,0,0,0,0,0,0,0,0,0,0,0,0,0,0,0,0,0,0,0
618,18474.5,30.0,2,12,-12,156,1,0,146,10,0,0,0,0,0,0,0,0,0,0,0,0,0,0,0,0,0,0,0,0,0
619,18504.5,30.0,2,12,-12,163,1,0,145,18,0,0,0,0,0,0,0,0,0,0,0,0,0,0,0,0,0,0,0,0,0
620,18534.4,29.8,2,12,-12,162,1,0,149,13,0,0,0,0,0,0,0,0,0,0,0,0,0,0,0,0,0,0,0,0,0
621,18564.2,29.8,2,12,-12,159,1,0,144,15,0,0,0,0,0,0,0,0,0,0,0,0,0,0,0,0,0,0,0,0,0
622,18594.0,29.8,2,12,-12,157,1,0,142,15,0,0,0,0,0,0,0,0,0,0,0,0,0,0,0,0,0,0,0,0,0
623,18623.8,29.8,2,12,-12,157,1,0,142,15,0,0,0,0,0,0,0,0,0,0,0,0,0,0,0,0,0,0,0,0,0
624,18653.7,29.9,2,12,-12,153,1,0,141,12,0,0,0,0,0,0,0,0,0,0,0,0,0,0,0,0,0,0,0,0,0
625,18683.4,29.7,2,12,-12,157,1,0,145,12,0,0,0,0,0,0,0,0,0,0,0,0,0,0,0,0,0,0,0,0,0
626,18713.3,29.9,2,12,-12,166,1,0,149,17,0,0,0,0,0,0,0,0,0,0,0,0,0,0,0,0,0,0,0,0,0
627,18743.3,29.9,2,12,-12,162,1,0,146,16,0,0,0,0,0,0,0,0,0,0,0,0,0,0,0,0,0,0,0,0,0
628,18773.3,30.0,2,12,-12,161,1,0,146,15,0,0,0,0,0,0,0,0,0,0,0,0,0,0,0,0,0,0,0,0,0
629,18803.2,30.0,2,12,-12,157,1,0,145,12,0,0,0,0,0,0,0,0,0,0,0,0,0,0,0,0,0,0,0,0,0
630,18833.2,29.9,2,12,-12,154,1,0,140,14,0,0,0,0,0,0,0,0,0,0,0,0,0,0,0,0,0,0,0,0,0
631,18863.1,29.9,2,12,-12,163,1,0,146,17,0,0,0,0,0,0,0,0,0,0,0,0,0,0,0,0,0,0,0,0,0
632,18892.9,29.8,2,12,-12,157,1,0,141,16,0,0,0,0,0,0,0,0,0,0,0,0,0,0,0,0,0,0,0,0,0
633,18922.7,29.8,2,12,-12,161,1,0,142,19,0,0,0,0,0,0,0,0,0,0,0,0,0,0,0,0,0,0,0,0,0
634,18952.6,29.9,2,12,-12,153,1,0,144,9,0,0,0,0,0,0,0,0,0,0,0,0,0,0,0,0,0,0,0,0,0
635,18982.6,30.0,2,12,-12,158,1,0,141,17,0,0,0,0,0,0,0,0,0,0,0,0,0,0,0,0,0,0,0,0,0
636,19012.5,30.0,2,12,-12,161,1,0,149,12,0,0,0,0,0,0,0,0,0,0,0,0,0,0,0,0,0,0,0,0,0
637,19042.5,30.0,2,12,-12,156,1,0,145,11,0,0,0,0,0,0,0,0,0,0,0,0,0,0,0,0,0,0,0,0,0
638,19072.2,29.8,2,12,-12,168,1,0,146,22,0,0,0,0,0,0,0,0,0,0,0,0,0,0,0,0,0,0,0,0,0
639,19102.0,29.7,2,12,-12,158,1,0,143,15,0,0,0,0,0,0,0,0,0,0,0,0,0,0,0,0,0,0,0,0,0
640,19131.9,30.0,2,12,-12,159,1,0,143,16,0,0,0,0,0,0,0,0,0,0,0,0,0,0,0,0,0,0,0,0,0
641,19161.9,30.0,2,12,-12,164,1,0,149,15,0,0,0,0,0,0,0,0,0,0,0,0,0,0,0,0,0,0,0,0,0
642,19191.9,30.0,2,12,-12,152,1,0,140,12,0,0,0,0,0,0,0,0,0,0,0,0,0,0,0,0,0,0,0,0,0
643,19221.9,30.0,2,12,-12,165,1,0,147,18,0,0,0,0,0,0,0,0,0,0,0,0,0,0,0,0,0,0,0,0,0
644,19251.7,29.9,2,12,-12,163,1,0,145,18,0,0,0,0,0,0,0,0,0,0,0,0,0,0,0,0,0,0,0,0,0
645,19281.7,29.9,2,12,-12,158,1,0,140,18,0,0,0,0,0,0,0,0,0,0,0,0,0,0,0,0,0,0,0,0,0
646,19311.5,29.8,2,12,-12,152,1,0,140,12,0,0,0,0,0,0,0,0,0,0,0,0,0,0,0,0,0,0,0,0,0
647,19341.2,29.8,2,12,-12,154,1,0,144,10,0,0,0,0,0,0,0,0,0,0,0,0,0,0,0,0,0,0,0,0,0
648,19371.2,30.0,2,12,-12,151,1,0,141,10,0,0,0,0,0,0,0,0,0,0,0,0,0,0,0,0,0,0,0,0,0
649,19401.1,29.9,2,12,-12,152,1,0,145,7,0,0,0,0,0,0,0,0,0,0,0,0,0,0,0,0,0,0,0,0,0
650,19430.9,29.8,2,12,-12,162,1,0,146,16,0,0,0,0,0,0,0,0,0,0,0,0,0,0,0,0,0,0,0,0,0
651,19460.9,30.0,2,12,-12,159,1,0,142,17,0,0,0,0,0,0,0,0,0,0,0,0,0,0,0,0,0,0,0,0,0
652,19490.8,29.9,2,12,-12,155,1,0,144,11,0,0,0,0,0,0,0,0,0,0,0,0,0,0,0,0,0,0,0,0,0
653,19520.6,29.8,2,12,-12,164,1,0,144,20,0,0,0,0,0,0,0,0,0,0,0,0,0,0,0,0,0,0,0,0,0
654,19550.5,29.9,2,12,-12,164,1,0,142,22,0,0,0,0,0,0,0,0,0,0,0,0,0,0,0,0,0,0,0,0,0
655,19580.3,29.8,2,12,-12,160,1,0,146,14,0,0,0,0,0,0,0,0,0,0,0,0,0,0,0,0,0,0,0,0,0
656,19610.2,29.9,2,12,-12,155,1,0,141,14,0,0,0,0,0,0,0,0,0,0,0,0,0,0,0,0,0,0,0,0,0
657,19640.1,29.9,2,12,-12,150,1,0,137,13,0,0,0,0,0,0,0,0,0,0,0,0,0,0,0,0,0,0,0,0,0
658,19670.0,29.9,2,12,-12,152,1,0,138,14,0,0,0,0,0,0,0,0,0,0,0,0,0,0,0,0,0,0,0,0,0
659,19699.9,29.9,2,12,-12,155,1,0,141,14,0,0,0,0,0,0,0,0,0,0,0,0,0,0,0,0,0,0,0,0,0
660,19729.7,29.8,2,12,-12,156,1,0,143,13,0,0,0,0,0,0,0,0,0,0,0,0,0,0,0,0,0,0,0,0,0
661,19759.6,29.9,2,12,-12,156,1,0,145,11,0,0,0,0,0,0,0,0,0,0,0,0,0,0,0,0,0,0,0,0,0
662,19789.3,29.7,2,12,-12,161,1,0,142,19,0,0,0,0,0,0,0,0,0,0,0,0,0,0,0,0,0,0,0,0,0
663,19819.2,29.9,2,12,-12,155,1,0,142,13,0,0,0,0,0,0,0,0,0,0,0,0,0,0,0,0,0,0,0,0,0
664,19849.1,29.9,2,12,-12,154,1,0,140,14,0,0,0,0,0,0,0,0,0,0,0,0,0,0,0,0,0,0,0,0,0
665,19878.9,29.8,2,12,-12,158,1,0,144,14,0,0,0,0,0,0,0,0,0,0,0,0,0,0,0,0,0,0,0,0,0
666,19908.8,29.9,2,12,-12,163,1,0,148,15,0,0,0,0,0,0,0,0,0,0,0,0,0,0,0,0,0,0,0,0,0
667,19938.7,29.9,2,12,-12,164,1,0,145,19,0,0,0,0,0,0,0,0,0,0,0,0,0,0,0,0,0,0,0,0,0
668,19968.6,29.9,2,12,-12,159,1,0,142,17,0,0,0,0,0,0,0,0,0,0,0,0,0,0,0,0,0,0,0,0,0
669,19998.5,29.9,2,12,-12,155,1,0,146,9,0,0,0,0,0,0,0,0,0,0,0,0,0,0,0,0,0,0,0,0,0
670,20028.4,29.9,2,12,-12,161,1,0,145,16,0,0,0,0,0,0,0,0,0,0,0,0,0,0,0,0,0,0,0,0,0
671,20058.3,29.9,2,12,-12,154,1,0,142,12,0,0,0,0,0,0,0,0,0,0,0,0,0,0,0,0,0,0,0,0,0
672,20088.3,30.0,2,12,-12,157,1,0,142,15,0,0,0,0,0,0,0,0,0,0,0,0,0,0,0,0,0,0,0,0,0
673,20118.3,30.0,2,12,-12,151,1,0,139,12,0,0,0,0,0,0,0,0,0,0,0,0,0,0,0,0,0,0,0,0,0
674,20148.2,29.9,2,12,-12,152,1,0,138,14,0,0,0,0,0,0,0,0,0,0,0,0,0,0,0,0,0,0,0,0,0
675,20178.0,29.9,2,12,-12,159,1,0,145,14,0,0,0,0,0,0,0,0,0,0,0,0,0,0,0,0,0,0,0,0,0
676,20207.8,29.8,2,12,-12,158,1,0,140,18,0,0,0,0,0,0,0,0,0,0,0,0,0,0,0,0,0,0,0,0,0
677,20237.7,29.9,2,12,-12,159,1,0,144,15,0,0,0,0,0,0,0,0,0,0,0,0,0,0,0,0,0,0,0,0,0
678,20267.6,29.9,2,12,-12,160,1,0,144,16,0,0,0,0,0,0,0,0,0,0,0,0,0,0,0,0,0,0,0,0,0
679,20297.5,29.9,2,12,-12,160,1,0,143,17,0,0,0,0,0,0,0,0,0,0,0,0,0,0,0,0,0,0,0,0,0
680,20327.5,30.0,2,12,-12,154,1,0,143,11,0,0,0,0,0,0,0,0,0,0,0,0,0,0,0,0,0,0,0,0,0
681,20357.5,30.0,2,12,-12,161,1,0,145,16,0,0,0,0,0,0,0,0,0,0,0,0,0,0,0,0,0,0,0,0,0
682,20387.4,29.9,2,12,-12,155,1,0,141,14,0,0,0,0,0,0,0,0,0,0,0,0,0,0,0,0,0,0,0,0,0
683,20417.3,29.9,2,12,-12,155,1,0,142,13,0,0,0,0,0,0,0,0,0,0,0,0,0,0,0,0,0,0,0,0,0
684,20447.3,30.0,2,12,-12,153,1,0,145,8,0,0,0,0,0,0,0,0,0,0,0,0,0,0,0,0,0,0,0,0,0
685,20477.1,29.8,2,12,-12,163,1,0,142,21,0,0,0,0,0,0,0,0,0,0,0,0,0,0,0,0,0,0,0,0,0
686,20507.1,29.9,2,12,-12,160,1,0,147,13,0,0,0,0,0,0,0,0,0,0,0,0,0,0,0,0,0,0,0,0,0
687,20536.9,29.9,2,12,-12,152,1,0,136,16,0,0,0,0,0,0,0,0,0,0,0,0,0,0,0,0,0,0,0,0,0
688,20566.9,29.9,2,12,-12,154,1,0,143,11,0,0,0,0,0,0,0,0,0,0,0,0,0,0,0,0,0,0,0,0,0
689,20596.8,29.9,2,12,-12,142,1,0,136,6,0,0,0,0,0,0,0,0,0,0,0,0,0,0,0,0,0,0,0,0,0
690,20626.7,30.0,2,12,-12,159,1,0,145,14,0,0,0,0,0,0,0,0,0,0,0,0,0,0,0,0,0,0,0,0,0
691,20656.6,29.9,2,12,-12,159,1,0,142,17,0,0,0,0,0,0,0,0,0,0,0,0,0,0,0,0,0,0,0,0,0
692,20686.6,30.0,2,12,-12,153,1,0,139,14,0,0,0,0,0,0,0,0,0,0,0,0,0,0,0,0,0,0,0,0,0
693,20716.5,29.9,2,12,-12,163,1,0,142,21,0,0,0,0,0,0,0,0,0,0,0,0,0,0,0,0,0,0,0,0,0
694,20746.5,30.0,2,12,-12,162,1,0,147,15,0,0,0,0,0,0,0,0,0,0,0,0,0,0,0,0,0,0,0,0,0
695,20776.3,29.8,2,12,-12,153,1,0,141,12,0,0,0,0,0,0,0,0,0,0,0,0,0,0,0,0,0,0,0,0,0
696,20806.2,29.9,2,12,-12,157,1,0,141,16,0,0,0,0,0,0,0,0,0,0,0,0,0,0,0,0,0,0,0,0,0
697,20836.1,29.9,2,12,-12,160,1,0,144,16,0,0,0,0,0,0,0,0,0,0,0,0,0,0,0,0,0,0,0,0,0
698,20866.0,29.8,2,12,-12,167,1,0,148,19,0,0,0,0,0,0,0,0,0,0,0,0,0,0,0,0,0,0,0,0,0
699,20895.8,29.8,2,12,-12,164,1,0,148,16,0,0,0,0,0,0,0,0,0,0,0,0,0,0,0,0,0,0,0,0,0
700,20925.6,29.8,2,12,-12,161,1,0,145,16,0,0,0,0,0,0,0,0,0,0,0,0,0,0,0,0,0,0,0,0,0
701,20955.6,29.9,2,12,-12,150,1,0,142,8,0,0,0,0,0,0,0,0,0,0,0,0,0,0,0,0,0,0,0,0,0
702,20985.5,29.9,2,12,-12,165,1,0,143,22,0,0,0,0,0,0,0,0,0,0,0,0,0,0,0,0,0,0,0,0,0
703,21015.4,29.9,2,12,-12,159,1,0,146,13,0,0,0,0,0,0,0,0,0,0,0,0,0,0,0,0,0,0,0,0,0
704,21045.1,29.8,2,12,-12,155,1,0,140,15,0,0,0,0,0,0,0,0,0,0,0,0,0,0,0,0,0,0,0,0,0
705,21075.0,29.8,2,12,-12,159,1,0,141,18,0,0,0,0,0,0,0,0,0,0,0,0,0,0,0,0,0,0,0,0,0
706,21104.9,29.9,2,12,-12,149,1,0,139,10,0,0,0,0,0,0,0,0,0,0,0,0,0,0,0,0,0,0,0,0,0
707,21134.8,29.9,2,12,-12,151,1,0,138,13,0,0,0,0,0,0,0,0,0,0,0,0,0,0,0,0,0,0,0,0,0
708,21164.7,29.9,2,12,-12,159,1,0,140,19,0,0,0,0,0,0,0,0,0,0,0,0,0,0,0,0,0,0,0,0,0
709,21194.5,29.8,2,12,-12,158,1,0,139,19,0,0,0,0,0,0,0,0,0,0,0,0,0,0,0,0,0,0,0,0,0
710,21224.4,29.8,2,12,-12,159,1,0,145,14,0,0,0,0,0,0,0,0,0,0,0,0,0,0,0,0,0,0,0,0,0
711,21254.2,29.8,2,12,-12,162,1,0,145,17,0,0,0,0,0,0,0,0,0,0,0,0,0,0,0,0,0,0,0,0,0
712,21283.9,29.7,2,12,-12,158,1,0,145,13,0,0,0,0,0,0,0,0,0,0,0,0,0,0,0,0,0,0,0,0,0
713,21313.7,29.8,2,12,-12,157,1,0,144,13,0,0,0,0,0,0,0,0,0,0,0,0,0,0,0,0,0,0,0,0,0
714,21343.4,29.7,2,12,-12,166,1,0,146,20,0,0,0,0,0,0,0,0,0,0,0,0,0,0,0,0,0,0,0,0,0
715,21373.4,30.0,2,12,-12,155,1,0,144,11,0,0,0,0,0,0,0,0,0,0,0,0,0,0,0,0,0,0,0,0,0
716,21403.2,29.8,2,12,-12,158,1,0,143,15,0,0,0,0,0,0,0,0,0,0,0,0,0,0,0,0,0,0,0,0,0
717,21433.1,29.9,2,12,-12,156,1,0,144,12,0,0,0,0,0,0,0,0,0,0,0,0,0,0,0,0,0,0,0,0,0
718,21463.0,29.9,2,12,-12,160,1,0,142,18,0,0,0,0,0,0,0,0,0,0,0,0,0,0,0,0,0,0,0,0,0
719,21492.9,29.9,2,12,-12,153,1,0,139,14,0,0,0,0,0,0,0,0,0,0,0,0,0,0,0,0,0,0,0,0,0
720,21522.8,29.9,2,12,-12,152,1,0,141,11,0,0,0,0,0,0,0,0,0,0,0,0,0,0,0,0,0,0,0,0,0
721,21552.7,30.0,2,12,-12,163,1,0,145,18,0,0,0,0,0,0,0,0,0,0,0,0,0,0,0,0,0,0,0,0,0
722,21582.6,29.9,2,12,-12,155,1,0,143,12,0,0,0,0,0,0,0,0,0,0,0,0,0,0,0,0,0,0,0,0,0
723,21612.5,29.9,2,12,-12,151,1,0,140,11,0,0,0,0,0,0,0,0,0,0,0,0,0,0,0,0,0,0,0,0,0
724,21642.3,29.8,2,12,-12,152,1,0,142,10,0,0,0,0,0,0,0,0,0,0,0,0,0,0,0,0,0,0,0,0,0
725,21672.2,29.9,2,12,-12,154,1,0,142,12,0,0,0,0,0,0,0,0,0,0,0,0,0,0,0,0,0,0,0,0,0
726,21702.2,29.9,2,12,-12,152,1,0,144,8,0,0,0,0,0,0,0,0,0,0,0,0,0,0,0,0,0,0,0,0,0
727,21732.1,29.9,2,12,-12,159,1,0,143,16,0,0,0,0,0,0,0,0,0,0,0,0,0,0,0,0,0,0,0,0,0
728,21762.0,29.9,2,12,-12,158,1,0,144,14,0,0,0,0,0,0,0,0,0,0,0,0,0,0,0,0,0,0,0,0,0
729,21792.0,30.0,2,12,-12,164,1,0,144,20,0,0,0,0,0,0,0,0,0,0,0,0,0,0,0,0,0,0,0,0,0
730,21822.0,30.0,2,12,-12,156,1,0,145,11,0,0,0,0,0,0,0,0,0,0,0,0,0,0,0,0,0,0,0,0,0
731,21851.9,30.0,2,12,-12,155,1,0,143,12,0,0,0,0,0,0,0,0,0,0,0,0,0,0,0,0,0,0,0,0,0
732,21881.9,30.0,2,12,-12,157,1,0,143,14,0,0,0,0,0,0,0,0,0,0,0,0,0,0,0,0,0,0,0,0,0
733,21911.8,29.9,2,12,-12,161,1,0,142,19,0,0,0,0,0,0,0,0,0,0,0,0,0,0,0,0,0,0,0,0,0
734,21941.4,29.7,2,12,-12,154,1,0,139,15,0,0,0,0,0,0,0,0,0,0,0,0,0,0,0,0,0,0,0,0,0
735,21971.3,29.9,2,12,-12,162,1,0,145,17,0,0,0,0,0,0,0,0,0,0,0,0,0,0,0,0,0,0,0,0,0
736,22001.3,29.9,2,12,-12,150,1,0,135,15,0,0,0,0,0,0,0,0,0,0,0,0,0,0,0,0,0,0,0,0,0
737,22031.1,29.8,2,12,-12,157,1,0,144,13,0,0,0,0,0,0,0,0,0,0,0,0,0,0,0,0,0,0,0,0,0
738,22060.9,29.8,2,12,-12,158,1,0,139,19,0,0,0,0,0,0,0,0,0,0,0,0,0,0,0,0,0,0,0,0,0
739,22090.8,29.9,2,12,-12,154,1,0,140,14,0,0,0,0,0,0,0,0,0,0,0,0,0,0,0,0,0,0,0,0,0
740,22120.6,29.9,2,12,-12,154,1,0,141,13,0,0,0,0,0,0,0,0,0,0,0,0,0,0,0,0,0,0,0,0,0
741,22150.5,29.9,2,12,-12,153,1,0,139,14,0,0,0,0,0,0,0,0,0,0,0,0,0,0,0,0,0,0,0,0,0
742,22180.4,29.9,2,12,-12,154,1,0,140,14,0,0,0,0,0,0,0,0,0,0,0,0,0,0,0,0,0,0,0,0,0
743,22210.3,29.9,2,12,-12,160,1,0,147,13,0,0,0,0,0,0,0,0,0,0,0,0,0,0,0,0,0,0,0,0,0
744,22240.3,30.0,2,12,-12,155,1,0,142,13,0,0,0,0,0,0,0,0,0,0,0,0,0,0,0,0,0,0,0,0,0
745,22270.1,29.8,2,12,-12,158,1,0,144,14,0,0,0,0,0,0,0,0,0,0,0,0,0,0,0,0,0,0,0,0,0
746,22299.9,29.8,2,12,-12,154,1,0,140,14,0,0,0,0,0,0,0,0,0,0,0,0,0,0,0,0,0,0,0,0,0
747,22329.8,29.8,2,12,-12,162,1,0,147,15,0,0,0,0,0,0,0,0,0,0,0,0,0,0,0,0,0,0,0,0,0
748,22359.7,29.9,2,12,-12,155,1,0,142,13,0,0,0,0,0,0,0,0,0,0,0,0,0,0,0,0,0,0,0,0,0
749,22389.5,29.7,2,12,-12,156,1,0,142,14,0,0,0,0,0,0,0,0,0,0,0,0,0,0,0,0,0,0,0,0,0
750,22419.4,30.0,2,12,-12,160,1,0,142,18,0,0,0,0,0,0,0,0,0,0,0,0,0,0,0,0,0,0,0,0,0
751,22449.3,29.9,2,12,-12,161,1,0,145,16,0,0,0,0,0,0,0,0,0,0,0,0,0,0,0,0,0,0,0,0,0
752,22479.3,30.0,2,12,-12,153,1,0,143,10,0,0,0,0,0,0,0,0,0,0,0,0,0,0,0,0,0,0,0,0,0
753,22509.1,29.8,2,12,-12,156,1,0,146,10,0,0,0,0,0,0,0,0,0,0,0,0,0,0,0,0,0,0,0,0,0
754,22539.0,29.9,2,12,-12,155,1,0,144,11,0,0,0,0,0,0,0,0,0,0,0,0,0,0,0,0,0,0,0,0,0
755,22568.9,29.9,2,12,-12,153,1,0,141,12,0,0,0,0,0,0,0,0,0,0,0,0,0,0,0,0,0,0,0,0,0
756,22598.9,29.9,2,12,-12,146,1,0,139,7,0,0,0,0,0,0,0,0,0,0,0,0,0,0,0,0,0,0,0,0,0
757,22628.8,29.9,2,12,-12,152,1,0,142,10,0,0,0,0,0,0,0,0,0,0,0,0,0,0,0,0,0,0,0,0,0
758,22658.6,29.9,2,12,-12,158,1,0,141,17,0,0,0,0,0,0,0,0,0,0,0,0,0,0,0,0,0,0,0,0,0
759,22688.5,29.8,2,12,-12,153,1,0,137,16,0,0,0,0,0,0,0,0,0,0,0,0,0,0,0,0,0,0,0,0,0
760,22718.3,29.8,2,12,-12,162,1,0,144,18,0,0,0,0,0,0,0,0,0,0,0,0,0,0,0,0,0,0,0,0,0
761,22748.2,29.9,2,12,-12,160,1,0,147,13,0,0,0,0,0,0,0,0,0,0,0,0,0,0,0,0,0,0,0,0,0
762,22778.1,29.8,2,12,-12,154,1,0,142,12,0,0,0,0,0,0,0,0,0,0,0,0,0,0,0,0,0,0,0,0,0
763,22808.0,30.0,2,12,-12,159,1,0,144,15,0,0,0,0,0,0,0,0,0,0,0,0,0,0,0,0,0,0,0,0,0
764,22838.0,30.0,2,12,-12,152,1,0,140,12,0,0,0,0,0,0,0,0,0,0,0,0,0,0,0,0,0,0,0,0,0
765,22867.9,29.9,2,12,-12,162,1,0,144,18,0,0,0,0,0,0,0,0,0,0,0,0,0,0,0,0,0,0,0,0,0
766,22897.9,29.9,2,12,-12,152,1,0,138,14,0,0,0,0,0,0,0,0,0,0,0,0,0,0,0,0,0,0,0,0,0
767,22927.7,29.8,2,12,-12,164,1,0,146,18,0,0,0,0,0,0,0,0,0,0,0,0,0,0,0,0,0,0,0,0,0
768,22957.6,29.9,2,12,-12,162,1,0,144,18,0,0,0,0,0,0,0,0,0,0,0,0,0,0,0,0,0,0,0,0,0
769,22987.4,29.8,2,12,-12,156,1,0,142,14,0,0,0,0,0,0,0,0,0,0,0,0,0,0,0,0,0,0,0,0,0
770,23017.2,29.8,2,12,-12,159,1,0,145,14,0,0,0,0,0,0,0,0,0,0,0,0,0,0,0,0,0,0,0,0,0
771,23047.2,29.9,2,12,-12,153,1,0,142,11,0,0,0,0,0,0,0,0,0,0,0,0,0,0,0,0,0,0,0,0,0
772,23077.0,29.8,2,12,-12,157,1,0,144,13,0,0,0,0,0,0,0,0,0,0,0,0,0,0,0,0,0,0,0,0,0
773,23106.9,30.0,2,12,-12,162,1,0,144,18,0,0,0,0,0,0,0,0,0,0,0,0,0,0,0,0,0,0,0,0,0
774,23136.8,29.9,2,12,-12,151,1,0,140,11,0,0,0,0,0,0,0,0,0,0,0,0,0,0,0,0,0,0,0,0,0
775,23166.7,29.9,2,12,-12,159,1,0,144,15,0,0,0,0,0,0,0,0,0,0,0,0,0,0,0,0,0,0,0,0,0
776,23196.7,30.0,2,12,-12,160,1,0,143,17,0,0,0,0,0,0,0,0,0,0,0,0,0,0,0,0,0,0,0,0,0
777,23226.5,29.8,2,12,-12,155,1,0,147,8,0,0,0,0,0,0,0,0,0,0,0,0,0,0,0,0,0,0,0,0,0
778,23256.5,30.0,2,12,-12,159,1,0,144,15,0,0,0,0,0,0,0,0,0,0,0,0,0,0,0,0,0,0,0,0,0
779,23286.4,29.9,2,12,-12,163,1,0,144,19,0,0,0,0,0,0,0,0,0,0,0,0,0,0,0,0,0,0,0,0,0
780,23316.3,29.9,2,12,-12,159,1,0,142,17,0,0,0,0,0,0,0,0,0,0,0,0,0,0,0,0,0,0,0,0,0
781,23346.2,29.9,2,12,-12,160,1,0,143,17,0,0,0,0,0,0,0,0,0,0,0,0,0,0,0,0,0,0,0,0,0
782,23376.1,29.9,2,12,-12,158,1,0,138,20,0,0,0,0,0,0,0,0,0,0,0,0,0,0,0,0,0,0,0,0,0
783,23406.1,30.0,2,12,-12,154,1,0,141,13,0,0,0,0,0,0,0,0,0,0,0,0,0,0,0,0,0,0,0,0,0
784,23435.9,29.8,2,12,-12,156,1,0,143,13,0,0,0,0,0,0,0,0,0,0,0,0,0,0,0,0,0,0,0,0,0
785,23465.7,29.8,2,12,-12,152,1,0,139,13,0,0,0,0,0,0,0,0,0,0,0,0,0,0,0,0,0,0,0,0,0
786,23495.7,30.0,2,12,-12,162,1,0,142,20,0,0,0,0,0,0,0,0,0,0,0,0,0,0,0,0,0,0,0,0,0
787,23525.5,29.9,2,12,-12,159,1,0,143,16,0,0,0,0,0,0,0,0,0,0,0,0,0,0,0,0,0,0,0,0,0
788,23555.3,29.8,2,12,-12,160,1,0,138,22,0,0,0,0,0,0,0,0,0,0,0,0,0,0,0,0,0,0,0,0,0
789,23585.3,29.9,2,12,-12,160,1,0,145,15,0,0,0,0,0,0,0,0,0,0,0,0,0,0,0,0,0,0,0,0,0
790,23615.3,30.0,2,12,-12,164,1,0,148,16,0,0,0,0,0,0,0,0,0,0,0,0,0,0,0,0,0,0,0,0,0
791,23645.2,30.0,2,12,-12,156,1,0,144,12,0,0,0,0,0,0,0,0,0,0,0,0,0,0,0,0,0,0,0,0,0
792,23675.2,29.9,2,12,-12,159,1,0,143,16,0,0,0,0,0,0,0,0,0,0,0,0,0,0,0,0,0,0,0,0,0
793,23704.9,29.7,2,12,-12,155,1,0,142,13,0,0,0,0,0,0,0,0,0,0,0,0,0,0,0,0,0,0,0,0,0
794,23734.9,30.0,2,12,-12,153,1,0,144,9,0,0,0,0,0,0,0,0,0,0,0,0,0,0,0,0,0,0,0,0,0
795,23764.7,29.9,2,12,-12,157,1,0,144,13,0,0,0,0,0,0,0,0,0,0,0,0,0,0,0,0,0,0,0,0,0
796,23794.6,29.8,2,12,-12,163,1,0,144,19,0,0,0,0,0,0,0,0,0,0,0,0,0,0,0,0,0,0,0,0,0
797,23824.5,30.0,2,12,-12,153,1,0,144,9,0,0,0,0,0,0,0,0,0,0,0,0,0,0,0,0,0,0,0,0,0
798,23854.3,29.8,2,12,-12,162,1,0,146,16,0,0,0,0,0,0,0,0,0,0,0,0,0,0,0,0,0,0,0,0,0
799,23884.2,29.9,2,12,-12,159,1,0,143,16,0,0,0,0,0,0,0,0,0,0,0,0,0,0,0,0,0,0,0,0,0
800,23914.1,29.9,2,12,-12,157,1,0,142,15,0,0,0,0,0,0,0,0,0,0,0,0,0,0,0,0,0,0,0,0,0
801,23944.1,29.9,2,12,-12,160,1,0,146,14,0,0,0,0,0,0,0,0,0,0,0,0,0,0,0,0,0,0,0,0,0
802,23974.0,29.9,2,12,-12,149,1,0,142,7,0,0,0,0,0,0,0,0,0,0,0,0,0,0,0,0,0,0,0,0,0
803,24003.9,29.9,2,12,-12,159,1,0,144,15,0,0,0,0,0,0,0,0,0,0,0,0,0,0,0,0,0,0,0,0,0
804,24033.6,29.7,2,12,-12,156,1,0,143,13,0,0,0,0,0,0,0,0,0,0,0,0,0,0,0,0,0,0,0,0,0
805,24063.5,29.9,2,12,-12,163,1,0,142,21,0,0,0,0,0,0,0,0,0,0,0,0,0,0,0,0,0,0,0,0,0
806,24093.4,30.0,2,12,-12,162,1,0,147,15,0,0,0,0,0,0,0,0,0,0,0,0,0,0,0,0,0,0,0,0,0
807,24123.2,29.8,2,12,-12,159,1,0,148,11,0,0,0,0,0,0,0,0,0,0,0,0,0,0,0,0,0,0,0,0,0
808,24153.2,30.0,2,12,-12,163,1,0,147,16,0,0,0,0,0,0,0,0,0,0,0,0,0,0,0,0,0,0,0,0,0
809,24183.1,29.9,2,12,-12,156,1,0,141,15,0,0,0,0,0,0,0,0,0,0,0,0,0,0,0,0,0,0,0,0,0
810,24212.9,29.8,2,12,-12,156,1,0,145,11,0,0,0,0,0,0,0,0,0,0,0,0,0,0,0,0,0,0,0,0,0
811,24242.8,29.9,2,12,-12,162,1,0,145,17,0,0,0,0,0,0,0,0,0,0,0,0,0,0,0,0,0,0,0,0,0
812,24272.7,29.9,2,12,-12,156,1,0,142,14,0,0,0,0,0,0,0,0,0,0,0,0,0,0,0,0,0,0,0,0,0
813,24302.6,29.9,2,12,-12,156,1,0,144,12,0,0,0,0,0,0,0,0,0,0,0,0,0,0,0,0,0,0,0,0,0
814,24332.4,29.8,2,12,-12,158,1,0,139,19,0,0,0,0,0,0,0,0,0,0,0,0,0,0,0,0,0,0,0,0,0
815,24362.3,29.9,2,12,-12,166,1,0,142,24,0,0,0,0,0,0,0,0,0,0,0,0,0,0,0,0,0,0,0,0,0
816,24392.3,30.0,2,12,-12,162,1,0,143,19,0,0,0,0,0,0,0,0,0,0,0,0,0,0,0,0,0,0,0,0,0
817,24422.3,30.0,2,12,-12,156,1,0,145,11,0,0,0,0,0,0,0,0,0,0,0,0,0,0,0,0,0,0,0,0,0
818,24452.1,29.9,2,12,-12,156,1,0,145,11,0,0,0,0,0,0,0,0,0,0,0,0,0,0,0,0,0,0,0,0,0
819,24482.0,29.9,2,12,-12,152,1,0,145,7,0,0,0,0,0,0,0,0,0,0,0,0,0,0,0,0,0,0,0,0,0
820,24512.0,30.0,2,12,-12,158,1,0,146,12,0,0,0,0,0,0,0,0,0,0,0,0,0,0,0,0,0,0,0,0,0
821,24541.8,29.8,2,12,-12,150,1,0,137,13,0,0,0,0,0,0,0,0,0,0,0,0,0,0,0,0,0,0,0,0,0
822,24571.7,29.8,2,12,-12,164,1,0,146,18,0,0,0,0,0,0,0,0,0,0,0,0,0,0,0,0,0,0,0,0,0
823,24601.5,29.9,2,12,-12,151,1,0,143,8,0,0,0,0,0,0,0,0,0,0,0,0,0,0,0,0,0,0,0,0,0
824,24631.4,29.9,2,12,-12,153,1,0,138,15,0,0,0,0,0,0,0,0,0,0,0,0,0,0,0,0,0,0,0,0,0
825,24661.3,29.9,2,12,-12,163,1,0,145,18,0,0,0,0,0,0,0,0,0,0,0,0,0,0,0,0,0,0,0,0,0
826,24691.3,30.0,2,12,-12,162,1,0,144,18,0,0,0,0,0,0,0,0,0,0,0,0,0,0,0,0,0,0,0,0,0
827,24721.2,30.0,2,12,-12,159,1,0,144,15,0,0,0,0,0,0,0,0,0,0,0,0,0,0,0,0,0,0,0,0,0
828,24751.1,29.9,2,12,-12,150,1,0,143,7,0,0,0,0,0,0,0,0,0,0,0,0,0,0,0,0,0,0,0,0,0
829,24780.9,29.8,2,12,-12,148,1,0,138,10,0,0,0,0,0,0,0,0,0,0,0,0,0,0,0,0,0,0,0,0,0
830,24810.9,30.0,2,12,-12,159,1,0,144,15,0,0,0,0,0,0,0,0,0,0,0,0,0,0,0,0,0,0,0,0,0
831,24840.8,29.9,2,12,-12,156,1,0,143,13,0,0,0,0,0,0,0,0,0,0,0,0,0,0,0,0,0,0,0,0,0
832,24870.7,29.9,2,12,-12,157,1,0,141,16,0,0,0,0,0,0,0,0,0,0,0,0,0,0,0,0,0,0,0,0,0
833,24900.7,30.0,2,12,-12,158,1,0,144,14,0,0,0,0,0,0,0,0,0,0,0,0,0,0,0,0,0,0,0,0,0
834,24930.6,29.9,2,12,-12,156,1,0,143,13,0,0,0,0,0,0,0,0,0,0,0,0,0,0,0,0,0,0,0,0,0
835,24960.5,30.0,2,12,-12,155,1,0,141,14,0,0,0,0,0,0,0,0,0,0,0,0,0,0,0,0,0,0,0,0,0
836,24990.5,30.0,2,12,-12,168,1,0,150,18,0,0,0,0,0,0,0,0,0,0,0,0,0,0,0,0,0,0,0,0,0
837,25020.3,29.7,2,12,-12,154,1,0,144,10,0,0,0,0,0,0,0,0,0,0,0,0,0,0,0,0,0,0,0,0,0
838,25050.2,29.9,2,12,-12,160,1,0,144,16,0,0,0,0,0,0,0,0,0,0,0,0,0,0,0,0,0,0,0,0,0
839,25080.0,29.8,2,12,-12,158,1,0,143,15,0,0,0,0,0,0,0,0,0,0,0,0,0,0,0,0,0,0,0,0,0
840,25109.9,29.9,2,12,-12,152,1,0,140,12,0,0,0,0,0,0,0,0,0,0,0,0,0,0,0,0,0,0,0,0,0
841,25139.8,29.9,2,12,-12,154,1,0,143,11,0,0,0,0,0,0,0,0,0,0,0,0,0,0,0,0,0,0,0,0,0
842,25169.6,29.9,2,12,-12,153,1,0,143,10,0,0,0,0,0,0,0,0,0,0,0,0,0,0,0,0,0,0,0,0,0
843,25199.6,30.0,2,12,-12,161,1,0,144,17,0,0,0,0,0,0,0,0,0,0,0,0,0,0,0,0,0,0,0,0,0
844,25229.5,29.9,2,12,-12,153,1,0,140,13,0,0,0,0,0,0,0,0,0,0,0,0,0,0,0,0,0,0,0,0,0
845,25259.4,29.9,2,12,-12,166,1,0,145,21,0,0,0,0,0,0,0,0,0,0,0,0,0,0,0,0,0,0,0,0,0
846,25289.3,29.9,2,12,-12,159,1,0,139,20,0,0,0,0,0,0,0,0,0,0,0,0,0,0,0,0,0,0,0,0,0
847,25319.2,29.9,2,12,-12,158,1,0,144,14,0,0,0,0,0,0,0,0,0,0,0,0,0,0,0,0,0,0,0,0,0
848,25349.0,29.9,2,12,-12,150,1,0,142,8,0,0,0,0,0,0,0,0,0,0,0,0,0,0,0,0,0,0,0,0,0
849,25379.0,29.9,2,12,-12,151,1,0,145,6,0,0,0,0,0,0,0,0,0,0,0,0,0,0,0,0,0,0,0,0,0
850,25408.8,29.9,2,12,-12,158,1,0,142,16,0,0,0,0,0,0,0,0,0,0,0,0,0,0,0,0,0,0,0,0,0
851,25438.7,29.9,2,12,-12,152,1,0,139,13,0,0,0,0,0,0,0,0,0,0,0,0,0,0,0,0,0,0,0,0,0
852,25468.6,29.8,2,12,-12,157,1,0,139,18,0,0,0,0,0,0,0,0,0,0,0,0,0,0,0,0,0,0,0,0,0
853,25498.4,29.9,2,12,-12,160,1,0,149,11,0,0,0,0,0,0,0,0,0,0,0,0,0,0,0,0,0,0,0,0,0
854,25528.4,29.9,2,12,-12,159,1,0,146,13,0,0,0,0,0,0,0,0,0,0,0,0,0,0,0,0,0,0,0,0,0
855,25558.3,29.9,2,12,-12,153,1,0,145,8,0,0,0,0,0,0,0,0,0,0,0,0,0,0,0,0,0,0,0,0,0
856,25588.2,29.9,2,12,-12,156,1,0,141,15,0,0,0,0,0,0,0,0,0,0,0,0,0,0,0,0,0,0,0,0,0
857,25618.1,29.9,2,12,-12,155,1,0,143,12,0,0,0,0,0,0,0,0,0,0,0,0,0,0,0,0,0,0,0,0,0
858,25648.0,29.9,2,12,-12,162,1,0,149,13,0,0,0,0,0,0,0,0,0,0,0,0,0,0,0,0,0,0,0,0,0
859,25677.9,29.9,2,12,-12,160,1,0,145,15,0,0,0,0,0,0,0,0,0,0,0,0,0,0,0,0,0,0,0,0,0
860,25707.7,29.8,2,12,-12,160,1,0,143,17,0,0,0,0,0,0,0,0,0,0,0,0,0,0,0,0,0,0,0,0,0
861,25737.5,29.8,2,12,-12,160,1,0,143,17,0,0,0,0,0,0,0,0,0,0,0,0,0,0,0,0,0,0,0,0,0
862,25767.4,29.9,2,12,-12,163,1,0,144,19,0,0,0,0,0,0,0,0,0,0,0,0,0,0,0,0,0,0,0,0,0
863,25797.3,29.9,2,12,-12,162,1,0,146,16,0,0,0,0,0,0,0,0,0,0,0,0,0,0,0,0,0,0,0,0,0
864,25827.1,29.8,2,12,-12,159,1,0,144,15,0,0,0,0,0,0,0,0,0,0,0,0,0,0,0,0,0,0,0,0,0
865,25857.0,29.9,2,12,-12,154,1,0,143,11,0,0,0,0,0,0,0,0,0,0,0,0,0,0,0,0,0,0,0,0,0
866,25886.8,29.8,2,12,-12,157,1,0,145,12,0,0,0,0,0,0,0,0,0,0,0,0,0,0,0,0,0,0,0,0,0
867,25916.7,29.9,2,12,-12,159,1,0,138,21,0,0,0,0,0,0,0,0,0,0,0,0,0,0,0,0,0,0,0,0,0
868,25946.5,29.8,2,12,-12,153,1,0,139,14,0,0,0,0,0,0,0,0,0,0,0,0,0,0,0,0,0,0,0,0,0
869,25976.5,30.0,2,12,-12,160,1,0,145,15,0,0,0,0,0,0,0,0,0,0,0,0,0,0,0,0,0,0,0,0,0
870,26006.5,30.0,2,12,-12,156,1,0,140,16,0,0,0,0,0,0,0,0,0,0,0,0,0,0,0,0,0,0,0,0,0
871,26036.4,29.9,2,12,-12,163,1,0,147,16,0,0,0,0,0,0,0,0,0,0,0,0,0,0,0,0,0,0,0,0,0
872,26066.2,29.8,2,12,-12,156,1,0,138,18,0,0,0,0,0,0,0,0,0,0,0,0,0,0,0,0,0,0,0,0,0
873,26096.0,29.8,2,12,-12,160,1,0,148,12,0,0,0,0,0,0,0,0,0,0,0,0,0,0,0,0,0,0,0,0,0
874,26125.9,29.8,2,12,-12,158,1,0,147,11,0,0,0,0,0,0,0,0,0,0,0,0,0,0,0,0,0,0,0,0,0
875,26155.7,29.9,2,12,-12,156,1,0,145,11,0,0,0,0,0,0,0,0,0,0,0,0,0,0,0,0,0,0,0,0,0
876,26185.6,29.8,2,12,-12,158,1,0,144,14,0,0,0,0,0,0,0,0,0,0,0,0,0,0,0,0,0,0,0,0,0
877,26215.4,29.9,2,12,-12,163,1,0,145,18,0,0,0,0,0,0,0,0,0,0,0,0,0,0,0,0,0,0,0,0,0
878,26245.3,29.9,2,12,-12,157,1,0,142,15,0,0,0,0,0,0,0,0,0,0,0,0,0,0,0,0,0,0,0,0,0
879,26275.1,29.8,2,12,-12,161,1,0,142,19,0,0,0,0,0,0,0,0,0,0,0,0,0,0,0,0,0,0,0,0,0
880,26305.1,30.0,2,12,-12,148,1,0,140,8,0,0,0,0,0,0,0,0,0,0,0,0,0,0,0,0,0,0,0,0,0
881,26335.0,30.0,2,12,-12,163,1,0,145,18,0,0,0,0,0,0,0,0,0,0,0,0,0,0,0,0,0,0,0,0,0
882,26364.9,29.9,2,12,-12,160,1,0,146,14,0,0,0,0,0,0,0,0,0,0,0,0,0,0,0,0,0,0,0,0,0
883,26394.8,29.9,2,12,-12,164,1,0,144,20,0,0,0,0,0,0,0,0,0,0,0,0,0,0,0,0,0,0,0,0,0
884,26424.6,29.8,2,12,-12,160,1,0,143,17,0,0,0,0,0,0,0,0,0,0,0,0,0,0,0,0,0,0,0,0,0
885,26454.6,30.0,2,12,-12,154,1,0,138,16,0,0,0,0,0,0,0,0,0,0,0,0,0,0,0,0,0,0,0,0,0
886,26484.5,29.9,2,12,-12,160,1,0,141,19,0,0,0,0,0,0,0,0,0,0,0,0,0,0,0,0,0,0,0,0,0
887,26514.3,29.8,2,12,-12,155,1,0,144,11,0,0,0,0,0,0,0,0,0,0,0,0,0,0,0,0,0,0,0,0,0
888,26544.1,29.8,2,12,-12,159,1,0,145,14,0,0,0,0,0,0,0,0,0,0,0,0,0,0,0,0,0,0,0,0,0
889,26574.0,29.9,2,12,-12,158,1,0,145,13,0,0,0,0,0,0,0,0,0,0,0,0,0,0,0,0,0,0,0,0,0
890,26603.8,29.8,2,12,-12,154,1,0,140,14,0,0,0,0,0,0,0,0,0,0,0,0,0,0,0,0,0,0,0,0,0
891,26633.8,30.0,2,12,-12,159,1,0,144,15,0,0,0,0,0,0,0,0,0,0,0,0,0,0,0,0,0,0,0,0,0
892,26663.7,29.9,2,12,-12,150,1,0,137,13,0,0,0,0,0,0,0,0,0,0,0,0,0,0,0,0,0,0,0,0,0
893,26693.6,29.9,2,12,-12,160,1,0,143,17,0,0,0,0,0,0,0,0,0,0,0,0,0,0,0,0,0,0,0,0,0
894,26723.5,29.8,2,12,-12,164,1,0,150,14,0,0,0,0,0,0,0,0,0,0,0,0,0,0,0,0,0,0,0,0,0
895,26753.4,30.0,2,12,-12,152,1,0,143,9,0,0,0,0,0,0,0,0,0,0,0,0,0,0,0,0,0,0,0,0,0
896,26783.4,30.0,2,12,-12,156,1,0,143,13,0,0,0,0,0,0,0,0,0,0,0,0,0,0,0,0,0,0,0,0,0
897,26813.4,30.0,2,12,-12,159,1,0,146,13,0,0,0,0,0,0,0,0,0,0,0,0,0,0,0,0,0,0,0,0,0
898,26843.3,29.9,2,12,-12,163,1,0,145,18,0,0,0,0,0,0,0,0,0,0,0,0,0,0,0,0,0,0,0,0,0
899,26873.0,29.8,2,12,-12,151,1,0,139,12,0,0,0,0,0,0,0,0,0,0,0,0,0,0,0,0,0,0,0,0,0
900,26903.0,29.9,2,12,-12,158,1,0,143,15,0,0,0,0,0,0,0,0,0,0,0,0,0,0,0,0,0,0,0,0,0
901,26932.8,29.8,2,12,-12,152,1,0,141,11,0,0,0,0,0,0,0,0,0,0,0,0,0,0,0,0,0,0,0,0,0
902,26962.7,29.9,2,12,-12,156,1,0,140,16,0,0,0,0,0,0,0,0,0,0,0,0,0,0,0,0,0,0,0,0,0
903,26992.6,30.0,2,12,-12,155,1,0,141,14,0,0,0,0,0,0,0,0,0,0,0,0,0,0,0,0,0,0,0,0,0
904,27022.5,29.9,2,12,-12,154,1,0,145,9,0,0,0,0,0,0,0,0,0,0,0,0,0,0,0,0,0,0,0,0,0
905,27052.5,30.0,2,12,-12,154,1,0,145,9,0,0,0,0,0,0,0,0,0,0,0,0,0,0,0,0,0,0,0,0,0
906,27082.3,29.8,2,12,-12,165,1,0,149,16,0,0,0,0,0,0,0,0,0,0,0,0,0,0,0,0,0,0,0,0,0
907,27112.2,29.9,2,12,-12,159,1,0,143,16,0,0,0,0,0,0,0,0,0,0,0,0,0,0,0,0,0,0,0,0,0
908,27142.0,29.8,2,12,-12,156,1,0,141,15,0,0,0,0,0,0,0,0,0,0,0,0,0,0,0,0,0,0,0,0,0
909,27171.9,29.9,2,12,-12,162,1,0,142,20,0,0,0,0,0,0,0,0,0,0,0,0,0,0,0,0,0,0,0,0,0
910,27201.8,29.8,2,12,-12,167,1,0,147,20,0,0,0,0,0,0,0,0,0,0,0,0,0,0,0,0,0,0,0,0,0
911,27231.7,29.9,2,12,-12,161,1,0,147,14,0,0,0,0,0,0,0,0,0,0,0,0,0,0,0,0,0,0,0,0,0
912,27261.6,29.9,2,12,-12,163,1,0,142,21,0,0,0,0,0,0,0,0,0,0,0,0,0,0,0,0,0,0,0,0,0
913,27291.4,29.8,2,12,-12,165,1,0,145,20,0,0,0,0,0,0,0,0,0,0,0,0,0,0,0,0,0,0,0,0,0
914,27321.3,29.9,2,12,-12,156,1,0,143,13,0,0,0,0,0,0,0,0,0,0,0,0,0,0,0,0,0,0,0,0,0
915,27351.3,30.0,2,12,-12,160,1,0,142,18,0,0,0,0,0,0,0,0,0,0,0,0,0,0,0,0,0,0,0,0,0
916,27381.1,29.8,2,12,-12,153,1,0,138,15,0,0,0,0,0,0,0,0,0,0,0,0,0,0,0,0,0,0,0,0,0
917,27411.0,29.9,2,12,-12,158,1,0,145,13,0,0,0,0,0,0,0,0,0,0,0,0,0,0,0,0,0,0,0,0,0
918,27440.9,29.9,2,12,-12,159,1,0,148,11,0,0,0,0,0,0,0,0,0,0,0,0,0,0,0,0,0,0,0,0,0
919,27470.9,30.0,2,12,-12,154,1,0,142,12,0,0,0,0,0,0,0,0,0,0,0,0,0,0,0,0,0,0,0,0,0
920,27500.7,29.8,2,12,-12,154,1,0,140,14,0,0,0,0,0,0,0,0,0,0,0,0,0,0,0,0,0,0,0,0,0
921,27530.6,29.8,2,12,-12,166,1,0,147,19,0,0,0,0,0,0,0,0,0,0,0,0,0,0,0,0,0,0,0,0,0
922,27560.5,30.0,2,12,-12,162,1,0,144,18,0,0,0,0,0,0,0,0,0,0,0,0,0,0,0,0,0,0,0,0,0
923,27590.3,29.8,2,12,-12,165,1,0,147,18,0,0,0,0,0,0,0,0,0,0,0,0,0,0,0,0,0,0,0,0,0
924,27620.3,30.0,2,12,-12,158,1,0,140,18,0,0,0,0,0,0,0,0,0,0,0,0,0,0,0,0,0,0,0,0,0
925,27650.1,29.8,2,12,-12,156,1,0,146,10,0,0,0,0,0,0,0,0,0,0,0,0,0,0,0,0,0,0,0,0,0
926,27679.9,29.8,2,12,-12,159,1,0,142,17,0,0,0,0,0,0,0,0,0,0,0,0,0,0,0,0,0,0,0,0,0
927,27709.9,30.0,2,12,-12,165,1,0,144,21,0,0,0,0,0,0,0,0,0,0,0,0,0,0,0,0,0,0,0,0,0
928,27739.8,29.8,2,12,-12,156,1,0,141,15,0,0,0,0,0,0,0,0,0,0,0,0,0,0,0,0,0,0,0,0,0
929,27769.6,29.8,2,12,-12,154,1,0,142,12,0,0,0,0,0,0,0,0,0,0,0,0,0,0,0,0,0,0,0,0,0
930,27799.5,29.9,2,12,-12,162,1,0,141,21,0,0,0,0,0,0,0,0,0,0,0,0,0,0,0,0,0,0,0,0,0
931,27829.4,29.9,2,12,-12,162,1,0,142,20,0,0,0,0,0,0,0,0,0,0,0,0,0,0,0,0,0,0,0,0,0
932,27859.3,29.9,2,12,-12,156,1,0,144,12,0,0,0,0,0,0,0,0,0,0,0,0,0,0,0,0,0,0,0,0,0
933,27889.1,29.9,2,12,-12,148,1,0,135,13,0,0,0,0,0,0,0,0,0,0,0,0,0,0,0,0,0,0,0,0,0
934,27918.9,29.7,2,12,-12,155,1,0,145,10,0,0,0,0,0,0,0,0,0,0,0,0,0,0,0,0,0,0,0,0,0
935,27948.8,29.9,2,12,-12,157,1,0,143,14,0,0,0,0,0,0,0,0,0,0,0,0,0,0,0,0,0,0,0,0,0
936,27978.7,29.9,2,12,-12,162,1,0,144,18,0,0,0,0,0,0,0,0,0,0,0,0,0,0,0,0,0,0,0,0,0
937,28008.6,29.9,2,12,-12,154,1,0,142,12,0,0,0,0,0,0,0,0,0,0,0,0,0,0,0,0,0,0,0,0,0
938,28038.4,29.8,2,12,-12,156,1,0,139,17,0,0,0,0,0,0,0,0,0,0,0,0,0,0,0,0,0,0,0,0,0
939,28068.4,30.0,2,12,-12,157,1,0,144,13,0,0,0,0,0,0,0,0,0,0,0,0,0,0,0,0,0,0,0,0,0
940,28098.3,30.0,2,12,-12,161,1,0,143,18,0,0,0,0,0,0,0,0,0,0,0,0,0,0,0,0,0,0,0,0,0
941,28128.2,29.9,2,12,-12,163,1,0,143,20,0,0,0,0,0,0,0,0,0,0,0,0,0,0,0,0,0,0,0,0,0
942,28158.2,30.0,2,12,-12,156,1,0,143,13,0,0,0,0,0,0,0,0,0,0,0,0,0,0,0,0,0,0,0,0,0
943,28188.1,29.9,2,12,-12,162,1,0,147,15,0,0,0,0,0,0,0,0,0,0,0,0,0,0,0,0,0,0,0,0,0
944,28217.9,29.8,2,12,-12,161,1,0,142,19,0,0,0,0,0,0,0,0,0,0,0,0,0,0,0,0,0,0,0,0,0
945,28247.6,29.8,2,12,-12,151,1,0,140,11,0,0,0,0,0,0,0,0,0,0,0,0,0,0,0,0,0,0,0,0,0
946,28277.5,29.8,2,12,-12,154,1,0,139,15,0,0,0,0,0,0,0,0,0,0,0,0,0,0,0,0,0,0,0,0,0
947,28307.3,29.9,2,12,-12,161,1,0,143,18,0,0,0,0,0,0,0,0,0,0,0,0,0,0,0,0,0,0,0,0,0
948,28337.1,29.7,2,12,-12,158,1,0,146,12,0,0,0,0,0,0,0,0,0,0,0,0,0,0,0,0,0,0,0,0,0
949,28366.9,29.9,2,12,-12,151,1,0,139,12,0,0,0,0,0,0,0,0,0,0,0,0,0,0,0,0,0,0,0,0,0
950,28396.8,29.9,2,12,-12,158,1,0,144,14,0,0,0,0,0,0,0,0,0,0,0,0,0,0,0,0,0,0,0,0,0
951,28426.7,29.9,2,12,-12,150,1,0,142,8,0,0,0,0,0,0,0,0,0,0,0,0,0,0,0,0,0,0,0,0,0
952,28456.7,30.0,2,12,-12,158,1,0,141,17,0,0,0,0,0,0,0,0,0,0,0,0,0,0,0,0,0,0,0,0,0
953,28486.5,29.8,2,12,-12,161,1,0,143,18,0,0,0,0,0,0,0,0,0,0,0,0,0,0,0,0,0,0,0,0,0
954,28516.4,29.9,2,12,-12,152,1,0,140,12,0,0,0,0,0,0,0,0,0,0,0,0,0,0,0,0,0,0,0,0,0
955,28546.4,30.0,2,12,-12,152,1,0,139,13,0,0,0,0,0,0,0,0,0,0,0,0,0,0,0,0,0,0,0,0,0
956,28576.3,29.9,2,12,-12,160,1,0,145,15,0,0,0,0,0,0,0,0,0,0,0,0,0,0,0,0,0,0,0,0,0
957,28606.3,29.9,2,12,-12,165,1,0,145,20,0,0,0,0,0,0,0,0,0,0,0,0,0,0,0,0,0,0,0,0,0
958,28636.3,30.0,2,12,-12,156,1,0,143,13,0,0,0,0,0,0,0,0,0,0,0,0,0,0,0,0,0,0,0,0,0
959,28666.3,30.0,2,12,-12,158,1,0,143,15,0,0,0,0,0,0,0,0,0,0,0,0,0,0,0,0,0,0,0,0,0
960,28696.2,29.9,2,12,-12,163,1,0,143,20,0,0,0,0,0,0,0,0,0,0,0,0,0,0,0,0,0,0,0,0,0
961,28726.1,29.9,2,12,-12,153,1,0,140,13,0,0,0,0,0,0,0,0,0,0,0,0,0,0,0,0,0,0,0,0,0
962,28756.1,30.0,2,12,-12,160,1,0,143,17,0,0,0,0,0,0,0,0,0,0,0,0,0,0,0,0,0,0,0,0,0
963,28786.0,29.9,2,12,-12,153,1,0,141,12,0,0,0,0,0,0,0,0,0,0,0,0,0,0,0,0,0,0,0,0,0
964,28815.8,29.8,2,12,-12,151,1,0,138,13,0,0,0,0,0,0,0,0,0,0,0,0,0,0,0,0,0,0,0,0,0
965,28845.7,29.9,2,12,-12,152,1,0,139,13,0,0,0,0,0,0,0,0,0,0,0,0,0,0,0,0,0,0,0,0,0
966,28875.7,29.9,2,12,-12,157,1,0,138,19,0,0,0,0,0,0,0,0,0,0,0,0,0,0,0,0,0,0,0,0,0
967,28905.5,29.9,2,12,-12,153,1,0,145,8,0,0,0,0,0,0,0,0,0,0,0,0,0,0,0,0,0,0,0,0,0
968,28935.4,29.9,2,12,-12,162,1,0,148,14,0,0,0,0,0,0,0,0,0,0,0,0,0,0,0,0,0,0,0,0,0
969,28965.3,29.9,2,12,-12,158,1,0,141,17,0,0,0,0,0,0,0,0,0,0,0,0,0,0,0,0,0,0,0,0,0
970,28995.1,29.8,2,12,-12,155,1,0,142,13,0,0,0,0,0,0,0,0,0,0,0,0,0,0,0,0,0,0,0,0,0
971,29025.0,29.9,2,12,-12,155,1,0,141,14,0,0,0,0,0,0,0,0,0,0,0,0,0,0,0,0,0,0,0,0,0
972,29055.0,30.0,2,12,-12,160,1,0,148,12,0,0,0,0,0,0,0,0,0,0,0,0,0,0,0,0,0,0,0,0,0
973,29084.9,30.0,2,12,-12,160,1,0,142,18,0,0,0,0,0,0,0,0,0,0,0,0,0,0,0,0,0,0,0,0,0
974,29114.9,30.0,2,12,-12,163,1,0,144,19,0,0,0,0,0,0,0,0,0,0,0,0,0,0,0,0,0,0,0,0,0
975,29144.8,29.9,2,12,-12,164,1,0,144,20,0,0,0,0,0,0,0,0,0,0,0,0,0,0,0,0,0,0,0,0,0
976,29174.8,30.0,2,12,-12,157,1,0,145,12,0,0,0,0,0,0,0,0,0,0,0,0,0,0,0,0,0,0,0,0,0
977,29204.7,29.9,2,12,-12,161,1,0,144,17,0,0,0,0,0,0,0,0,0,0,0,0,0,0,0,0,0,0,0,0,0
978,29234.7,30.0,2,12,-12,155,1,0,146,9,0,0,0,0,0,0,0,0,0,0,0,0,0,0,0,0,0,0,0,0,0
979,29264.5,29.9,2,12,-12,162,1,0,142,20,0,0,0,0,0,0,0,0,0,0,0,0,0,0,0,0,0,0,0,0,0
980,29294.5,30.0,2,12,-12,154,1,0,144,10,0,0,0,0,0,0,0,0,0,0,0,0,0,0,0,0,0,0,0,0,0
981,29324.4,29.9,2,12,-12,161,1,0,147,14,0,0,0,0,0,0,0,0,0,0,0,0,0,0,0,0,0,0,0,0,0
982,29354.3,29.9,2,12,-12,163,1,0,145,18,0,0,0,0,0,0,0,0,0,0,0,0,0,0,0,0,0,0,0,0,0
983,29384.2,29.9,2,12,-12,152,1,0,139,13,0,0,0,0,0,0,0,0,0,0,0,0,0,0,0,0,0,0,0,0,0
984,29414.1,29.9,2,12,-12,160,1,0,144,16,0,0,0,0,0,0,0,0,0,0,0,0,0,0,0,0,0,0,0,0,0
985,29444.0,29.9,2,12,-12,152,1,0,138,14,0,0,0,0,0,0,0,0,0,0,0,0,0,0,0,0,0,0,0,0,0
986,29473.8,29.8,2,12,-12,163,1,0,147,16,0,0,0,0,0,0,0,0,0,0,0,0,0,0,0,0,0,0,0,0,0
987,29503.6,29.8,2,12,-12,162,1,0,146,16,0,0,0,0,0,0,0,0,0,0,0,0,0,0,0,0,0,0,0,0,0
988,29533.5,29.9,2,12,-12,164,1,0,145,19,0,0,0,0,0,0,0,0,0,0,0,0,0,0,0,0,0,0,0,0,0
989,29563.4,29.9,2,12,-12,156,1,0,144,12,0,0,0,0,0,0,0,0,0,0,0,0,0,0,0,0,0,0,0,0,0
990,29593.2,29.7,2,12,-12,157,1,0,146,11,0,0,0,0,0,0,0,0,0,0,0,0,0,0,0,0,0,0,0,0,0
991,29623.0,29.8,2,12,-12,161,1,0,140,21,0,0,0,0,0,0,0,0,0,0,0,0,0,0,0,0,0,0,0,0,0
992,29652.9,29.9,2,12,-12,155,1,0,140,15,0,0,0,0,0,0,0,0,0,0,0,0,0,0,0,0,0,0,0,0,0
993,29682.7,29.8,2,12,-12,153,1,0,138,15,0,0,0,0,0,0,0,0,0,0,0,0,0,0,0,0,0,0,0,0,0
994,29712.6,29.9,2,12,-12,154,1,0,139,15,0,0,0,0,0,0,0,0,0,0,0,0,0,0,0,0,0,0,0,0,0
995,29742.4,29.8,2,12,-12,154,1,0,139,15,0,0,0,0,0,0,0,0,0,0,0,0,0,0,0,0,0,0,0,0,0
996,29772.4,29.9,2,12,-12,153,1,0,141,12,0,0,0,0,0,0,0,0,0,0,0,0,0,0,0,0,0,0,0,0,0
997,29802.3,30.0,2,12,-12,157,1,0,143,14,0,0,0,0,0,0,0,0,0,0,0,0,0,0,0,0,0,0,0,0,0
998,29832.3,30.0,2,12,-12,154,1,0,141,13,0,0,0,0,0,0,0,0,0,0,0,0,0,0,0,0,0,0,0,0,0
999,29862.2,29.9,2,12,-12,157,1,0,144,13,0,0,0,0,0,0,0,0,0,0,0,0,0,0,0,0,0,0,0,0,0
1000,29892.2,30.0,2,12,-12,163,1,0,147,16,0,0,0,0,0,0,0,0,0,0,0,0,0,0,0,0,0,0,0,0,0
1001,29922.1,30.0,2,12,-12,172,1,0,146,26,0,0,0,0,0,0,0,0,0,0,0,0,0,0,0,0,0,0,0,0,0
1002,29952.1,29.9,2,12,-12,162,1,0,143,19,0,0,0,0,0,0,0,0,0,0,0,0,0,0,0,0,0,0,0,0,0
1003,29982.0,30.0,2,12,-12,160,1,0,141,19,0,0,0,0,0,0,0,0,0,0,0,0,0,0,0,0,0,0,0,0,0
1004,30012.0,29.9,2,12,-12,156,1,0,142,14,0,0,0,0,0,0,0,0,0,0,0,0,0,0,0,0,0,0,0,0,0
1005,30041.8,29.8,2,12,-12,156,1,0,140,16,0,0,0,0,0,0,0,0,0,0,0,0,0,0,0,0,0,0,0,0,0
1006,30071.7,29.9,2,12,-12,159,1,0,141,18,0,0,0,0,0,0,0,0,0,0,0,0,0,0,0,0,0,0,0,0,0
1007,30101.7,30.0,2,12,-12,164,1,0,147,17,0,0,0,0,0,0,0,0,0,0,0,0,0,0,0,0,0,0,0,0,0
1008,30131.5,29.9,2,12,-12,161,1,0,141,20,0,0,0,0,0,0,0,0,0,0,0,0,0,0,0,0,0,0,0,0,0
1009,30161.4,29.9,2,12,-12,158,1,0,144,14,0,0,0,0,0,0,0,0,0,0,0,0,0,0,0,0,0,0,0,0,0
1010,30191.2,29.8,2,12,-12,156,1,0,143,13,0,0,0,0,0,0,0,0,0,0,0,0,0,0,0,0,0,0,0,0,0
1011,30221.1,29.9,2,12,-12,156,1,0,142,14,0,0,0,0,0,0,0,0,0,0,0,0,0,0,0,0,0,0,0,0,0
1012,30251.0,29.8,2,12,-12,163,1,0,148,15,0,0,0,0,0,0,0,0,0,0,0,0,0,0,0,0,0,0,0,0,0
1013,30280.8,29.8,2,12,-12,153,1,0,142,11,0,0,0,0,0,0,0,0,0,0,0,0,0,0,0,0,0,0,0,0,0
1014,30310.8,30.0,2,12,-12,153,1,0,143,10,0,0,0,0,0,0,0,0,0,0,0,0,0,0,0,0,0,0,0,0,0
1015,30340.7,30.0,2,12,-12,166,1,0,147,19,0,0,0,0,0,0,0,0,0,0,0,0,0,0,0,0,0,0,0,0,0
1016,30370.6,29.9,2,12,-12,151,1,0,142,9,0,0,0,0,0,0,0,0,0,0,0,0,0,0,0,0,0,0,0,0,0
1017,30400.6,30.0,2,12,-12,162,1,0,143,19,0,0,0,0,0,0,0,0,0,0,0,0,0,0,0,0,0,0,0,0,0
1018,30430.6,30.0,2,12,-12,152,1,0,141,11,0,0,0,0,0,0,0,0,0,0,0,0,0,0,0,0,0,0,0,0,0
1019,30460.5,29.9,2,12,-12,161,1,0,143,18,0,0,0,0,0,0,0,0,0,0,0,0,0,0,0,0,0,0,0,0,0
1020,30490.4,29.8,2,12,-12,158,1,0,142,16,0,0,0,0,0,0,0,0,0,0,0,0,0,0,0,0,0,0,0,0,0
1021,30520.2,29.8,2,12,-12,162,1,0,142,20,0,0,0,0,0,0,0,0,0,0,0,0,0,0,0,0,0,0,0,0,0
1022,30550.1,29.9,2,12,-12,163,1,0,145,18,0,0,0,0,0,0,0,0,0,0,0,0,0,0,0,0,0,0,0,0,0
1023,30580.0,30.0,2,12,-12,160,1,0,142,18,0,0,0,0,0,0,0,0,0,0,0,0,0,0,0,0,0,0,0,0,0
1024,30609.9,29.9,2,12,-12,172,1,0,146,26,0,0,0,0,0,0,0,0,0,0,0,0,0,0,0,0,0,0,0,0,0
1025,30639.9,29.9,2,12,-12,167,1,0,147,20,0,0,0,0,0,0,0,0,0,0,0,0,0,0,0,0,0,0,0,0,0
1026,30669.8,30.0,2,12,-12,162,1,0,145,17,0,0,0,0,0,0,0,0,0,0,0,0,0,0,0,0,0,0,0,0,0
1027,30699.7,29.9,2,12,-12,150,1,0,139,11,0,0,0,0,0,0,0,0,0,0,0,0,0,0,0,0,0,0,0,0,0
1028,30729.6,29.9,2,12,-12,152,1,0,142,10,0,0,0,0,0,0,0,0,0,0,0,0,0,0,0,0,0,0,0,0,0
1029,30759.5,29.9,2,12,-12,163,1,0,145,18,0,0,0,0,0,0,0,0,0,0,0,0,0,0,0,0,0,0,0,0,0
1030,30789.5,29.9,2,12,-12,154,1,0,144,10,0,0,0,0,0,0,0,0,0,0,0,0,0,0,0,0,0,0,0,0,0
1031,30819.4,29.9,2,12,-12,151,1,0,145,6,0,0,0,0,0,0,0,0,0,0,0,0,0,0,0,0,0,0,0,0,0
1032,30849.4,30.0,2,12,-12,166,1,0,149,17,0,0,0,0,0,0,0,0,0,0,0,0,0,0,0,0,0,0,0,0,0
1033,30879.4,30.0,2,12,-12,155,1,0,141,14,0,0,0,0,0,0,0,0,0,0,0,0,0,0,0,0,0,0,0,0,0
1034,30909.3,29.9,2,12,-12,161,1,0,147,14,0,0,0,0,0,0,0,0,0,0,0,0,0,0,0,0,0,0,0,0,0
1035,30939.2,29.9,2,12,-12,163,1,0,148,15,0,0,0,0,0,0,0,0,0,0,0,0,0,0,0,0,0,0,0,0,0
1036,30969.1,29.9,2,12,-12,157,1,0,149,8,0,0,0,0,0,0,0,0,0,0,0,0,0,0,0,0,0,0,0,0,0
1037,30999.0,29.9,2,12,-12,158,1,0,144,14,0,0,0,0,0,0,0,0,0,0,0,0,0,0,0,0,0,0,0,0,0
1038,31028.9,29.9,2,12,-12,154,1,0,142,12,0,0,0,0,0,0,0,0,0,0,0,0,0,0,0,0,0,0,0,0,0
1039,31058.8,30.0,2,12,-12,159,1,0,141,18,0,0,0,0,0,0,0,0,0,0,0,0,0,0,0,0,0,0,0,0,0
1040,31088.8,30.0,2,12,-12,162,1,0,145,17,0,0,0,0,0,0,0,0,0,0,0,0,0,0,0,0,0,0,0,0,0
1041,31118.7,29.9,2,12,-12,158,1,0,143,15,0,0,0,0,0,0,0,0,0,0,0,0,0,0,0,0,0,0,0,0,0
1042,31148.6,29.9,2,12,-12,158,1,0,146,12,0,0,0,0,0,0,0,0,0,0,0,0,0,0,0,0,0,0,0,0,0
1043,31178.4,29.8,3,1104,-504,166,2,0,96,10,11,0,0,0,0,0,0,0,1,0,1092,0,0,0,0,0,0,0,0,0,0
1044,31208.4,30.0,2,12,-12,153,1,0,142,11,0,0,0,0,0,0,0,0,0,0,0,0,0,0,0,0,0,0,0,0,0
1045,31238.3,29.9,2,12,-12,159,1,0,142,17,0,0,0,0,0,0,0,0,0,0,0,0,0,0,0,0,0,0,0,0,0
1046,31268.3,30.0,2,12,-12,152,1,0,140,12,0,0,0,0,0,0,0,0,0,0,0,0,0,0,0,0,0,0,0,0,0
1047,31298.1,29.8,2,12,-12,156,1,0,140,16,0,0,0,0,0,0,0,0,0,0,0,0,0,0,0,0,0,0,0,0,0
1048,31327.9,29.8,2,12,-12,154,1,0,139,15,0,0,0,0,0,0,0,0,0,0,0,0,0,0,0,0,0,0,0,0,0
1049,31357.9,30.0,2,12,-12,160,1,0,147,13,0,0,0,0,0,0,0,0,0,0,0,0,0,0,0,0,0,0,0,0,0
1050,31387.8,29.9,2,12,-12,151,1,0,142,9,0,0,0,0,0,0,0,0,0,0,0,0,0,0,0,0,0,0,0,0,0
1051,31417.6,29.8,2,12,-12,162,1,0,146,16,0,0,0,0,0,0,0,0,0,0,0,0,0,0,0,0,0,0,0,0,0
1052,31447.5,29.9,2,12,-12,160,1,0,143,17,0,0,0,0,0,0,0,0,0,0,0,0,0,0,0,0,0,0,0,0,0
1053,31477.3,29.7,2,12,-12,157,1,0,139,18,0,0,0,0,0,0,0,0,0,0,0,0,0,0,0,0,0,0,0,0,0
1054,31507.1,29.8,2,12,-12,165,1,0,144,21,0,0,0,0,0,0,0,0,0,0,0,0,0,0,0,0,0,0,0,0,0
1055,31537.1,30.0,2,12,-12,153,1,0,142,11,0,0,0,0,0,0,0,0,0,0,0,0,0,0,0,0,0,0,0,0,0
1056,31567.0,30.0,2,12,-12,161,1,0,147,14,0,0,0,0,0,0,0,0,0,0,0,0,0,0,0,0,0,0,0,0,0
1057,31596.9,29.9,2,12,-12,162,1,0,148,14,0,0,0,0,0,0,0,0,0,0,0,0,0,0,0,0,0,0,0,0,0
1058,31626.8,29.9,2,12,-12,160,1,0,145,15,0,0,0,0,0,0,0,0,0,0,0,0,0,0,0,0,0,0,0,0,0
1059,31656.7,29.9,2,12,-12,162,1,0,146,16,0,0,0,0,0,0,0,0,0,0,0,0,0,0,0,0,0,0,0,0,0
1060,31686.6,29.9,2,12,-12,160,1,0,146,14,0,0,0,0,0,0,0,0,0,0,0,0,0,0,0,0,0,0,0,0,0
1061,31716.5,29.9,2,12,-12,155,1,0,144,11,0,0,0,0,0,0,0,0,0,0,0,0,0,0,0,0,0,0,0,0,0
1062,31746.4,29.9,2,12,-12,162,1,0,142,20,0,0,0,0,0,0,0,0,0,0,0,0,0,0,0,0,0,0,0,0,0
1063,31776.3,29.8,2,12,-12,155,1,0,139,16,0,0,0,0,0,0,0,0,0,0,0,0,0,0,0,0,0,0,0,0,0
1064,31806.0,29.7,2,12,-12,155,1,0,135,20,0,0,0,0,0,0,0,0,0,0,0,0,0,0,0,0,0,0,0,0,0
1065,31835.9,29.9,2,12,-12,162,1,0,148,14,0,0,0,0,0,0,0,0,0,0,0,0,0,0,0,0,0,0,0,0,0
1066,31865.9,30.0,2,12,-12,163,1,0,144,19,0,0,0,0,0,0,0,0,0,0,0,0,0,0,0,0,0,0,0,0,0
1067,31895.8,29.9,2,12,-12,162,1,0,146,16,0,0,0,0,0,0,0,0,0,0,0,0,0,0,0,0,0,0,0,0,0
1068,31925.8,30.0,2,12,-12,157,1,0,146,11,0,0,0,0,0,0,0,0,0,0,0,0,0,0,0,0,0,0,0,0,0
1069,31955.8,30.0,2,12,-12,153,1,0,138,15,0,0,0,0,0,0,0,0,0,0,0,0,0,0,0,0,0,0,0,0,0
1070,31985.6,29.8,2,12,-12,167,1,0,147,20,0,0,0,0,0,0,0,0,0,0,0,0,0,0,0,0,0,0,0,0,0
1071,32015.6,30.0,2,12,-12,160,1,0,146,14,0,0,0,0,0,0,0,0,0,0,0,0,0,0,0,0,0,0,0,0,0
1072,32045.4,29.7,2,12,-12,163,1,0,146,17,0,0,0,0,0,0,0,0,0,0,0,0,0,0,0,0,0,0,0,0,0
1073,32075.2,29.9,2,12,-12,149,1,0,141,8,0,0,0,0,0,0,0,0,0,0,0,0,0,0,0,0,0,0,0,0,0
1074,32105.1,29.9,2,12,-12,158,1,0,141,17,0,0,0,0,0,0,0,0,0,0,0,0,0,0,0,0,0,0,0,0,0
1075,32135.1,29.9,2,12,-12,154,1,0,141,13,0,0,0,0,0,0,0,0,0,0,0,0,0,0,0,0,0,0,0,0,0
1076,32164.8,29.8,2,12,-12,158,1,0,146,12,0,0,0,0,0,0,0,0,0,0,0,0,0,0,0,0,0,0,0,0,0
1077,32194.8,30.0,2,12,-12,162,1,0,140,22,0,0,0,0,0,0,0,0,0,0,0,0,0,0,0,0,0,0,0,0,0
1078,32224.6,29.8,2,12,-12,160,1,0,139,21,0,0,0,0,0,0,0,0,0,0,0,0,0,0,0,0,0,0,0,0,0
1079,32254.6,30.0,2,12,-12,153,1,0,139,14,0,0,0,0,0,0,0,0,0,0,0,0,0,0,0,0,0,0,0,0,0
1080,32284.5,29.9,2,12,-12,163,1,0,147,16,0,0,0,0,0,0,0,0,0,0,0,0,0,0,0,0,0,0,0,0,0
1081,32314.4,29.9,2,12,-12,154,1,0,140,14,0,0,0,0,0,0,0,0,0,0,0,0,0,0,0,0,0,0,0,0,0
1082,32344.4,29.9,2,12,-12,157,1,0,146,11,0,0,0,0,0,0,0,0,0,0,0,0,0,0,0,0,0,0,0,0,0
1083,32374.3,30.0,2,12,-12,158,1,0,140,18,0,0,0,0,0,0,0,0,0,0,0,0,0,0,0,0,0,0,0,0,0
1084,32404.1,29.8,2,12,-12,156,1,0,146,10,0,0,0,0,0,0,0,0,0,0,0,0,0,0,0,0,0,0,0,0,0
1085,32434.0,29.9,2,12,-12,155,1,0,138,17,0,0,0,0,0,0,0,0,0,0,0,0,0,0,0,0,0,0,0,0,0
1086,32463.9,29.9,2,12,-12,158,1,0,143,15,0,0,0,0,0,0,0,0,0,0,0,0,0,0,0,0,0,0,0,0,0
1087,32493.8,29.9,2,12,-12,162,1,0,143,19,0,0,0,0,0,0,0,0,0,0,0,0,0,0,0,0,0,0,0,0,0
1088,32523.8,30.0,2,12,-12,158,1,0,146,12,0,0,0,0,0,0,0,0,0,0,0,0,0,0,0,0,0,0,0,0,0
1089,32553.8,30.0,2,12,-12,163,1,0,147,16,0,0,0,0,0,0,0,0,0,0,0,0,0,0,0,0,0,0,0,0,0
1090,32583.8,30.0,2,12,-12,160,1,0,145,15,0,0,0,0,0,0,0,0,0,0,0,0,0,0,0,0,0,0,0,0,0
1091,32613.8,30.0,2,12,-12,153,1,0,140,13,0,0,0,0,0,0,0,0,0,0,0,0,0,0,0,0,0,0,0,0,0
1092,32643.5,29.8,2,12,-12,158,1,0,145,13,0,0,0,0,0,0,0,0,0,0,0,0,0,0,0,0,0,0,0,0,0
1093,32673.3,29.8,2,12,-12,161,1,0,143,18,0,0,0,0,0,0,0,0,0,0,0,0,0,0,0,0,0,0,0,0,0
1094,32703.1,29.8,2,12,-12,154,1,0,145,9,0,0,0,0,0,0,0,0,0,0,0,0,0,0,0,0,0,0,0,0,0
1095,32733.1,29.9,2,12,-12,162,1,0,141,21,0,0,0,0,0,0,0,0,0,0,0,0,0,0,0,0,0,0,0,0,0
1096,32763.0,29.9,2,12,-12,153,1,0,143,10,0,0,0,0,0,0,0,0,0,0,0,0,0,0,0,0,0,0,0,0,0
1097,32793.0,30.0,2,12,-12,156,1,0,139,17,0,0,0,0,0,0,0,0,0,0,0,0,0,0,0,0,0,0,0,0,0
1098,32822.8,29.8,2,12,-12,158,1,0,143,15,0,0,0,0,0,0,0,0,0,0,0,0,0,0,0,0,0,0,0,0,0
1099,32852.6,29.8,2,12,-12,167,1,0,148,19,0,0,0,0,0,0,0,0,0,0,0,0,0,0,0,0,0,0,0,0,0
1100,32882.6,30.0,2,12,-12,154,1,0,144,10,0,0,0,0,0,0,0,0,0,0,0,0,0,0,0,0,0,0,0,0,0
1101,32912.4,29.8,2,12,-12,156,1,0,142,14,0,0,0,0,0,0,0,0,0,0,0,0,0,0,0,0,0,0,0,0,0
1102,32942.2,29.8,2,12,-12,152,1,0,140,12,0,0,0,0,0,0,0,0,0,0,0,0,0,0,0,0,0,0,0,0,0
1103,32972.2,29.9,2,12,-12,156,1,0,140,16,0,0,0,0,0,0,0,0,0,0,0,0,0,0,0,0,0,0,0,0,0
1104,33001.9,29.8,2,12,-12,157,1,0,143,14,0,0,0,0,0,0,0,0,0,0,0,0,0,0,0,0,0,0,0,0,0
1105,33031.7,29.8,2,12,-12,167,1,0,147,20,0,0,0,0,0,0,0,0,0,0,0,0,0,0,0,0,0,0,0,0,0
1106,33061.7,30.0,2,12,-12,156,1,0,143,13,0,0,0,0,0,0,0,0,0,0,0,0,0,0,0,0,0,0,0,0,0
1107,33091.7,30.0,2,12,-12,152,1,0,139,13,0,0,0,0,0,0,0,0,0,0,0,0,0,0,0,0,0,0,0,0,0
1108,33121.7,30.0,2,12,-12,158,1,0,143,15,0,0,0,0,0,0,0,0,0,0,0,0,0,0,0,0,0,0,0,0,0
1109,33151.6,29.9,2,12,-12,152,1,0,144,8,0,0,0,0,0,0,0,0,0,0,0,0,0,0,0,0,0,0,0,0,0
1110,33181.6,30.0,2,12,-12,154,1,0,140,14,0,0,0,0,0,0,0,0,0,0,0,0,0,0,0,0,0,0,0,0,0
1111,33211.5,29.9,2,12,-12,144,1,0,138,6,0,0,0,0,0,0,0,0,0,0,0,0,0,0,0,0,0,0,0,0,0
1112,33241.4,29.9,2,12,-12,155,1,0,142,13,0,0,0,0,0,0,0,0,0,0,0,0,0,0,0,0,0,0,0,0,0
1113,33271.2,29.7,2,12,-12,152,1,0,141,11,0,0,0,0,0,0,0,0,0,0,0,0,0,0,0,0,0,0,0,0,0
1114,33301.0,29.8,2,12,-12,150,1,0,138,12,0,0,0,0,0,0,0,0,0,0,0,0,0,0,0,0,0,0,0,0,0
1115,33330.9,29.9,2,12,-12,166,1,0,146,20,0,0,0,0,0,0,0,0,0,0,0,0,0,0,0,0,0,0,0,0,0
1116,33360.8,29.8,2,12,-12,153,1,0,146,7,0,0,0,0,0,0,0,0,0,0,0,0,0,0,0,0,0,0,0,0,0
1117,33390.7,29.9,2,12,-12,157,1,0,144,13,0,0,0,0,0,0,0,0,0,0,0,0,0,0,0,0,0,0,0,0,0
1118,33420.7,30.0,2,12,-12,154,1,0,142,12,0,0,0,0,0,0,0,0,0,0,0,0,0,0,0,0,0,0,0,0,0
1119,33450.4,29.8,2,12,-12,162,1,0,144,18,0,0,0,0,0,0,0,0,0,0,0,0,0,0,0,0,0,0,0,0,0
1120,33480.2,29.8,2,12,-12,160,1,0,145,15,0,0,0,0,0,0,0,0,0,0,0,0,0,0,0,0,0,0,0,0,0
1121,33510.1,29.8,2,12,-12,154,1,0,138,16,0,0,0,0,0,0,0,0,0,0,0,0,0,0,0,0,0,0,0,0,0
1122,33539.9,29.8,2,12,-12,158,1,0,145,13,0,0,0,0,0,0,0,0,0,0,0,0,0,0,0,0,0,0,0,0,0
1123,33569.8,29.9,2,12,-12,158,1,0,144,14,0,0,0,0,0,0,0,0,0,0,0,0,0,0,0,0,0,0,0,0,0
1124,33599.8,30.0,2,12,-12,157,1,0,142,15,0,0,0,0,0,0,0,0,0,0,0,0,0,0,0,0,0,0,0,0,0
1125,33629.8,30.0,2,12,-12,153,1,0,138,15,0,0,0,0,0,0,0,0,0,0,0,0,0,0,0,0,0,0,0,0,0
1126,33659.7,29.9,2,12,-12,161,1,0,147,14,0,0,0,0,0,0,0,0,0,0,0,0,0,0,0,0,0,0,0,0,0
1127,33689.6,29.9,2,12,-12,148,1,0,139,9,0,0,0,0,0,0,0,0,0,0,0,0,0,0,0,0,0,0,0,0,0
1128,33719.6,30.0,2,12,-12,163,1,0,149,14,0,0,0,0,0,0,0,0,0,0,0,0,0,0,0,0,0,0,0,0,0
1129,33749.4,29.8,2,12,-12,155,1,0,145,10,0,0,0,0,0,0,0,0,0,0,0,0,0,0,0,0,0,0,0,0,0
1130,33779.0,29.6,2,12,-12,156,1,0,139,17,0,0,0,0,0,0,0,0,0,0,0,0,0,0,0,0,0,0,0,0,0
1131,33808.9,29.9,2,12,-12,158,1,0,142,16,0,0,0,0,0,0,0,0,0,0,0,0,0,0,0,0,0,0,0,0,0
1132,33838.8,29.9,2,12,-12,151,1,0,140,11,0,0,0,0,0,0,0,0,0,0,0,0,0,0,0,0,0,0,0,0,0
1133,33868.8,30.0,2,12,-12,152,1,0,141,11,0,0,0,0,0,0,0,0,0,0,0,0,0,0,0,0,0,0,0,0,0
1134,33898.7,29.9,2,12,-12,160,1,0,144,16,0,0,0,0,0,0,0,0,0,0,0,0,0,0,0,0,0,0,0,0,0
1135,33928.6,29.9,2,12,-12,163,1,0,149,14,0,0,0,0,0,0,0,0,0,0,0,0,0,0,0,0,0,0,0,0,0
1136,33958.4,29.8,2,12,-12,153,1,0,145,8,0,0,0,0,0,0,0,0,0,0,0,0,0,0,0,0,0,0,0,0,0
1137,33988.3,30.0,2,12,-12,162,1,0,146,16,0,0,0,0,0,0,0,0,0,0,0,0,0,0,0,0,0,0,0,0,0
1138,34018.1,29.8,2,12,-12,159,1,0,146,13,0,0,0,0,0,0,0,0,0,0,0,0,0,0,0,0,0,0,0,0,0
1139,34048.0,29.9,2,12,-12,155,1,0,141,14,0,0,0,0,0,0,0,0,0,0,0,0,0,0,0,0,0,0,0,0,0
1140,34077.9,29.9,2,12,-12,163,1,0,144,19,0,0,0,0,0,0,0,0,0,0,0,0,0,0,0,0,0,0,0,0,0
1141,34107.8,29.9,2,12,-12,160,1,0,145,15,0,0,0,0,0,0,0,0,0,0,0,0,0,0,0,0,0,0,0,0,0
1142,34137.6,29.8,2,12,-12,160,1,0,146,14,0,0,0,0,0,0,0,0,0,0,0,0,0,0,0,0,0,0,0,0,0
1143,34167.5,29.9,2,12,-12,156,1,0,143,13,0,0,0,0,0,0,0,0,0,0,0,0,0,0,0,0,0,0,0,0,0
1144,34197.4,29.9,2,12,-12,158,1,0,141,17,0,0,0,0,0,0,0,0,0,0,0,0,0,0,0,0,0,0,0,0,0
1145,34227.2,29.8,2,12,-12,153,1,0,142,11,0,0,0,0,0,0,0,0,0,0,0,0,0,0,0,0,0,0,0,0,0
1146,34257.1,29.9,2,12,-12,155,1,0,142,13,0,0,0,0,0,0,0,0,0,0,0,0,0,0,0,0,0,0,0,0,0
1147,34287.1,30.0,2,12,-12,148,1,0,139,9,0,0,0,0,0,0,0,0,0,0,0,0,0,0,0,0,0,0,0,0,0
1148,34317.0,29.9,2,12,-12,151,1,0,139,12,0,0,0,0,0,0,0,0,0,0,0,0,0,0,0,0,0,0,0,0,0
1149,34346.9,30.0,2,12,-12,168,1,0,147,21,0,0,0,0,0,0,0,0,0,0,0,0,0,0,0,0,0,0,0,0,0
1150,34376.9,30.0,2,12,-12,158,1,0,147,11,0,0,0,0,0,0,0,0,0,0,0,0,0,0,0,0,0,0,0,0,0
1151,34406.7,29.8,2,12,-12,161,1,0,145,16,0,0,0,0,0,0,0,0,0,0,0,0,0,0,0,0,0,0,0,0,0
1152,34436.6,29.9,2,12,-12,164,1,0,147,17,0,0,0,0,0,0,0,0,0,0,0,0,0,0,0,0,0,0,0,0,0
1153,34466.6,30.0,2,12,-12,155,1,0,141,14,0,0,0,0,0,0,0,0,0,0,0,0,0,0,0,0,0,0,0,0,0
1154,34496.6,30.0,2,12,-12,150,1,0,144,6,0,0,0,0,0,0,0,0,0,0,0,0,0,0,0,0,0,0,0,0,0
1155,34526.5,29.9,2,12,-12,158,1,0,143,15,0,0,0,0,0,0,0,0,0,0,0,0,0,0,0,0,0,0,0,0,0
1156,34556.4,29.9,2,12,-12,159,1,0,148,11,0,0,0,0,0,0,0,0,0,0,0,0,0,0,0,0,0,0,0,0,0
1157,34586.3,29.9,2,12,-12,157,1,0,145,12,0,0,0,0,0,0,0,0,0,0,0,0,0,0,0,0,0,0,0,0,0
1158,34616.2,29.9,2,12,-12,159,1,0,144,15,0,0,0,0,0,0,0,0,0,0,0,0,0,0,0,0,0,0,0,0,0
1159,34646.2,29.9,2,12,-12,156,1,0,145,11,0,0,0,0,0,0,0,0,0,0,0,0,0,0,0,0,0,0,0,0,0
1160,34676.1,30.0,2,12,-12,157,1,0,143,14,0,0,0,0,0,0,0,0,0,0,0,0,0,0,0,0,0,0,0,0,0
1161,34706.0,29.9,2,12,-12,162,1,0,147,15,0,0,0,0,0,0,0,0,0,0,0,0,0,0,0,0,0,0,0,0,0
1162,34735.9,29.8,2,12,-12,149,1,0,140,9,0,0,0,0,0,0,0,0,0,0,0,0,0,0,0,0,0,0,0,0,0
1163,34765.9,30.0,2,12,-12,156,1,0,145,11,0,0,0,0,0,0,0,0,0,0,0,0,0,0,0,0,0,0,0,0,0
1164,34795.7,29.8,2,12,-12,155,1,0,141,14,0,0,0,0,0,0,0,0,0,0,0,0,0,0,0,0,0,0,0,0,0
1165,34825.5,29.8,2,12,-12,154,1,0,144,10,0,0,0,0,0,0,0,0,0,0,0,0,0,0,0,0,0,0,0,0,0
1166,34855.5,30.0,2,12,-12,162,1,0,147,15,0,0,0,0,0,0,0,0,0,0,0,0,0,0,0,0,0,0,0,0,0
1167,34885.4,29.9,2,12,-12,148,1,0,139,9,0,0,0,0,0,0,0,0,0,0,0,0,0,0,0,0,0,0,0,0,0
1168,34915.2,29.9,2,12,-12,155,1,0,141,14,0,0,0,0,0,0,0,0,0,0,0,0,0,0,0,0,0,0,0,0,0
1169,34945.0,29.7,2,12,-12,158,1,0,145,13,0,0,0,0,0,0,0,0,0,0,0,0,0,0,0,0,0,0,0,0,0
1170,34974.9,29.9,2,12,-12,164,1,0,144,20,0,0,0,0,0,0,0,0,0,0,0,0,0,0,0,0,0,0,0,0,0
1171,35004.6,29.7,2,12,-12,160,1,0,140,20,0,0,0,0,0,0,0,0,0,0,0,0,0,0,0,0,0,0,0,0,0
1172,35034.4,29.8,2,12,-12,154,1,0,143,11,0,0,0,0,0,0,0,0,0,0,0,0,0,0,0,0,0,0,0,0,0
1173,35064.3,29.9,2,12,-12,156,1,0,141,15,0,0,0,0,0,0,0,0,0,0,0,0,0,0,0,0,0,0,0,0,0
1174,35094.1,29.8,2,12,-12,154,1,0,141,13,0,0,0,0,0,0,0,0,0,0,0,0,0,0,0,0,0,0,0,0,0
1175,35123.8,29.7,2,12,-12,156,1,0,143,13,0,0,0,0,0,0,0,0,0,0,0,0,0,0,0,0,0,0,0,0,0
1176,35153.7,29.9,2,12,-12,158,1,0,147,11,0,0,0,0,0,0,0,0,0,0,0,0,0,0,0,0,0,0,0,0,0
1177,35183.6,29.8,2,12,-12,159,1,0,142,17,0,0,0,0,0,0,0,0,0,0,0,0,0,0,0,0,0,0,0,0,0
1178,35213.4,29.9,2,12,-12,158,1,0,143,15,0,0,0,0,0,0,0,0,0,0,0,0,0,0,0,0,0,0,0,0,0
1179,35243.4,30.0,2,12,-12,166,1,0,147,19,0,0,0,0,0,0,0,0,0,0,0,0,0,0,0,0,0,0,0,0,0
1180,35273.2,29.8,2,12,-12,162,1,0,143,19,0,0,0,0,0,0,0,0,0,0,0,0,0,0,0,0,0,0,0,0,0
1181,35303.1,29.9,2,12,-12,160,1,0,143,17,0,0,0,0,0,0,0,0,0,0,0,0,0,0,0,0,0,0,0,0,0
1182,35333.1,30.0,2,12,-12,157,1,0,144,13,0,0,0,0,0,0,0,0,0,0,0,0,0,0,0,0,0,0,0,0,0
1183,35363.0,29.9,2,12,-12,157,1,0,141,16,0,0,0,0,0,0,0,0,0,0,0,0,0,0,0,0,0,0,0,0,0
1184,35392.9,29.8,2,12,-12,161,1,0,142,19,0,0,0,0,0,0,0,0,0,0,0,0,0,0,0,0,0,0,0,0,0
1185,35422.7,29.9,2,12,-12,154,1,0,139,15,0,0,0,0,0,0,0,0,0,0,0,0,0,0,0,0,0,0,0,0,0
1186,35452.6,29.9,2,12,-12,152,1,0,140,12,0,0,0,0,0,0,0,0,0,0,0,0,0,0,0,0,0,0,0,0,0
1187,35482.4,29.9,2,12,-12,154,1,0,143,11,0,0,0,0,0,0,0,0,0,0,0,0,0,0,0,0,0,0,0,0,0
1188,35512.4,30.0,2,12,-12,160,1,0,145,15,0,0,0,0,0,0,0,0,0,0,0,0,0,0,0,0,0,0,0,0,0
1189,35542.3,29.9,2,12,-12,150,1,0,142,8,0,0,0,0,0,0,0,0,0,0,0,0,0,0,0,0,0,0,0,0,0
1190,35572.1,29.8,2,12,-12,155,1,0,141,14,0,0,0,0,0,0,0,0,0,0,0,0,0,0,0,0,0,0,0,0,0
1191,35602.1,29.9,2,12,-12,158,1,0,144,14,0,0,0,0,0,0,0,0,0,0,0,0,0,0,0,0,0,0,0,0,0
1192,35631.8,29.8,2,12,-12,150,1,0,142,8,0,0,0,0,0,0,0,0,0,0,0,0,0,0,0,0,0,0,0,0,0
1193,35661.8,30.0,2,12,-12,152,1,0,140,12,0,0,0,0,0,0,0,0,0,0,0,0,0,0,0,0,0,0,0,0,0
1194,35691.6,29.8,2,12,-12,160,1,0,142,18,0,0,0,0,0,0,0,0,0,0,0,0,0,0,0,0,0,0,0,0,0
1195,35721.3,29.8,2,12,-12,155,1,0,141,14,0,0,0,0,0,0,0,0,0,0,0,0,0,0,0,0,0,0,0,0,0
1196,35751.2,29.8,2,12,-12,145,1,0,136,9,0,0,0,0,0,0,0,0,0,0,0,0,0,0,0,0,0,0,0,0,0
1197,35781.1,29.9,2,12,-12,163,1,0,146,17,0,0,0,0,0,0,0,0,0,0,0,0,0,0,0,0,0,0,0,0,0
1198,35810.9,29.8,2,12,-12,152,1,0,141,11,0,0,0,0,0,0,0,0,0,0,0,0,0,0,0,0,0,0,0,0,0
1199,35840.8,29.9,2,12,-12,166,1,0,147,19,0,0,0,0,0,0,0,0,0,0,0,0,0,0,0,0,0,0,0,0,0
1200,35870.8,30.0,2,12,-12,153,1,0,140,13,0,0,0,0,0,0,0,0,0,0,0,0,0,0,0,0,0,0,0,0,0
1201,35900.5,29.8,2,12,-12,153,1,0,137,16,0,0,0,0,0,0,0,0,0,0,0,0,0,0,0,0,0,0,0,0,0
1202,35930.4,29.9,2,12,-12,152,1,0,141,11,0,0,0,0,0,0,0,0,0,0,0,0,0,0,0,0,0,0,0,0,0
1203,35960.4,30.0,2,12,-12,164,1,0,145,19,0,0,0,0,0,0,0,0,0,0,0,0,0,0,0,0,0,0,0,0,0
1204,35990.3,29.9,2,12,-12,166,1,0,149,17,0,0,0,0,0,0,0,0,0,0,0,0,0,0,0,0,0,0,0,0,0
1205,36020.0,29.7,2,12,-12,154,1,0,144,10,0,0,0,0,0,0,0,0,0,0,0,0,0,0,0,0,0,0,0,0,0
