SessionNum,Playtime,Duration,Level,Gold,SpentGold,TotalDamage,Monsters,Bosses,Inputs,Crits,KbPower,MsPower,CrystalsStage,CrystalsBoss,CrystalsGold,CrystalsTotal,CrystalsSpent,CrystalsRemain,GGKilled,GGEscaped,GGGold,BaseAttackLv,AttackPctLv,CritChanceLv,CritDamageLv,MultiHitLv,TimeExtendLv,UpgradeDiscountLv,GoldFlatPermLv,GoldMultiPermLv,CrystalFlatLv
1,30.1,30.1,51,3050,20,31917,50,5,145,15,1528,1527,50,346,0,396,396,0,0,0,0,0,0,28,8,0,0,0,0,0,0
2,60.2,30.1,77,6612,20,127094,76,7,144,28,3309,3308,76,630,0,706,706,0,0,0,0,0,0,28,8,0,0,0,42,4,0
3,90.3,30.1,128,32959,170,1417754,122,12,143,34,16487,16486,150,1740,0,1890,1890,0,0,0,0,0,0,28,8,0,69,0,42,4,0
4,148.2,57.9,268,107667,170,14081480,262,26,272,63,53841,53840,498,7210,0,7708,7707,1,0,0,0,28,5,28,10,0,69,0,42,4,0
5,205.9,57.7,236,116410,920,16386661,225,22,224,64,58658,58657,395,5810,0,6205,6205,1,1,0,30560,28,5,76,24,3,69,0,42,4,0
6,263.6,57.7,285,118671,920,45184605,274,27,274,128,59788,59788,544,8094,0,8638,8638,1,0,0,0,28,5,76,24,3,69,0,107,12,0
7,321.2,57.6,298,180956,1220,83732264,272,27,273,138,91070,91070,568,8854,0,9422,9422,1,0,0,0,28,5,76,24,3,126,0,107,12,0
8,401.7,80.5,526,393648,1220,326484507,390,39,391,188,197359,197359,1484,26474,0,27958,27959,0,0,0,0,47,7,76,26,3,126,0,107,12,1
9,482.2,80.5,482,403845,1970,280679737,346,35,345,183,202876,202876,1233,22248,0,23481,23479,2,1,0,71400,47,7,111,64,9,126,0,107,12,1
10,562.8,80.5,520,385248,1970,906313155,384,38,384,249,193578,193577,1448,25392,0,26840,26837,5,0,0,0,47,7,111,64,9,126,0,154,32,2
11,643.4,80.6,521,451018,2420,1117787674,380,38,381,249,226644,226644,1444,25897,0,27341,27338,8,0,0,0,47,7,111,64,9,176,0,154,32,3
12,733.4,90.0,714,665032,2570,2126489530,433,43,435,284,332731,332730,2369,43643,0,46012,46019,1,0,0,0,59,26,111,66,9,176,2,154,32,3
13,823.5,90.1,719,669571,4820,3213564047,433,43,435,296,336189,336189,2394,45452,0,47846,47846,1,0,0,0,59,26,136,76,10,176,2,154,32,3
14,913.5,90.0,676,648504,4820,3720575011,390,39,389,280,326423,326422,2070,39049,0,41119,41112,8,1,0,64216,59,26,136,76,10,176,2,184,37,3
15,1003.8,90.3,714,704988,4970,4205526048,428,43,428,324,354740,354739,2354,45757,0,48111,48109,10,0,0,0,59,26,136,76,10,213,2,184,37,3
16,1093.8,90.0,752,751315,5120,4167811276,381,38,381,288,375915,375914,2324,43896,0,46220,46223,7,1,0,76356,66,36,136,77,10,213,2,184,37,4
17,1183.8,90.0,802,781725,6470,6524484559,426,43,426,340,393138,393138,2714,54437,0,57151,57156,2,0,0,0,66,36,151,88,12,213,3,184,37,4
18,1274.0,90.2,813,806984,6470,8111040148,437,44,437,366,405768,405767,2813,55540,0,58353,58338,17,0,0,0,66,36,151,88,12,213,4,207,52,4
19,1364.2,90.2,767,780682,6620,7658024002,391,39,391,333,389174,389173,2428,46180,0,48608,48612,13,1,0,35052,66,36,151,88,12,234,4,207,52,4
20,1454.3,90.0,928,907127,6770,8824772330,382,38,381,325,456952,456951,2996,57441,0,60437,60401,49,1,0,43232,72,48,151,93,12,234,4,207,52,6
21,1544.3,90.0,976,997324,10520,13132830910,430,43,430,356,503927,503926,3484,67467,0,70951,70999,1,0,0,0,72,48,162,149,16,234,4,207,52,6
22,1634.3,90.0,973,1121035,-124306,22209394319,427,43,426,393,498369,498369,3444,69370,134,72948,72912,37,1,0,134826,72,48,162,149,16,234,4,225,68,7
23,1724.6,90.3,985,1061537,11270,23826888810,434,43,434,381,536408,536408,3544,69704,0,73248,73263,22,0,0,0,72,48,162,149,16,255,4,225,68,7
24,1814.6,90.0,1165,1221867,11420,30294101867,429,43,429,395,616648,616648,4292,85090,0,89382,89369,35,0,0,0,79,52,162,149,16,255,4,225,68,8
25,1904.7,90.0,1169,1235168,11570,31088602454,433,43,433,397,623374,623373,4340,84412,0,88752,88780,7,0,0,0,79,52,172,171,21,255,4,225,68,8
26,1994.7,90.0,1160,1409173,-195622,38879122166,424,42,423,412,606780,606780,4220,82024,207,86451,86441,17,1,0,207192,79,52,172,171,21,255,4,240,78,8
27,2084.7,90.1,1170,1264856,12470,39879100186,429,42,429,413,638668,638667,4312,87699,0,92011,91945,83,0,0,0,79,52,172,171,21,273,4,240,78,8
28,2174.8,90.1,1349,1404711,12920,46509790087,418,41,418,400,708820,708820,4976,97344,0,102320,102262,141,0,0,0,85,52,172,171,21,273,4,240,78,8
29,2264.9,90.2,1309,1338520,13820,41922530744,378,37,377,361,676175,676174,4406,87467,0,91873,92012,2,1,0,88110,85,52,180,174,32,273,4,240,78,8
30,2355.1,90.1,1366,1470101,13820,58105960779,435,43,435,435,741965,741965,5214,102432,0,107646,107619,29,0,0,0,85,52,180,174,32,273,4,254,81,8
31,2445.1,90.1,1356,1457345,13970,58018920076,425,42,425,425,735662,735662,5074,97626,0,102700,102678,51,0,0,0,85,52,180,174,32,288,4,254,81,8
32,2535.1,90.0,1480,1588455,14270,63453557492,429,42,429,429,801367,801367,5639,110010,0,115649,115699,1,0,0,0,90,54,180,175,32,288,4,254,81,8
33,2625.2,90.1,1488,1605861,16820,68404323113,432,43,432,432,811345,811345,5704,112060,0,117764,117761,4,0,0,0,90,54,187,216,40,288,4,254,81,8
34,2715.3,90.1,1487,1601660,16820,87069147581,431,43,431,431,809245,809244,5689,113836,0,119525,119492,37,0,0,0,90,54,187,216,40,288,4,265,102,8
35,2805.5,90.2,1487,1663052,16970,89580863884,431,43,431,431,840016,840015,5689,113704,0,119393,119409,21,0,0,0,90,54,187,216,40,302,4,265,102,8
36,2895.6,90.1,1487,1629320,16970,88931148187,421,42,421,421,823150,823149,5579,108846,0,114425,114356,90,0,0,0,94,55,187,216,40,302,4,265,102,8
37,2985.8,90.2,1505,1691142,18320,97583851626,434,43,434,434,854736,854735,5799,115796,0,121595,121667,18,0,0,0,94,55,193,238,40,302,4,265,102,8
38,3076.0,90.2,1452,1612268,18320,95908213105,381,38,380,380,815299,815298,4988,102264,0,107252,107146,124,1,0,154354,94,55,193,238,40,302,4,273,114,8
39,3166.1,90.1,1505,1712328,19670,103892042248,429,43,429,429,866004,866003,5744,114257,0,120001,120071,54,0,0,0,94,55,193,238,40,313,4,273,114,8
40,3256.3,90.2,1571,1818576,19820,122061825301,440,44,440,440,919203,919202,6164,120594,0,126758,126745,67,0,0,0,97,69,193,238,40,313,4,273,114,8
41,3346.3,90.0,1514,1660818,19970,109659880058,383,38,382,382,840399,840398,5238,105241,0,110479,110525,21,1,0,107420,97,69,198,240,47,313,4,273,114,8
42,3436.5,90.2,1567,1800001,19970,140823642646,436,43,436,436,909990,909990,6100,119585,0,125685,125674,32,0,0,0,97,69,198,240,47,313,4,281,123,8
43,3526.6,90.1,1561,1767870,21920,129785752127,420,42,420,420,894900,894899,5884,118255,0,124139,124158,13,0,0,0,97,69,198,240,47,322,4,281,123,8
44,3616.7,90.1,1704,1922293,21920,140782098835,423,42,423,423,972111,972111,6519,133420,0,139939,139623,329,0,0,0,100,76,198,241,47,322,4,281,123,8
45,3706.8,90.2,1706,1932389,24770,160406748358,425,42,425,425,978584,978584,6555,133382,0,139937,140239,27,0,0,0,100,76,203,256,48,322,4,281,123,8
46,3796.9,90.1,1718,1993161,24770,185390278783,437,43,437,437,1008970,1008970,6771,129577,0,136348,136222,153,0,0,0,100,76,203,256,48,322,4,289,123,8
47,3887.1,90.2,1663,1723633,25070,138926703519,381,38,381,381,874356,874356,5802,112233,0,118035,118034,154,0,1,0,100,76,203,256,48,329,4,289,123,8
48,3977.1,90.0,1864,2094651,25370,194545117461,423,42,423,423,1060015,1060015,7201,146294,0,153495,153570,79,0,0,0,103,80,203,257,48,329,4,289,123,8
49,4067.2,90.0,1879,2154427,28670,207383795845,433,43,433,433,1091553,1091553,7411,143300,0,150711,150782,8,0,0,0,103,80,207,286,50,329,4,289,123,8
50,4157.2,90.0,1873,2121539,28670,230944852794,427,43,427,427,1075109,1075109,7297,144437,0,151734,151594,148,0,0,0,103,80,207,286,50,329,4,296,132,8
51,4247.3,90.1,1879,2189879,28820,229529445470,433,43,433,433,1109354,1109354,7411,144627,0,152038,152019,167,0,0,0,103,80,207,286,50,337,4,296,132,8
52,4337.4,90.1,2016,2341741,29120,251174276706,435,43,435,435,1185435,1185435,8040,159567,0,167607,167741,33,0,0,0,106,82,207,287,50,337,4,296,132,8
53,4427.5,90.1,1973,2133578,31520,220882576348,392,39,391,391,1082554,1082553,7146,143266,0,150412,150415,30,1,0,48748,106,82,211,297,55,337,4,296,132,8
54,4517.5,90.0,1992,2258751,-32352,245627834975,411,41,410,410,1113204,1113204,7524,151116,63,158703,158542,191,1,0,63872,106,82,211,297,55,337,4,302,144,8
55,4607.6,90.1,2008,2338409,31820,271697629022,427,42,427,427,1185119,1185119,7872,156893,0,164765,164739,217,0,0,0,106,82,211,297,55,345,4,302,144,8
56,4697.6,90.0,2072,2425303,32120,285236983429,431,43,431,431,1228716,1228716,8215,161815,0,170030,169882,365,0,0,0,108,90,211,299,55,345,4,302,144,8
57,4787.9,90.2,2027,2416778,36920,305142995098,386,38,385,385,1226854,1226853,7253,144681,0,151934,152287,12,1,0,271040,108,90,214,320,55,345,4,302,144,8
58,4878.0,90.1,2032,2303927,36920,276400420218,391,39,390,390,1170428,1170428,7355,142209,0,149564,149370,206,1,0,128568,108,90,214,320,55,345,4,307,153,8
59,4968.1,90.1,2075,2478901,37070,351026068103,434,43,434,434,1257990,1257990,8278,165306,0,173584,173574,216,0,0,0,108,90,214,320,55,352,4,307,153,8
60,5058.2,90.1,2173,2572645,37220,358940500151,432,43,432,432,1304937,1304937,8668,176825,0,185493,185550,159,0,0,0,110,97,214,320,55,352,4,307,153,8
61,5148.4,90.2,2177,2598610,37370,387714506791,436,43,436,436,1317995,1317994,8756,172472,0,181228,181356,31,0,0,0,110,97,218,325,55,352,4,307,153,8
62,5238.4,90.0,2168,2540244,37370,365354744173,427,42,427,427,1288812,1288811,8558,166276,0,174834,174623,242,0,0,0,110,97,218,325,55,352,4,313,154,8
63,5328.4,90.1,2169,2559310,37520,388613337179,428,42,428,428,1298420,1298419,8580,172129,0,180709,180822,129,0,0,0,110,97,218,325,55,359,4,313,154,8
64,5418.5,90.0,2148,2302034,37670,304080054144,382,38,381,381,1169857,1169856,7650,153175,0,160825,160874,80,1,0,21468,112,98,218,327,55,359,4,313,154,8
65,5508.7,90.2,2198,2611945,40220,396905537933,432,43,432,432,1326087,1326087,8768,177883,0,186651,186706,25,0,0,0,112,98,221,343,77,359,4,313,154,8
66,5598.8,90.1,2206,2664648,40220,486461350960,440,44,440,440,1352439,1352438,8950,174863,0,183813,183715,123,0,0,0,112,98,221,343,77,359,4,318,161,8
67,5688.9,90.1,2165,2406668,40220,407142802835,394,39,393,393,1223449,1223448,7930,156245,0,164175,164256,42,1,0,16960,112,98,221,343,77,364,4,318,161,8
68,5779.0,90.1,2307,2753339,40220,501359954549,431,43,431,431,1396784,1396784,9224,178963,0,188187,188016,213,0,0,0,114,101,221,343,77,364,4,318,161,8
69,5869.2,90.2,2314,2801864,40220,526920841514,438,44,438,438,1421047,1421046,9392,189900,0,199292,199395,110,0,0,0,114,101,224,356,84,364,4,318,161,8
70,5959.2,90.0,2307,2753339,40220,520120363580,431,43,431,431,1396784,1396784,9224,184709,0,193933,192829,1214,0,0,0,114,101,224,356,84,364,4,323,165,8
71,6049.3,90.1,2297,2705079,40220,523348925317,421,42,421,421,1372654,1372654,8987,182809,0,191796,192655,355,0,0,0,114,101,224,356,84,370,4,323,165,8
72,6139.3,90.0,2334,2785834,40220,534394097851,428,43,428,428,1413032,1413031,9296,186928,0,196224,196028,551,0,0,0,116,103,224,356,84,370,4,323,165,8
73,6229.4,90.1,2336,2799925,40220,544088143189,430,43,430,430,1420077,1420077,9344,186457,0,195801,196254,98,0,0,0,116,103,227,362,89,370,4,323,165,8
74,6319.6,90.1,2336,2799925,40220,554586423897,430,43,430,430,1420077,1420077,9344,189135,0,198479,197708,869,0,0,0,116,103,227,362,89,370,4,328,165,8
75,6409.8,90.2,2283,2815067,40220,455954687533,377,38,376,376,1427648,1427648,8066,163402,0,171468,172095,242,1,0,384936,116,103,227,362,89,375,4,328,165,8
76,6499.8,90.0,2344,2804518,40220,565793559830,428,43,428,428,1422374,1422373,9336,183784,0,193120,192838,524,0,0,0,118,103,227,362,89,375,4,328,165,8
77,6589.9,90.1,2354,2845384,40220,575481785036,433,43,433,433,1442807,1442806,9476,189163,0,198639,199078,85,0,0,0,118,103,230,363,100,375,4,328,165,8
78,6680.0,90.2,2355,2852497,40220,609135268798,434,43,434,434,1446363,1446363,9500,188301,0,197801,197240,646,0,0,0,118,103,230,363,100,375,4,332,171,8
79,6770.2,90.1,2310,2879558,40220,540112497815,389,38,388,388,1459894,1459893,8398,162553,0,170951,171290,307,1,0,327096,118,103,230,363,100,379,4,332,171,8
80,6860.3,90.1,2429,2922632,40220,611228497937,428,42,428,428,1481431,1481430,9704,187895,0,197599,196671,1235,0,0,0,119,109,230,364,100,379,4,332,171,8
81,6950.4,90.1,2389,2705949,40220,525459361765,383,38,382,382,1373089,1373089,8587,170277,0,178864,179909,190,1,0,114450,119,109,232,374,104,379,4,332,171,8
82,7040.6,90.1,2441,2979724,40220,647009065576,435,44,435,435,1509977,1509976,9899,194838,0,204737,204565,362,0,0,0,119,109,232,374,104,379,4,336,174,8
83,7130.7,90.2,2392,2697170,40220,553888150891,381,38,380,380,1368700,1368699,8556,162098,0,170654,171003,13,1,0,99888,119,109,232,374,104,383,4,336,174,8
84,7220.9,90.2,2482,3016159,40220,647048163424,431,43,431,431,1528194,1528194,9979,193805,0,203784,203208,589,0,0,0,120,114,232,375,104,383,4,336,174,8
85,7311.1,90.1,2431,2970025,40220,558141660906,380,38,379,379,1505127,1505127,8681,173120,0,181801,182137,253,1,0,342152,120,114,234,382,110,383,4,336,174,8
86,7401.2,90.1,2477,2978483,40220,650474133538,426,42,426,426,1509356,1509356,9854,190989,0,200843,199551,1545,0,0,0,120,114,234,382,110,383,4,339,183,8
87,7491.3,90.2,2477,3015262,40220,653609395723,426,42,426,426,1527746,1527745,9854,194108,0,203962,204789,718,0,0,0,120,114,234,382,110,387,4,339,183,8
88,7581.4,90.1,2574,3168004,40220,679054371582,433,43,433,433,1604117,1604116,10422,211072,0,221494,221108,1104,0,0,0,121,119,234,382,110,387,4,339,183,8
89,7671.5,90.1,2574,3168004,40220,686602337412,433,43,433,433,1604117,1604116,10422,208541,0,218963,219890,177,0,0,0,121,119,236,394,113,387,4,339,183,8
90,7761.5,90.0,2568,3120841,40220,681080731883,427,42,427,427,1580535,1580535,10266,201206,0,211472,210641,1008,0,0,0,121,119,236,394,113,387,4,342,190,8
91,7851.6,90.1,2575,3172868,40220,688033235206,429,43,429,429,1606549,1606548,10338,206732,0,217070,218057,21,0,0,0,121,119,236,394,113,391,4,342,190,8
92,7941.7,90.0,2660,3301865,40220,707075041213,434,43,434,434,1671047,1671047,10822,210095,0,220917,218425,2513,0,0,0,122,122,236,396,113,391,4,342,190,8
93,8031.7,90.0,2653,3244768,40220,697172903803,427,43,427,427,1642499,1642498,10633,208134,0,218767,221272,8,0,0,0,122,122,238,405,113,391,4,342,190,8
94,8121.8,90.1,2657,3277380,40220,710648159348,431,43,431,431,1658805,1658804,10741,214715,0,225456,224757,707,0,0,0,122,122,238,405,113,391,4,345,197,8
95,8212.0,90.3,2661,3342154,40220,721261990893,435,44,435,435,1691192,1691191,10849,217727,0,228576,228822,461,0,0,0,122,122,238,405,113,395,4,345,197,8
96,8302.1,90.1,2678,3328246,40220,671531127998,387,38,386,386,1684238,1684237,9789,195849,0,205638,205499,600,1,0,321232,123,124,238,407,113,395,4,345,197,8
97,8392.1,90.0,2730,3449093,40220,739688669838,439,43,439,439,1744661,1744661,11247,216944,0,228191,228676,115,0,0,0,123,124,240,414,117,395,4,345,197,8
98,8482.2,90.0,2729,3440669,40220,740991513552,438,43,438,438,1740449,1740449,11219,218491,0,229710,227756,2069,0,0,0,123,124,240,414,117,395,4,348,202,8
99,8572.2,90.1,2674,3499732,40220,622152835984,383,38,382,382,1769981,1769980,9679,188843,0,198522,200281,310,1,0,504788,123,124,240,414,117,398,4,348,202,8
100,8662.3,90.1,2799,3507973,40220,737767400757,433,43,433,433,1774101,1774101,11388,224672,0,236060,233168,3202,0,0,0,124,127,240,414,117,398,4,348,202,8
101,8752.5,90.1,2802,3496263,40220,737144684728,431,43,431,431,1768246,1768246,11354,218735,0,230089,233170,121,0,0,0,124,127,242,419,125,398,4,348,202,8
102,8842.5,90.0,2752,3173575,40220,635190085190,381,38,380,380,1606902,1606902,9926,197708,0,207634,205043,2712,1,0,115644,124,127,242,419,125,398,4,351,203,8
103,8932.5,90.0,2804,3522744,40220,744191205417,433,43,433,433,1781487,1781486,11412,230026,0,241438,243219,931,0,0,0,124,127,242,419,125,402,4,351,203,8
104,9022.7,90.2,2843,3597471,40220,756398698414,437,44,437,437,1818850,1818850,11697,238750,0,250447,250302,1076,0,0,0,125,130,242,419,125,402,4,351,203,8
105,9113.0,90.3,2847,3594358,40220,757683245573,436,43,436,436,1817294,1817293,11688,224183,0,235871,236571,376,0,0,0,125,130,244,423,127,402,4,351,203,8
106,9203.0,90.1,2839,3523940,40220,742212512798,428,42,428,428,1782085,1782084,11456,235376,0,246832,246375,833,0,0,0,125,130,244,423,127,402,4,354,207,8
107,9293.1,90.1,2799,3614418,40220,717011470084,388,38,387,387,1827324,1827323,10272,198905,0,209177,208664,1346,1,0,428736,125,130,244,423,127,405,4,354,207,8
108,9383.3,90.2,2840,3463664,40220,650220066855,384,38,383,383,1751947,1751946,10333,207793,0,218126,215694,3778,1,0,268056,126,131,244,425,127,405,4,354,207,8
109,9473.4,90.0,2883,3586717,40220,746514869077,427,43,427,427,1813473,1813473,11607,237293,0,248900,252433,245,0,0,0,126,131,246,429,129,405,4,354,207,8
110,9563.5,90.1,2882,3577759,40220,745980540480,426,43,426,426,1808994,1808994,11578,232378,0,243956,241923,2278,0,0,0,126,131,246,429,129,405,4,357,209,8
111,9653.7,90.2,2887,3635963,40220,757336823053,431,43,431,431,1838096,1838096,11723,237751,0,249474,251135,617,0,0,0,126,131,246,429,129,409,4,357,209,8
112,9743.9,90.2,2899,3704796,40220,773998930441,438,43,438,438,1872513,1872512,11946,227612,0,239558,239425,750,0,0,0,127,133,246,429,129,409,4,357,209,8
113,9834.1,90.1,2894,3620212,40220,754681993580,428,43,428,428,1830221,1830220,11676,235628,0,247304,247777,277,0,0,0,127,133,248,430,136,409,4,357,209,8
114,9924.1,90.0,2894,3620212,40220,755070577189,428,43,428,428,1830221,1830220,11676,238628,0,250304,246676,3905,0,0,0,127,133,248,430,136,409,4,360,210,8
115,10014.3,90.2,2851,3699022,40220,661000931806,385,39,384,384,1869626,1869625,10401,202230,0,212631,214499,2037,1,0,464800,127,133,248,430,136,412,4,360,210,8
116,10104.4,90.2,2911,3624653,40220,751068577280,425,43,425,425,1832441,1832441,11680,239606,0,251286,253286,37,0,0,0,128,135,248,430,136,412,4,360,210,8
117,10194.6,90.2,2875,3301434,40220,662947886593,384,38,383,383,1670832,1670831,10471,214760,0,225231,224759,509,1,0,50976,128,135,249,441,138,412,4,360,210,8
118,10284.7,90.1,2923,3694010,40220,772230695728,432,43,432,432,1867120,1867119,11915,240545,0,252460,249437,3532,0,0,0,128,135,249,441,138,412,4,363,210,8
119,10374.9,90.2,2922,3689992,40220,770305149233,431,43,431,431,1865111,1865110,11885,235132,0,247017,250175,374,0,0,0,128,135,249,441,138,415,4,363,210,8
120,10465.0,90.1,2914,3263868,40220,650905086144,373,37,372,372,1652049,1652048,10327,205051,0,215378,213184,2568,1,0,58234,129,136,249,441,138,415,4,363,210,8
121,10555.1,90.1,2929,3603571,40220,680011535989,388,38,387,387,1821900,1821900,10774,209940,0,220714,222718,564,1,0,261720,129,136,250,450,141,415,4,363,210,8
122,10645.1,90.0,2973,3755929,40220,779738584112,432,43,432,432,1898079,1898079,12124,239044,0,251168,249244,2488,0,0,0,129,136,250,450,141,415,4,365,216,8
123,10735.1,90.0,2969,3747755,40220,772269819368,428,42,428,428,1893992,1893992,12004,235860,0,247864,250338,14,0,0,0,129,136,250,450,141,418,4,365,216,8
124,10825.2,90.0,3008,3825106,40220,783318744490,432,43,432,432,1932668,1932667,12272,248831,0,261103,256517,4600,0,0,0,130,137,250,451,141,418,4,365,216,8
125,10915.3,90.1,3018,3878058,40220,795414126516,437,43,437,437,1959144,1959143,12452,241568,0,254020,258603,17,0,0,0,130,137,251,461,149,418,4,365,216,8
126,11005.4,90.1,3021,3906428,40220,805041214204,440,44,440,440,1973329,1973328,12545,242910,0,255455,252948,2524,0,0,0,130,137,251,461,149,418,4,367,221,8
127,11095.5,90.2,2956,3892712,40220,664205760282,375,37,374,374,1966471,1966470,10544,209302,0,219846,220172,2198,1,0,583200,130,137,251,461,149,420,4,367,221,8
128,11185.8,90.3,3074,3892082,40220,783441166101,428,43,428,428,1966156,1966155,12452,249665,0,262117,260046,4269,0,0,0,131,138,251,462,149,420,4,367,221,8
129,11275.8,90.0,3024,3759200,40220,674979440934,378,38,377,377,1899715,1899714,10871,216542,0,227413,231493,189,1,0,356478,131,138,252,469,152,420,4,367,221,8
130,11366.0,90.1,3078,3930758,40220,795158789601,432,43,432,432,1985494,1985493,12576,258741,0,271317,269278,2228,0,0,0,131,138,252,469,152,420,4,369,226,8
131,11456.0,90.0,3074,3917444,40220,787414533083,428,43,428,428,1978837,1978836,12452,254012,0,266464,266948,1744,0,0,0,131,138,252,469,152,423,4,369,226,8
132,11546.0,90.0,3100,3955892,40220,791331062289,429,42,429,429,1998061,1998060,12583,236730,0,249313,246223,4834,0,0,0,132,139,252,469,152,423,4,369,226,8
133,11636.0,90.0,3099,3946098,40220,789910249093,428,42,428,428,1993164,1993163,12552,240576,0,253128,257766,196,0,0,0,132,139,253,477,154,423,4,369,226,8
134,11726.1,90.1,3059,4128457,40220,704100060927,388,38,387,387,2084343,2084343,11282,224333,0,235615,232664,3147,1,0,581200,132,139,253,477,154,423,4,371,228,8
135,11816.3,90.3,3098,3948565,40220,790389303346,427,42,427,427,1994397,1994397,12521,243578,0,256099,257564,1682,0,0,0,132,139,253,477,154,426,4,371,228,8
136,11906.5,90.2,3055,3512310,40220,686106683191,379,38,378,378,1776270,1776269,11022,215139,0,226161,227429,414,1,0,36624,133,139,253,478,154,426,4,371,228,8
137,11996.6,90.1,3109,4013345,40220,804490841897,433,43,433,433,2026787,2026787,12736,252056,0,264792,265085,121,0,0,0,133,139,254,485,159,426,4,371,228,8
138,12086.7,90.1,3109,4013345,40220,806362803828,433,43,433,433,2026787,2026787,12736,254515,0,267251,262815,4557,0,0,0,133,139,254,485,159,426,4,373,231,8
139,12176.8,90.1,3105,3990760,40220,798287187778,429,43,429,429,2015495,2015494,12608,248318,0,260926,264477,1006,0,0,0,133,139,254,485,159,429,4,373,231,8
140,12266.9,90.1,3066,3856980,40220,730524234273,390,39,389,389,1948605,1948604,11366,226473,0,237839,233832,5013,1,0,258406,134,139,254,485,159,429,4,373,231,8
141,12357.1,90.1,3112,3972604,40220,792941599235,426,43,426,426,2006417,2006416,12562,250974,0,263536,268262,287,0,0,0,134,139,255,491,166,429,4,373,231,8
142,12447.3,90.2,3118,4032046,40220,807370123272,432,43,432,432,2036138,2036137,12754,244241,0,256995,253825,3457,0,0,0,134,139,255,491,166,429,4,375,233,8
143,12537.3,90.0,3110,4428456,-433108,788410816354,424,42,423,423,1997679,1997678,12466,240945,473,253884,257003,338,1,0,473328,134,139,255,491,166,431,4,375,233,8
144,12627.4,90.1,3170,4033714,40220,793131287578,424,42,424,424,2036972,2036971,12752,247056,0,259808,256006,4140,0,0,0,135,139,255,492,166,431,4,375,233,8
145,12717.5,90.1,3175,4084176,40220,804116652235,429,43,429,429,2062203,2062202,12912,254457,0,267369,271211,298,0,0,0,135,139,256,498,168,431,4,375,233,8
146,12807.6,90.2,3179,4124595,40220,814170797451,433,43,433,433,2082412,2082412,13040,261537,0,274577,274404,471,0,0,0,135,139,256,498,168,431,4,377,235,8
147,12897.8,90.1,3181,4112684,40220,808251336307,430,43,430,430,2076457,2076456,12964,254059,0,267023,266129,1365,0,0,0,135,139,256,498,168,433,4,377,235,8
148,12987.9,90.2,3233,4145785,40220,804074121358,427,43,427,427,2093007,2093007,13115,267008,0,280123,280596,892,0,0,0,136,139,256,499,168,433,4,377,235,8
149,13078.1,90.2,3236,4130965,40220,800176262056,425,42,425,425,2085597,2085597,13069,257910,0,270979,271391,480,0,0,0,136,139,257,504,172,433,4,377,235,8
150,13168.1,90.0,3230,4069245,40220,788452119762,419,41,419,419,2054737,2054737,12871,253551,0,266422,265751,1151,0,0,0,136,139,257,504,172,433,4,379,236,8
151,13258.2,90.1,3240,4134428,40220,799567229994,424,42,424,424,2087329,2087328,13056,255832,0,268888,267292,2747,0,0,0,136,139,257,504,172,435,4,379,236,8
152,13348.2,90.0,3288,4217449,40220,807849985151,427,42,427,427,2128839,2128839,13335,256898,0,270233,270707,2273,0,0,0,137,139,257,504,172,435,4,379,236,8
153,13438.4,90.1,3308,4333969,40220,829635289490,437,43,437,437,2187099,2187099,13713,269799,0,283512,284751,1034,0,0,0,137,139,258,509,176,435,4,379,236,8
154,13528.5,90.2,3296,4208053,40220,804978379947,425,42,425,425,2124141,2124141,13309,257460,0,270769,265908,5895,0,0,0,137,139,258,509,176,435,4,381,237,8
155,13618.7,90.1,3301,4268688,40220,815922113712,430,43,430,430,2154459,2154458,13475,267921,0,281396,287129,162,0,0,0,137,139,258,509,176,437,4,381,237,8
156,13708.8,90.2,3351,4326974,40220,817831821298,430,43,430,430,2183602,2183601,13704,274696,0,288400,285865,2697,0,0,0,138,139,258,509,176,437,4,381,237,8
157,13799.0,90.2,3308,4363305,40220,702159680265,377,37,376,376,2201767,2201767,11909,241728,0,253637,255218,1116,1,0,596960,138,139,259,512,181,437,4,381,237,8
158,13889.2,90.2,3358,4306626,40220,812326365803,427,42,427,427,2173428,2173427,13642,270065,0,283707,277569,7254,0,0,0,138,139,259,512,181,437,4,383,238,8
159,13979.2,90.1,3363,4368326,40220,823263429194,432,43,432,432,2204278,2204277,13812,268347,0,282159,286717,2696,0,0,0,138,139,259,512,181,439,4,383,238,8
160,14069.2,90.0,3406,4447655,40220,831252504073,435,43,435,435,2243942,2243942,14080,283845,0,297925,299366,1255,0,0,0,139,139,259,512,181,439,4,383,238,8
161,14159.3,90.0,3406,4351177,40220,810061038318,425,42,425,425,2195703,2195703,13780,265621,0,279401,280438,218,0,0,0,139,139,260,516,184,439,4,383,238,8
162,14249.3,90.1,3410,4394458,40220,819479975690,429,42,429,429,2217344,2217343,13920,262970,0,276890,267539,9569,0,0,0,139,139,260,516,184,439,4,385,238,8
163,14339.5,90.2,3422,4528152,40220,845333421015,441,44,441,441,2284191,2284190,14340,278819,0,293159,300371,2357,0,0,0,139,139,260,516,184,441,4,385,238,8
164,14429.6,90.2,3456,4510225,40220,833939588628,435,43,435,435,2275227,2275227,14309,282788,0,297097,296138,3316,0,0,0,140,139,260,516,184,441,4,385,238,8
165,14519.7,90.1,3460,4505157,40220,831927534877,434,43,434,434,2272693,2272693,14294,279149,0,293443,296477,282,0,0,0,140,139,261,520,188,441,4,385,238,8
166,14609.8,90.1,3454,4439389,40220,819849057933,428,43,428,428,2239809,2239809,14084,275745,0,289829,289852,259,0,0,0,140,139,261,520,188,441,4,387,238,8
167,14699.8,90.0,3460,4459658,40220,822208308652,429,42,429,429,2249944,2249943,14139,285591,0,299730,295181,4808,0,0,0,140,139,261,520,188,443,4,387,238,8
168,14789.9,90.0,3495,4549916,40220,834120354178,434,43,434,434,2295073,2295072,14434,287556,0,301990,295802,10996,0,0,0,141,139,261,520,188,443,4,387,238,8
169,14879.9,90.1,3485,4439325,40220,812646771369,424,42,424,424,2239777,2239777,14084,279865,0,293949,304350,595,0,0,0,141,139,262,524,191,443,4,387,238,8
170,14970.2,90.3,3447,4555396,40220,729678435288,386,38,385,385,2297813,2297812,12721,249681,0,262402,261187,1810,1,0,544314,141,139,262,524,191,443,4,388,243,8
171,15060.3,90.1,3496,4587983,40220,837611828797,435,43,435,435,2314106,2314106,14469,282567,0,297036,294421,4425,0,0,0,141,139,262,524,191,445,4,388,243,8
172,15150.4,90.2,3520,4606453,40220,836475825132,434,43,434,434,2323341,2323341,14554,286402,0,300956,301823,3558,0,0,0,142,139,262,524,191,445,4,388,243,8
173,15240.6,90.2,3518,4584046,40220,832182103414,432,43,432,432,2312138,2312137,14482,296014,0,310496,312352,1702,0,0,0,142,139,263,528,193,445,4,388,243,8
174,15330.8,90.2,3465,4491399,40220,716976455737,379,38,378,378,2265814,2265814,12576,251265,0,263841,257287,8256,1,0,507624,142,139,263,528,193,445,4,389,247,8
175,15420.8,90.0,3515,4572229,40220,826941739272,429,43,429,429,2306229,2306229,14374,277243,0,291617,294197,5676,0,0,0,142,139,263,528,193,447,4,389,247,8
176,15510.9,90.1,3490,4372598,40220,729017473337,384,38,383,383,2206414,2206413,12825,254671,0,267496,268088,5084,1,0,293130,142,143,263,528,193,447,4,389,247,8
177,15600.9,90.0,3539,4590314,40220,827843181038,428,42,428,428,2315272,2315271,14452,281377,0,295829,300066,847,0,0,0,142,143,264,531,196,447,4,389,247,8
178,15691.1,90.2,3544,4646906,40220,839124656685,433,43,433,433,2343568,2343567,14632,289525,0,304157,297980,7024,0,0,0,142,143,264,531,196,447,4,391,247,8
179,15781.2,90.1,3496,4632162,40220,733968661968,385,38,384,384,2336196,2336195,12874,265761,0,278635,279870,5789,1,0,533408,142,143,264,531,196,449,4,391,247,8
180,15871.3,90.1,3548,4594218,40220,826896342113,427,42,427,427,2317224,2317223,14456,280259,0,294715,290774,9730,0,0,0,142,147,264,531,196,449,4,391,247,8
181,15961.5,90.2,3553,4650975,40220,839591591591,432,43,432,432,2345602,2345602,14636,285285,0,299921,306764,2887,0,0,0,142,147,265,534,198,449,4,391,247,8
182,16051.5,90.0,3555,4673697,40220,844410101582,434,43,434,434,2356963,2356963,14708,287966,0,302674,304204,1357,0,0,0,142,147,265,534,198,449,4,393,247,8
183,16141.5,90.0,3504,4548024,40220,732810244867,383,38,382,382,2294127,2294126,12837,262720,0,275557,273796,3118,1,0,458146,142,147,265,534,198,451,4,393,247,8
184,16231.6,90.1,3547,4535433,40220,817011599412,421,42,421,421,2287831,2287831,14260,278788,0,293048,294595,1571,0,0,0,142,150,265,534,198,451,4,393,247,8
185,16321.7,90.1,3558,4558352,40220,820786802809,422,42,422,422,2299291,2299290,14336,281116,0,295452,296799,224,0,0,0,142,150,266,536,202,451,4,393,247,8
186,16411.7,90.0,3518,4640792,40220,734670150067,382,38,381,381,2340511,2340510,12863,260459,0,273322,271501,2045,1,0,545870,142,150,266,536,202,451,4,394,250,8
187,16501.8,90.0,3563,4580915,40220,821538147335,422,42,422,422,2310572,2310572,14356,285039,0,299395,297232,4208,0,0,0,142,150,266,536,202,453,4,394,250,8
188,16591.9,90.2,3533,4200219,40220,734038189930,382,38,381,381,2120224,2120224,12921,245101,0,258022,251754,10476,1,0,75020,142,152,266,537,202,453,4,394,250,8
189,16682.0,90.1,3582,4695799,40220,842472101548,431,43,431,431,2368014,2368014,14720,300567,0,315287,322266,3497,0,0,0,142,152,267,540,203,453,4,394,250,8
190,16772.1,90.1,3533,4125430,40220,735584375601,381,38,381,381,2082830,2082829,12922,244580,0,257502,257361,3638,0,1,0,142,152,267,540,203,453,4,395,253,8
191,16862.3,90.2,3579,4678322,40220,836813089511,428,42,428,428,2359276,2359275,14612,288584,0,303196,304791,2043,0,0,0,142,152,267,540,203,455,4,395,253,8
192,16952.3,90.1,3592,4724789,40220,843782790106,431,43,431,431,2382509,2382509,14760,294421,0,309181,304121,7103,0,0,0,142,155,267,540,203,455,4,395,253,8
193,17042.4,90.1,3599,4805755,40220,860104209685,438,43,438,438,2422992,2422992,15012,292798,0,307810,312875,2038,0,0,0,142,155,268,542,206,455,4,395,253,8
194,17132.5,90.0,3547,4671419,40220,746603900841,386,38,385,385,2355824,2355824,13107,259407,0,272514,269259,5293,1,0,474500,142,155,268,542,206,455,4,396,256,8
195,17222.7,90.3,3590,4718801,40220,841378871054,429,42,429,429,2379515,2379515,14688,285620,0,300308,302504,3097,0,0,0,142,155,268,542,206,457,4,396,256,8
196,17312.9,90.1,3591,4678333,40220,833197626483,425,43,425,425,2359281,2359281,14564,299683,0,314247,314844,2500,0,0,0,143,155,268,542,206,457,4,396,256,8
197,17403.0,90.1,3602,4806056,40220,856821129917,436,44,436,436,2423143,2423142,14962,293831,0,308793,308317,2976,0,0,0,143,155,269,544,207,457,4,396,256,8
198,17493.0,90.0,3603,4817684,40220,859279732668,437,44,437,437,2428957,2428956,14999,299411,0,314410,315156,2230,0,0,0,143,155,269,544,207,457,4,397,260,8
199,17583.1,90.1,3597,4770338,40220,846759590354,431,43,431,431,2405284,2405283,14780,296266,0,311046,311361,1915,0,0,0,143,155,269,544,207,459,4,397,260,8
200,17673.3,90.2,3601,4764650,40220,845014437450,430,43,430,430,2402440,2402439,14765,291929,0,306694,298007,10602,0,0,0,143,157,269,545,207,459,4,397,260,8
201,17763.4,90.1,3600,4752973,40220,843835699436,429,42,429,429,2396601,2396601,14728,283726,0,298454,308267,789,0,0,0,143,157,270,547,207,459,4,397,260,8
202,17853.6,90.2,3604,4799697,40220,852727021897,433,43,433,433,2419963,2419963,14876,297161,0,312037,300932,11894,0,0,0,143,157,270,547,207,459,4,398,263,8
203,17943.7,90.2,3595,4711602,40220,833675166332,424,42,424,424,2375916,2375915,14548,283407,0,297955,308081,1768,0,0,0,143,157,270,547,207,461,4,398,263,8
204,18033.7,90.0,3612,4910966,40220,870473867862,441,44,441,441,2475598,2475597,15172,301962,0,317134,313537,5365,0,0,0,143,159,270,548,207,461,4,398,263,8
205,18123.8,90.1,3598,4746726,40220,841349325345,427,42,427,427,2393478,2393477,14656,289556,0,304212,307687,1890,0,0,0,143,159,271,549,210,461,4,398,263,8
206,18214.0,90.1,3559,4391780,40220,755595370735,388,38,387,387,2216005,2216004,13217,264307,0,277524,268375,11039,1,0,111040,143,159,271,549,210,461,4,399,265,8
207,18304.1,90.1,3602,4805716,40220,850272065417,431,43,431,431,2422973,2422972,14802,297703,0,312505,320236,3308,0,0,0,143,159,271,549,210,463,4,399,265,8
208,18394.2,90.2,3609,4888052,40220,865592855959,438,43,438,438,2464141,2464140,15061,294072,0,309133,311793,648,0,0,0,143,161,271,549,210,463,4,399,265,8
209,18484.3,90.1,3613,4829544,40220,853668093296,432,43,432,432,2434887,2434886,14889,300377,0,315266,311498,4416,0,0,0,143,161,272,550,212,463,4,399,265,8
210,18574.4,90.1,3616,4864906,40220,860254630142,435,43,435,435,2452568,2452567,15000,294136,0,309136,312307,1245,0,0,0,143,161,272,550,212,463,4,400,268,8
211,18664.5,90.1,3566,4849081,40220,750995267287,385,38,384,384,2444655,2444655,13150,253116,0,266266,264385,3126,1,0,565992,143,161,272,550,212,464,4,400,268,8
212,18754.5,90.0,3646,5203951,-310180,848425876822,430,43,429,429,2446890,2446890,14937,299050,350,314337,312434,5029,1,0,350400,143,163,272,550,212,464,4,400,268,8
213,18844.7,90.1,3655,4919247,40220,859995187330,434,43,434,434,2479738,2479738,15142,298158,0,313300,317475,854,0,0,0,143,163,273,551,214,464,4,400,268,8
214,18934.8,90.1,3610,4772018,40220,761350710310,389,38,388,388,2406124,2406123,13442,259068,0,272510,264742,8622,1,0,398692,143,163,273,551,214,464,4,401,269,8
215,19024.8,90.0,3653,4848677,40220,845297973382,427,43,427,427,2444453,2444453,14903,301418,0,316321,322261,2682,0,0,0,143,163,273,551,214,465,4,401,269,8
216,19115.0,90.2,3664,4688552,40220,760431810223,388,39,387,387,2364391,2364390,13625,274571,0,288196,288981,1897,1,0,260832,143,164,273,552,214,465,4,401,269,8
217,19205.3,90.3,3710,4884236,40220,840555620957,424,42,424,424,2462233,2462232,15042,296687,0,311729,310572,3054,0,0,0,143,164,274,553,214,465,4,401,269,8
218,19295.4,90.2,3710,4884236,40220,840690987684,424,42,424,424,2462233,2462232,15042,293612,0,308654,296335,15373,0,0,0,143,164,274,553,214,465,4,402,271,8
219,19385.5,90.1,3673,5134738,40220,759259546807,387,39,386,386,2587484,2587483,13628,262195,0,275823,288704,2492,1,0,697200,143,164,274,553,214,466,4,402,271,8
220,19475.6,90.1,3749,4987205,40220,850187587428,428,42,428,428,2513717,2513717,15348,301189,0,316537,316289,2740,0,0,0,143,166,274,553,214,466,4,402,271,8
221,19565.8,90.2,3757,5085330,40220,868062308992,436,43,436,436,2562780,2562779,15652,310923,0,326575,327768,1547,0,0,0,143,166,275,554,215,466,4,402,271,8
222,19655.9,90.1,3748,4974952,40220,848865483888,427,42,427,427,2507591,2507590,15310,292913,0,308223,299583,10187,0,0,0,143,166,275,554,215,466,4,403,273,8
223,19745.9,90.0,3741,4901468,40220,833999631376,420,42,420,420,2470849,2470848,15044,300071,0,315115,320063,5239,0,0,0,143,166,275,554,215,467,4,403,273,8
224,19836.0,90.1,3746,4974074,40220,757485166680,385,38,384,384,2507152,2507151,13839,275450,0,289289,287733,6795,1,0,468196,143,167,275,555,215,467,4,403,273,8
225,19926.2,90.2,3792,5029131,40220,848225986946,426,43,426,426,2534680,2534680,15452,314190,0,329642,336393,44,0,0,0,143,167,276,556,216,467,4,403,273,8
226,20016.2,90.1,3803,5165767,40220,871977449313,437,44,437,437,2602998,2602998,15873,318659,0,334532,316350,18226,0,0,0,143,167,276,556,216,467,4,404,275,8
227,20106.2,90.0,3795,5078969,40220,854961552501,429,43,429,429,2559599,2559599,15566,315011,0,330577,338970,9833,0,0,0,143,167,276,556,216,468,4,404,275,8
228,20196.3,90.0,3792,5055785,40220,765238847951,386,39,385,385,2548007,2548007,14051,283643,0,297694,300010,7517,1,0,477204,143,168,276,557,216,468,4,404,275,8
229,20286.3,90.0,3843,5171234,40220,862699559508,432,43,432,432,2605732,2605731,15892,319402,0,335294,339754,3057,0,0,0,143,168,277,558,216,468,4,404,275,8
230,20376.4,90.1,3838,5108366,40220,852086116862,427,42,427,427,2574298,2574297,15697,310114,0,325811,318016,10852,0,0,0,143,168,277,558,216,468,4,405,277,8
231,20466.4,90.0,3845,5209275,40220,867276118702,434,43,434,434,2624752,2624752,15970,318707,0,334677,344953,576,0,0,0,143,168,277,558,216,469,4,405,277,8
232,20556.7,90.2,3883,5232965,40220,863723811179,432,43,432,432,2636597,2636597,16052,317272,0,333324,330486,3414,0,0,0,144,168,277,558,216,469,4,405,277,8
233,20646.7,90.0,3879,5182088,40220,855134960724,428,42,428,428,2611159,2611158,15896,306746,0,322642,321177,4879,0,0,0,144,168,278,558,217,469,4,405,277,8
234,20736.9,90.2,3835,5201100,40220,758498145522,384,38,383,383,2620665,2620664,14142,282518,0,296660,300856,683,1,0,587918,144,168,278,558,217,469,4,406,278,8
235,20826.9,90.1,3892,5297517,40220,872479481982,436,44,436,436,2668873,2668873,16228,323530,0,339758,338896,1545,0,0,0,144,168,278,558,217,470,4,406,278,8
236,20917.2,90.2,3915,5186561,40220,847362310344,424,42,424,424,2613395,2613395,15915,314972,0,330887,320020,12412,0,0,0,144,169,278,559,217,470,4,406,278,8
237,21007.3,90.1,3879,5156276,40220,757673133909,383,38,382,382,2598253,2598252,14283,281315,0,295598,307892,118,1,0,500544,144,169,278,566,218,470,4,406,278,8
238,21097.6,90.3,3934,5372712,40220,878762783194,438,44,438,438,2706471,2706470,16500,330080,0,346580,335017,11681,0,0,0,144,169,278,566,218,470,4,407,280,8
239,21187.7,90.2,3928,5308494,40220,866026813119,432,43,432,432,2674362,2674361,16260,332284,0,348544,355807,4418,0,0,0,144,169,278,566,218,471,4,407,280,8
240,21277.8,90.1,3958,5286465,40220,855915214436,427,42,427,427,2663347,2663347,16204,314422,0,330626,330627,4417,0,0,0,144,170,278,567,218,471,4,407,280,8
241,21367.9,90.1,3967,5344555,40220,864990360840,431,43,431,431,2692392,2692392,16384,321842,0,338226,340121,2522,0,0,0,144,170,279,567,220,471,4,407,280,8
242,21458.0,90.1,3963,5292529,40220,856400397054,427,43,427,427,2666379,2666379,16224,324548,0,340772,338269,5025,0,0,0,144,170,279,567,220,471,4,408,282,8
243,21548.1,90.2,3915,5052040,40220,751320029709,379,38,378,378,2546135,2546134,14266,282357,0,296623,294718,6930,1,0,381174,144,170,279,567,220,472,4,408,282,8
244,21638.3,90.2,3995,5487121,40220,882715702255,439,44,439,439,2763675,2763675,16784,333744,0,350528,349969,7489,0,0,0,145,170,279,567,220,472,4,408,282,8
245,21728.4,90.1,3937,5263008,40220,756015138080,381,38,380,380,2651619,2651618,14427,283817,0,298244,303563,2170,1,0,544350,145,170,279,573,222,472,4,408,282,8
246,21818.4,90.1,3986,5369122,40220,864060377911,430,43,430,430,2704676,2704675,16424,328071,0,344495,345086,1579,0,0,0,145,170,279,573,222,472,4,409,284,8
247,21908.7,90.2,3988,5408545,40220,868499081771,432,43,432,432,2724387,2724387,16504,323460,0,339964,331395,10148,0,0,0,145,170,279,573,222,473,4,409,284,8
248,21998.8,90.1,4015,5465765,40220,873247737631,434,43,434,434,2752997,2752997,16699,322521,0,339220,347607,1761,0,0,0,145,171,279,574,222,473,4,409,284,8
249,22088.8,90.0,3970,5108500,40220,764192998472,384,38,383,383,2574365,2574364,14664,284252,0,298916,300348,329,1,0,307320,145,171,279,579,226,473,4,409,284,8
250,22179.0,90.2,4021,5485184,40220,876404487816,435,44,435,435,2762707,2762706,16765,334021,0,350786,344632,6483,0,0,0,145,171,279,579,226,473,4,410,285,8
251,22269.1,90.0,4021,5432751,40220,865811528370,430,43,430,430,2736490,2736490,16585,319495,0,336080,337506,5057,0,0,0,145,171,279,579,226,474,4,410,285,8
252,22359.2,90.1,4043,5423498,40220,859808459887,427,43,427,427,2731864,2731863,16571,331945,0,348516,330179,23394,0,0,0,145,172,279,580,226,474,4,410,285,8
253,22449.3,90.1,4050,5516744,40220,875229977511,434,43,434,434,2778487,2778486,16858,324496,0,341354,358769,5979,0,0,0,145,172,280,580,228,474,4,410,285,8
254,22539.4,90.0,4047,5476764,40220,868787508404,431,43,431,431,2758497,2758496,16735,328289,0,345024,348956,2047,0,0,0,145,172,280,580,228,474,4,411,286,8
255,22629.4,90.0,4047,5423782,40220,858190819355,426,42,426,426,2732006,2732005,16550,328147,0,344697,344841,1903,0,0,0,145,172,280,580,228,475,4,411,286,8
256,22719.6,90.1,4027,5493152,40220,759834843343,381,38,380,380,2766691,2766690,14764,290726,0,305490,289346,18047,1,0,652860,145,173,280,580,228,475,4,411,286,8
257,22809.7,90.2,4073,5406627,40220,850372578855,422,42,422,422,2723428,2723428,16506,321771,0,338277,353402,2922,0,0,0,145,173,281,580,229,475,4,411,286,8
258,22899.9,90.1,4078,5473737,40220,861109923955,427,42,427,427,2756983,2756983,16711,328200,0,344911,321746,26087,0,0,0,145,173,281,580,229,475,4,412,287,8
259,22989.9,90.1,4033,4889515,40220,762401236488,382,38,381,381,2464872,2464872,14827,296317,0,311144,329824,7407,1,0,23346,145,173,281,580,229,476,4,412,287,8
260,23080.0,90.1,4109,5654476,40220,885161768234,438,43,438,438,2847353,2847352,17251,337323,0,354574,360288,1693,0,0,0,146,173,281,580,229,476,4,412,287,8
261,23170.1,90.1,4054,5646376,40220,764903703512,383,38,382,382,2843303,2843302,14946,299504,0,314450,314586,1557,1,0,745302,146,173,281,585,232,476,4,412,287,8
262,23260.2,90.2,4105,5600354,40220,877085755941,434,43,434,434,2820292,2820291,17083,343040,0,360123,331774,29906,0,0,0,146,173,281,585,232,476,4,413,288,8
263,23350.3,90.1,4104,5594551,40220,875014287641,433,43,433,433,2817390,2817390,17041,334099,0,351140,371769,9277,0,0,0,146,173,281,585,232,477,4,413,288,8
264,23440.6,90.2,4132,5666402,40220,881864329015,436,44,436,436,2853316,2853315,17292,354919,0,372211,378469,3019,0,0,0,147,173,281,585,232,477,4,413,288,8
265,23530.8,90.2,4088,5057316,40220,785228526985,391,39,391,391,2548773,2548772,15418,311998,0,327416,323625,6810,0,1,0,147,173,281,590,234,477,4,413,288,8
266,23621.1,90.2,4133,5680024,40220,884511764616,437,44,437,437,2860127,2860126,17334,349760,0,367094,373811,93,0,0,0,147,173,281,590,234,477,4,414,289,8
267,23711.2,90.1,4084,5056886,40220,766535744971,383,38,382,382,2548558,2548557,15067,303393,0,318460,312341,6212,1,0,108976,147,173,281,590,234,478,4,414,289,8
268,23801.4,90.3,4144,5589730,40220,865599198197,428,43,428,428,2814980,2814979,17040,336869,0,353909,349015,11106,0,0,0,147,174,281,591,234,478,4,414,289,8
269,23891.5,90.1,4145,5603405,40220,868104791864,429,43,429,429,2821817,2821817,17082,336463,0,353545,364138,513,0,0,0,147,174,282,591,235,478,4,414,289,8
270,23981.6,90.1,4144,5589730,40220,865957314486,428,43,428,428,2814980,2814979,17040,337029,0,354069,334624,19958,0,0,0,147,174,282,591,235,478,4,415,290,8
271,24071.7,90.1,4105,5477846,40220,780130239727,389,39,388,388,2759038,2759037,15361,301172,0,316533,324336,12155,1,0,425776,147,174,282,591,235,479,4,415,290,8
272,24161.8,90.1,4157,5588382,40220,862014368475,426,42,426,426,2814306,2814305,17016,333406,0,350422,355365,7212,0,0,0,147,175,282,592,235,479,4,415,290,8
273,24251.9,90.1,4161,5643324,40220,870956447824,430,43,430,430,2841777,2841776,17184,344473,0,361657,363723,5146,0,0,0,147,175,283,592,235,479,4,415,290,8
274,24342.0,90.2,4163,5670811,40220,875251440390,432,43,432,432,2855520,2855520,17268,333922,0,351190,338799,17537,0,0,0,147,175,283,592,235,479,4,416,291,8
275,24432.1,90.1,4114,5230338,40220,767947646374,383,38,382,382,2635284,2635283,15169,309673,0,324842,330368,12011,1,0,236292,147,175,283,592,235,480,4,416,291,8
276,24522.2,90.0,4174,5642008,40220,867003547358,428,43,428,428,2841119,2841118,17160,342328,0,359488,365131,6368,0,0,0,147,176,283,593,235,480,4,416,291,8
277,24612.4,90.2,4176,5669608,40220,871649481932,430,43,430,430,2854919,2854918,17244,347407,0,364651,370543,476,0,0,0,147,176,284,593,235,480,4,416,291,8
278,24702.4,90.1,4178,5697219,40220,875944442861,432,43,432,432,2868724,2868724,17328,350923,0,368251,348363,20364,0,0,0,147,176,284,593,235,480,4,417,292,8
279,24792.6,90.2,4171,5608310,40220,860983016522,425,43,425,425,2824270,2824269,17034,347118,0,364152,372837,11679,0,0,0,147,176,284,593,235,481,4,417,292,8
280,24882.7,90.1,4196,5702116,40220,872042421665,430,43,430,430,2871173,2871172,17324,345096,0,362420,371923,2176,0,0,0,147,177,284,594,235,481,4,417,292,8
281,24972.9,90.3,4203,5799340,40220,887415924163,437,44,437,437,2919785,2919784,17621,361286,0,378907,374976,6107,0,0,0,147,177,284,599,238,481,4,417,292,8
282,25063.1,90.2,4191,5632756,40220,862111931243,425,43,425,425,2836493,2836492,17114,339623,0,356737,348859,13985,0,0,0,147,177,284,599,238,481,4,418,293,8
283,25153.3,90.2,4202,5793361,40220,885800941774,436,44,436,436,2916795,2916795,17578,361460,0,379038,381379,11644,0,0,0,147,177,284,599,238,482,4,418,293,8
284,25243.4,90.1,4217,5748638,40220,875376621296,431,43,431,431,2894434,2894433,17463,356217,0,373680,359225,26099,0,0,0,147,178,284,599,238,482,4,418,293,8
285,25333.5,90.1,4173,5827558,40220,768299991924,382,38,381,381,2933894,2933893,15368,314415,0,329783,355417,465,1,0,767232,147,178,284,604,239,482,4,418,293,8
286,25423.6,90.1,4224,5782793,40220,880419763123,433,43,433,433,2911511,2911511,17574,345859,0,363433,352895,11003,0,0,0,147,178,284,604,239,482,4,419,294,8
287,25513.7,90.0,4220,5734725,40220,871895135205,429,42,429,429,2887477,2887477,17402,333533,0,350935,351214,10724,0,0,0,147,178,284,604,239,483,4,419,294,8
288,25603.8,90.1,4225,5613124,40220,850672257716,419,42,419,419,2826677,2826676,17041,345399,0,362440,359586,13578,0,0,0,147,179,284,604,239,483,4,419,294,8
289,25694.0,90.2,4238,5731371,40220,868142350836,427,42,427,427,2885800,2885800,17405,342594,0,359999,365498,8079,0,0,0,147,179,284,609,239,483,4,419,294,8
290,25784.0,90.0,4239,5745410,40220,870728178549,428,42,428,428,2892820,2892819,17448,341360,0,358808,357972,8915,0,0,0,147,179,284,609,239,483,4,420,295,8
291,25874.1,90.1,4202,5787142,40220,789187563792,391,39,390,390,2913686,2913685,15816,310364,0,326180,321504,13591,1,0,565600,147,179,284,609,239,484,4,420,295,8
292,25964.2,90.2,4251,5793773,40220,875280525944,430,43,430,430,2917001,2917001,17574,345577,0,363151,367725,9017,0,0,0,147,180,284,609,239,484,4,420,295,8
293,26054.3,90.1,4256,5799974,40220,875563051467,430,43,430,430,2920102,2920101,17594,347907,0,365501,366375,8143,0,0,0,147,180,284,613,242,484,4,420,295,8
294,26144.4,90.1,4258,5828197,40220,880201023242,432,43,432,432,2934213,2934213,17680,357479,0,375159,369836,13466,0,0,0,147,180,284,613,242,484,4,421,296,8
295,26234.5,90.0,4252,5751385,40220,867381132149,426,43,426,426,2895807,2895807,17422,366821,0,384243,397273,436,0,0,0,147,180,284,613,242,485,4,421,296,8
296,26324.7,90.2,4283,5932075,40220,891293481914,437,44,437,437,2986152,2986152,17975,356830,0,374805,374251,990,0,0,0,147,181,284,613,242,485,4,421,296,8
297,26414.7,90.1,4231,5867006,40220,767014362785,380,38,379,379,2953618,2953617,15503,310023,0,325526,321239,5277,1,0,747906,147,181,284,617,242,485,4,421,296,8
298,26504.9,90.2,4295,6037995,40220,906934129708,444,44,444,444,3039112,3039112,18296,354554,0,372850,370980,7147,0,0,0,147,181,284,617,242,485,4,422,297,8
299,26595.1,90.2,4228,5428510,40220,760968315770,377,37,376,376,2734370,2734369,15373,290798,0,306171,295908,17410,1,0,344904,147,181,284,617,242,486,4,422,297,8
300,26685.1,90.0,4281,5781932,40220,866333795481,425,43,425,425,2911081,2911080,17499,358648,0,376147,393319,238,0,0,0,148,181,284,617,242,486,4,422,297,8
301,26775.3,90.2,4295,5981279,40220,896399489441,439,44,439,439,3010754,3010754,18101,364285,0,382386,382272,352,0,0,0,148,181,285,617,242,486,4,422,297,8
302,26865.5,90.2,4287,5867297,40220,879219647609,431,43,431,431,2953763,2953763,17757,352889,0,370646,367267,3731,0,0,0,148,181,285,617,242,486,4,423,297,8
303,26955.7,90.2,4250,5647602,40220,786941271201,389,38,388,388,2843916,2843915,15931,312820,0,328751,329580,2902,1,0,381696,148,181,285,617,242,487,4,423,297,8
304,27045.9,90.1,4301,5873574,40220,877319020008,430,43,430,430,2956902,2956901,17775,368047,0,385822,388558,166,0,0,0,148,182,285,617,242,487,4,423,297,8
305,27136.0,90.1,4261,5531487,40220,782050318408,385,39,384,384,2785858,2785858,15819,316738,0,332557,331938,785,1,0,305214,148,182,285,621,242,487,4,423,297,8
306,27226.1,90.1,4297,5751247,40220,858583947386,421,42,421,421,2895738,2895738,17407,344092,0,361499,322965,39319,0,0,0,148,182,285,621,242,487,4,424,297,8
307,27316.3,90.1,4312,5967505,40220,890810993146,436,44,436,436,3003867,3003867,18064,354564,0,372628,394901,17046,0,0,0,148,182,285,621,242,488,4,424,297,8
308,27406.3,90.0,4332,6058252,40220,901780882982,441,44,441,441,3049241,3049240,18359,360419,0,378778,354320,41504,0,0,0,148,183,285,621,242,488,4,424,297,8
309,27496.4,90.1,4327,5986412,40220,891255641600,436,43,436,436,3013321,3013320,18139,362111,0,380250,417914,3840,0,0,0,148,183,286,621,243,488,4,424,297,8
310,27586.5,90.1,4314,5799970,40220,863338298484,423,42,423,423,2920100,2920099,17567,352782,0,370349,331759,42430,0,0,0,148,183,286,621,243,488,4,425,297,8
311,27676.5,90.0,4312,5773155,40220,859057688911,421,42,421,421,2906692,2906692,17479,348444,0,365923,396864,11489,0,0,0,148,183,286,621,243,489,4,425,297,8
312,27766.6,90.1,4287,5744398,40220,771237418205,381,38,380,380,2892314,2892313,15761,315075,0,330836,333822,8503,1,0,538560,148,184,286,621,243,489,4,425,297,8
313,27856.7,90.1,4335,5906424,40220,876677264240,429,43,429,429,2973327,2973326,17900,354036,0,371936,373974,6465,0,0,0,148,184,286,625,244,489,4,425,297,8
314,27946.8,90.0,4334,5892037,40220,874846064809,428,43,428,428,2966133,2966133,17856,356687,0,374543,338065,42943,0,0,0,148,184,286,625,244,489,4,426,297,8
315,28036.8,90.1,4338,5951474,40220,883450267402,432,43,432,432,2995852,2995851,18032,350051,0,368083,402037,8989,0,0,0,148,184,286,625,244,490,4,426,297,8
316,28127.0,90.2,4352,5955764,40220,881522242959,431,43,431,431,2997997,2997996,18048,362914,0,380962,364133,25818,0,0,0,148,185,286,625,244,490,4,426,297,8
317,28217.0,90.0,4307,5876820,40220,822681974421,386,38,385,385,2958525,2958524,16028,314461,0,330489,346060,10247,1,0,581196,148,185,286,628,247,490,4,426,297,8
318,28307.1,90.1,4346,5869168,40220,869072888495,425,42,425,425,2954699,2954698,17784,349854,0,367638,339457,38428,0,0,0,148,185,286,628,247,490,4,427,297,8
319,28397.3,90.2,4344,5842159,40220,864791849935,423,42,423,423,2941194,2941194,17696,350585,0,368281,403793,2916,0,0,0,148,185,286,628,247,491,4,427,297,8
320,28487.4,90.1,4364,5932869,40220,875751214310,428,43,428,428,2986549,2986549,17976,363530,0,381506,368119,16303,0,0,0,148,186,286,628,247,491,4,427,297,8
321,28577.5,90.1,4315,5270224,40220,768583203282,379,38,378,378,2655227,2655226,15779,320890,0,336669,351847,1125,1,0,57064,148,186,286,631,250,491,4,427,297,8
322,28667.5,90.0,4360,5874971,40220,867588509912,424,42,424,424,2957600,2957600,17800,342733,0,360533,334356,27302,0,0,0,148,186,286,631,250,491,4,428,297,8
323,28757.6,90.1,4367,5978194,40220,882634411225,431,43,431,431,3009212,3009211,18108,362111,0,380219,383401,24120,0,0,0,148,186,286,631,250,492,4,428,297,8
324,28847.7,90.1,4327,5966811,40220,773281863750,381,38,380,380,3003520,3003520,15907,313712,0,329619,322290,31449,1,0,712356,148,186,286,632,250,492,4,428,297,8
325,28937.9,90.2,4375,5895196,40220,867890032215,424,42,424,424,2967713,2967712,17860,356325,0,374185,400200,5434,0,0,0,148,186,286,636,250,492,4,428,297,8
326,29028.0,90.1,4381,5982349,40220,881071160133,430,43,430,430,3011289,3011289,18124,362404,0,380528,349580,36382,0,0,0,148,186,286,636,250,492,4,429,297,8
327,29118.0,90.1,4381,5984212,40220,881084753354,430,43,430,430,3012221,3012220,18124,364162,0,382286,417839,829,0,0,0,148,186,286,636,250,493,4,429,297,8
328,29208.1,90.1,4348,5644814,40220,776072344665,382,38,381,381,2842522,2842521,16029,322436,0,338465,322501,16793,1,0,352846,148,186,286,637,250,493,4,429,297,8
329,29298.2,90.2,4392,5877826,40220,862085790657,421,42,421,421,2959028,2959027,17808,359908,0,377716,391017,3492,0,0,0,148,186,286,640,253,493,4,429,297,8
330,29388.3,90.1,4360,5474447,40220,791432412435,389,38,388,388,2757338,2757338,16358,318323,0,334681,328819,9354,1,0,75348,148,186,286,640,253,493,4,430,297,8
331,29478.4,90.1,4395,5923390,40220,868755033193,424,42,424,424,2981810,2981809,17940,354229,0,372169,377800,3723,0,0,0,148,186,286,640,253,494,4,430,297,8
332,29568.5,90.1,4418,6125849,40220,896836888594,437,43,437,437,3083039,3083039,18570,371420,0,389990,379781,13932,0,0,0,148,187,286,640,253,494,4,430,297,8
333,29658.6,90.1,4411,6023372,40220,882001225133,430,43,430,430,3031801,3031800,18255,373114,0,391369,405008,293,0,0,0,148,187,286,643,256,494,4,430,297,8
334,29748.6,90.0,4409,5994119,40220,877921473619,428,42,428,428,3017174,3017174,18165,361755,0,379920,353033,27180,0,0,0,148,187,286,643,256,494,4,431,297,8
335,29838.7,90.0,4407,5966724,40220,873639662821,426,42,426,426,3003477,3003476,18075,351611,0,369686,388636,8230,0,0,0,148,187,286,643,256,495,4,431,297,8
336,29928.8,90.2,4424,6081668,40220,888834273524,433,43,433,433,3060949,3060948,18440,365172,0,383612,386136,5706,0,0,0,148,188,286,643,256,495,4,431,297,8
337,30019.1,90.2,4425,6096341,40220,891171028543,434,43,434,434,3068285,3068285,18485,366701,0,385186,377100,13792,0,0,0,148,188,286,646,257,495,4,431,297,8
338,30109.2,90.2,4426,6111017,40220,893525597180,435,43,435,435,3075623,3075623,18530,376574,0,395104,370632,38264,0,0,0,148,188,286,646,257,495,4,432,297,8
339,30199.2,90.0,4418,5995544,40220,876358289701,427,42,427,427,3017887,3017886,18170,353328,0,371498,398300,11462,0,0,0,148,188,286,646,257,496,4,432,297,8
340,30289.3,90.1,4383,5336312,40220,777734067158,381,38,381,381,2688271,2688270,16170,320536,0,336706,342565,5603,0,1,0,148,188,286,647,257,496,4,432,297,8
341,30379.3,90.0,4440,6117044,40220,891662325923,434,43,434,434,3078637,3078636,18554,364560,0,383114,384377,4340,0,0,0,148,188,286,650,258,496,4,432,297,8
342,30469.4,90.1,4393,5414431,40220,788791081252,386,39,386,386,2727330,2727330,16404,335508,0,351912,347631,8621,0,1,0,148,188,286,650,258,496,4,433,297,8
343,30559.4,90.0,4434,6030620,40220,878998227230,428,43,428,428,3035425,3035424,18284,359981,0,378265,362990,23896,0,0,0,148,188,286,650,258,497,4,433,297,8
344,30649.5,90.1,4400,6001208,40220,796015550839,389,38,388,388,3020719,3020718,16508,327887,0,344395,358979,9312,1,0,549984,148,188,286,651,258,497,4,433,297,8
345,30739.6,90.1,4442,6013524,40220,874926673272,426,43,426,426,3026877,3026876,18234,367974,0,386208,381471,14049,0,0,0,148,188,286,654,258,497,4,433,297,8
346,30829.7,90.1,4447,6087219,40220,885863148416,431,43,431,431,3063724,3063724,18459,376536,0,394995,377413,31631,0,0,0,148,188,286,654,258,497,4,434,297,8
347,30919.9,90.2,4403,6052913,40220,789238602178,387,39,386,386,3046571,3046571,16438,333593,0,350031,363251,18411,1,0,623808,148,188,286,654,258,498,4,434,297,8
348,31009.9,90.0,4409,5646185,40220,791500193924,388,38,387,387,2843207,2843207,16501,316281,0,332782,300952,50241,1,0,197386,148,188,286,655,258,498,4,434,297,8
349,31100.0,90.1,4446,6006780,40220,873171102463,425,42,425,425,3023505,3023504,18209,359799,0,378008,417504,10745,0,0,0,148,188,287,655,258,498,4,434,297,8
350,31190.1,90.1,4451,6080555,40220,883908528317,430,43,430,430,3060392,3060392,18434,368581,0,387015,375226,22534,0,0,0,148,188,287,655,258,498,4,435,297,8
351,31280.2,90.1,4407,6122176,40220,787283997967,386,38,385,385,3081203,3081202,16411,323534,0,339945,356348,6131,1,0,700936,148,188,287,655,258,499,4,435,297,8
352,31370.3,90.1,4450,6000000,40220,871150143520,424,42,424,424,3020115,3020114,18184,363746,0,381930,377420,10641,0,0,0,148,188,287,656,258,499,4,435,297,8
353,31460.4,90.1,4418,5880937,40220,789653577035,387,38,386,386,2960583,2960583,16496,319135,0,335631,332705,13567,1,0,433806,148,188,287,658,260,499,4,435,297,8
354,31550.4,90.0,4460,6080058,40220,882128937679,429,42,429,429,3060144,3060143,18429,362165,0,380594,376948,17213,0,0,0,148,188,287,658,260,499,4,436,297,8
355,31640.6,90.1,4415,5648264,40220,798930474199,384,38,383,383,2844247,2844246,16363,325441,0,341804,357584,1433,1,0,242880,148,188,287,658,260,500,4,436,297,8
356,31730.6,90.1,4416,5386246,40220,774882157320,380,38,379,379,2713238,2713237,16200,321226,0,337426,300759,38100,1,0,34936,148,188,287,659,260,500,4,436,297,8
357,31820.7,90.1,4462,6043698,40220,875878304973,426,43,426,426,3041964,3041963,18314,367346,0,385660,421767,1993,0,0,0,148,188,288,659,260,500,4,436,297,8
358,31910.8,90.1,4466,6102932,40220,884468270336,430,43,430,430,3071581,3071580,18494,365786,0,384280,376594,9679,0,0,0,148,188,288,659,260,500,4,437,297,8
359,32000.9,90.1,4422,6271376,40220,787843269744,386,39,385,385,3155803,3155802,16472,339121,0,355593,363491,1781,1,0,829818,148,188,288,659,260,501,4,437,297,8
360,32091.0,90.0,4467,6051702,40220,875999764012,426,42,426,426,3045966,3045965,18334,357892,0,376226,321871,56136,0,0,0,148,188,288,660,260,501,4,437,297,8
361,32181.0,90.0,4423,5718769,40220,779426947984,382,38,381,381,2879499,2879499,16310,322177,0,338487,381322,13301,1,0,330904,148,188,288,662,263,501,4,437,297,8
362,32271.0,90.1,4466,6036882,40220,874044163407,425,42,425,425,3038556,3038555,18289,357158,0,375447,381494,7254,0,0,0,148,188,288,662,263,501,4,438,297,8
363,32361.1,90.1,4479,6231670,40220,901973263438,438,43,438,438,3135950,3135949,18874,364893,0,383767,379188,11833,0,0,0,148,188,288,662,263,502,4,438,297,8
364,32451.2,90.1,4476,6119093,40220,884903762013,430,43,430,430,3079661,3079661,18534,365304,0,383838,395627,44,0,0,0,148,189,288,662,263,502,4,438,297,8
365,32541.4,90.2,4485,6252878,40220,904412080331,439,44,439,439,3146554,3146553,18939,365070,0,384009,383118,935,0,0,0,148,189,288,664,266,502,4,438,297,8
366,32631.7,90.3,4484,6238001,40220,902393442311,438,44,438,438,3139115,3139115,18894,382050,0,400944,391794,10085,0,0,0,148,189,288,664,266,502,4,439,297,8
367,32721.7,90.0,4438,5890233,-306256,801473690594,392,39,391,391,2791993,2791993,16779,343565,346,360690,342707,28068,1,0,346476,148,189,288,664,266,503,4,439,297,8
368,32811.8,90.1,4472,6061555,40220,876707255140,426,43,426,426,3050892,3050892,18354,361806,0,380160,403393,4835,0,0,0,148,189,288,665,266,503,4,439,297,8
369,32901.8,90.1,4482,6142045,40220,887548962029,431,43,431,431,3091137,3091137,18599,362737,0,381336,373837,12334,0,0,0,148,189,288,667,268,503,4,439,297,8
370,32991.9,90.1,4479,6097438,40220,881232978927,428,42,428,428,3068834,3068833,18464,355567,0,374031,336577,49788,0,0,0,148,189,288,667,268,503,4,439,300,8
371,33082.0,90.0,4477,6086602,40220,877049174644,426,42,426,426,3063416,3063415,18374,363780,0,382154,405432,26510,0,0,0,148,189,288,667,268,504,4,439,300,8
372,33172.1,90.1,4496,6301944,40220,907220746531,440,44,440,440,3171087,3171086,19024,385636,0,404660,421346,9824,0,0,0,149,189,288,667,268,504,4,439,300,8
373,33262.2,90.2,4493,6257076,40220,900779184911,437,44,437,437,3148653,3148652,18889,381796,0,400685,391339,19170,0,0,0,149,189,288,669,270,504,4,439,300,8
374,33352.3,90.1,4489,6197291,40220,892312678334,433,43,433,433,3118760,3118760,18709,379203,0,397912,403203,13879,0,0,0,149,189,288,669,270,504,4,440,300,8
375,33442.4,90.1,4486,6154375,40220,885881578031,430,43,430,430,3097302,3097302,18574,371126,0,389700,394213,9366,0,0,0,149,189,288,669,270,505,4,440,300,8
376,33532.5,90.2,4491,6160610,40220,885988966806,430,43,430,430,3100420,3100419,18594,373827,0,392421,350138,51649,0,0,0,149,189,288,670,270,505,4,440,300,8
377,33622.7,90.2,4495,6220436,40220,894640742720,434,43,434,434,3130333,3130332,18774,382377,0,401151,442999,9801,0,0,0,149,189,289,670,270,505,4,440,300,8
378,33712.8,90.2,4498,6265335,40220,901083272841,437,43,437,437,3152782,3152782,18909,375172,0,394081,400486,3396,0,0,0,149,189,289,670,270,505,4,441,300,8
379,33803.0,90.1,4486,6087721,40220,875324728435,425,42,425,425,3063975,3063975,18369,360647,0,379016,356680,25732,0,0,0,149,189,289,670,270,506,4,441,300,8
380,33893.2,90.2,4494,6207336,40220,892573665646,433,43,433,433,3123783,3123782,18729,375907,0,394636,415847,4521,0,0,0,149,190,289,670,270,506,4,441,300,8
381,33983.3,90.2,4493,6192374,40220,890602649995,432,43,432,432,3116302,3116301,18684,364235,0,382919,387067,373,0,0,0,149,190,289,672,272,506,4,441,300,8
382,34073.4,90.0,4492,6177415,40220,888579763128,431,43,431,431,3108822,3108822,18639,372917,0,391556,349745,42184,0,0,0,149,190,289,672,272,506,4,441,303,8
383,34163.6,90.2,4494,6226605,40220,892987025590,433,43,433,433,3133417,3133417,18729,366438,0,385167,411917,15434,0,0,0,149,190,289,672,272,507,4,441,303,8
384,34253.7,90.1,4456,6257402,40220,798600516768,390,39,389,389,3148816,3148815,16769,327869,0,344638,334572,25500,1,0,682682,149,190,289,673,272,507,4,441,303,8
385,34343.9,90.2,4499,6232901,40220,893149270329,433,43,433,433,3136565,3136565,18749,369674,0,388423,407861,6062,0,0,0,149,190,289,675,274,507,4,441,303,8
386,34434.2,90.3,4456,5592326,40220,798778831856,390,39,389,389,2816278,2816277,16770,337341,0,354111,344987,15186,1,0,17272,149,190,289,675,274,507,4,441,306,8
387,34524.4,90.2,4497,6222048,40220,889081388226,431,43,431,431,3131139,3131138,18659,356806,0,375465,366467,24184,0,0,0,149,190,289,675,274,508,4,441,306,8
388,34614.6,90.2,4450,5555578,40220,786068942140,384,38,383,383,2797904,2797903,16499,320099,0,336598,340400,20382,1,0,53244,149,190,289,676,274,508,4,441,306,8
389,34704.7,90.1,4489,6101620,40220,872027952297,423,42,423,423,3070925,3070924,18299,362048,0,380347,385857,14872,0,0,0,149,190,289,678,275,508,4,441,306,8
390,34794.8,90.1,4449,5719036,40220,784100515717,383,38,382,382,2879633,2879632,16456,330031,0,346487,357489,3870,1,0,231174,149,190,289,678,275,508,4,441,309,8
391,34885.1,90.2,4498,6256351,40220,891583342639,432,43,432,432,3148290,3148290,18704,370271,0,388975,370469,22376,0,0,0,149,190,289,678,275,509,4,441,309,8
392,34975.1,90.0,4446,6249415,40220,777833972344,380,38,379,379,3144822,3144822,16320,327601,0,343921,348822,17475,1,0,789698,149,190,289,679,275,509,4,441,309,8
393,35065.3,90.1,4487,6090268,40220,868088205229,421,42,421,421,3065249,3065248,18209,364619,0,382828,391990,8313,0,0,0,149,190,289,681,276,509,4,441,309,8
394,35155.4,90.1,4496,6226128,40220,887535527330,430,43,430,430,3133179,3133178,18614,374062,0,392676,390055,10934,0,0,0,149,190,289,681,276,509,4,441,312,8
395,35245.4,90.0,4498,6275591,40220,891935654876,432,43,432,432,3157910,3157910,18704,371393,0,390097,377516,23515,0,0,0,149,190,289,681,276,510,4,441,312,8
396,35335.5,90.1,4490,6154395,40220,874819969547,424,42,424,424,3097312,3097312,18344,366928,0,385272,375928,32859,0,0,0,149,190,289,682,276,510,4,441,312,8
397,35425.6,90.2,4499,6290753,40220,894204485275,433,43,433,433,3165491,3165491,18749,373057,0,391806,410735,13930,0,0,0,149,190,289,684,277,510,4,441,312,8
398,35515.7,90.0,4502,6336257,40220,900761049934,436,44,436,436,3188243,3188243,18886,377503,0,396389,407662,2657,0,0,0,149,190,289,684,277,510,4,442,312,8
399,35605.8,90.1,4496,6247168,40220,887886743003,430,43,430,430,3143699,3143698,18614,376400,0,395014,378838,18833,0,0,0,149,190,289,684,277,511,4,442,312,8
400,35695.8,90.0,4501,6323003,40220,898688747329,435,44,435,435,3181616,3181616,18840,384657,0,403497,388766,33564,0,0,0,149,190,289,685,277,511,4,442,312,8
401,35785.8,90.0,4497,6262329,40220,890156043391,431,43,431,431,3151279,3151279,18659,378278,0,396937,420436,10065,0,0,0,149,190,289,687,278,511,4,442,312,8
402,35876.0,90.2,4497,6262329,40220,890270455586,431,43,431,431,3151279,3151279,18659,371020,0,389679,394180,5564,0,0,0,149,190,289,687,278,511,4,442,314,8
403,35966.0,90.0,4500,6251056,40220,886081204907,429,42,429,429,3145643,3145642,18589,367467,0,386056,378867,12753,0,0,0,149,190,289,687,278,512,4,442,314,8
404,36056.1,90.1,4499,6235855,40220,883998758654,428,42,428,428,3138042,3138042,18544,365323,0,383867,382188,14432,0,0,0,149,190,289,688,278,512,4,442,314,8
405,36146.2,90.2,4453,5868891,40220,802255020764,382,38,381,381,2954560,2954560,16433,323371,0,339804,347386,6850,1,0,343056,149,190,289,689,281,512,4,442,314,8
406,36236.3,90.1,4497,6205462,40220,879818569637,426,42,426,426,3122846,3122845,18454,368476,0,386930,337139,56641,0,0,0,149,190,289,689,281,512,4,442,316,8
407,36326.4,90.1,4454,5823772,40220,785399643151,383,38,382,382,2932001,2932000,16476,332949,0,349425,389194,16872,1,0,272064,149,190,289,689,281,513,4,442,316,8
408,36416.5,90.1,4500,6263806,40220,886396621658,429,42,429,429,3152018,3152017,18589,355362,0,373951,383594,7229,0,0,0,149,190,289,690,281,513,4,442,316,8
409,36506.7,90.2,4459,6007104,40220,796259928614,388,38,387,387,3023667,3023666,16699,324677,0,341376,324361,24244,1,0,380378,149,190,289,691,283,513,4,442,316,8
410,36596.8,90.1,4503,6309520,40220,892951989050,432,43,432,432,3174875,3174874,18727,386084,0,404811,421067,7988,0,0,0,149,190,289,691,283,513,4,443,316,8
411,36686.8,90.0,4499,6250464,40220,884371986438,428,42,428,428,3145347,3145346,18544,366671,0,385215,385918,7285,0,0,0,149,190,289,691,283,514,4,443,316,8
412,36776.9,90.0,4501,6280939,40220,888729035558,430,43,430,430,3160584,3160584,18635,374422,0,393057,392758,7584,0,0,0,149,190,289,692,283,514,4,443,316,8
413,36867.0,90.1,4497,6220001,40220,880193715289,426,42,426,426,3130115,3130115,18454,351681,0,370135,373980,3739,0,0,0,149,190,289,693,286,514,4,443,316,8
414,36957.1,90.1,4496,6204774,40220,878100962579,425,42,425,425,3122502,3122501,18409,358330,0,376739,337132,43346,0,0,0,149,190,289,693,286,514,4,443,318,8
415,37047.1,90.0,4454,5701923,40220,785826156478,383,38,382,382,2871076,2871076,16476,338155,0,354631,391515,6462,1,0,137344,149,190,289,693,286,515,4,443,318,8
416,37137.2,90.1,4499,6263188,40220,884672713318,428,42,428,428,3151709,3151708,18544,371542,0,390086,395368,1180,0,0,0,149,190,289,694,286,515,4,443,318,8
417,37227.3,90.1,4460,5758646,40220,798828249091,389,38,388,388,2899438,2899437,16746,320331,0,337077,331107,7150,1,0,103248,149,190,289,695,288,515,4,443,318,8
418,37317.4,90.1,4503,6324274,40220,893372436416,432,43,432,432,3182252,3182251,18727,374661,0,393388,354113,46425,0,0,0,149,190,289,695,288,515,4,443,320,8
419,37407.5,90.1,4505,6367750,40220,897734031804,434,43,434,434,3203990,3203989,18819,376476,0,395295,416650,25070,0,0,0,149,190,289,695,288,516,4,443,320,8
420,37497.6,90.1,4502,6321820,40220,891354216955,431,43,431,431,3181025,3181024,18681,368118,0,386799,407638,4231,0,0,0,149,190,289,696,288,516,4,443,320,8
421,37587.8,90.2,4455,5799364,40220,788330025104,384,38,383,383,2919797,2919796,16520,319763,0,336283,337799,2715,1,0,208464,149,190,289,697,290,516,4,443,320,8
422,37678.0,90.2,4501,6306516,40220,889316880664,430,43,430,430,3173373,3173372,18635,377395,0,396030,360492,38253,0,0,0,149,190,289,697,290,516,4,443,322,8
423,37768.0,90.0,4502,6334628,40220,891531785914,431,43,431,431,3187429,3187428,18681,379837,0,398518,417493,19278,0,0,0,149,190,289,697,290,517,4,443,322,8
424,37858.0,90.1,4473,5891111,40220,829317750387,402,40,402,402,2965670,2965670,17374,350107,0,367481,377609,9150,0,0,0,149,190,289,697,290,517,4,443,322,8
425,37948.1,90.1,4513,6292301,40220,883109841935,427,43,427,427,3166265,3166265,18572,377689,0,396261,374831,30580,0,0,0,149,190,289,698,292,517,4,443,322,8
426,38038.2,90.1,4468,6191099,40220,784380958813,382,38,381,381,3115664,3115664,16491,316515,0,333006,350525,13061,1,0,602140,149,190,289,698,292,517,4,443,324,8
427,38128.2,90.1,4510,6258844,40220,876789471430,424,42,424,424,3149537,3149536,18434,369303,0,387737,391572,9226,0,0,0,149,190,289,698,292,517,4,443,324,8
428,38218.2,90.0,4548,6420588,40220,894168124006,432,43,432,432,3230409,3230408,18936,375833,0,394769,400338,3657,0,0,0,149,190,289,698,292,517,4,443,324,8
429,38308.3,90.1,4561,6408755,40220,889972058799,430,43,430,430,3224492,3224492,18904,378646,0,397550,377498,23709,0,0,0,149,190,289,699,294,517,4,443,324,8
430,38398.4,90.1,4567,6502066,40220,902909857537,436,43,436,436,3271148,3271147,19180,383671,0,402851,423935,2625,0,0,0,149,190,289,699,294,517,4,444,324,8
431,38488.5,90.1,4563,6441773,40220,894330227826,432,43,432,432,3241001,3241001,18996,394191,0,413187,410385,5427,0,0,0,149,190,289,699,294,518,4,444,324,8
432,38578.6,90.1,4522,6214668,40220,804196275767,391,39,390,390,3127449,3127448,17065,334505,0,351570,313460,43537,1,0,423168,149,190,289,699,294,518,4,444,324,8
433,38668.6,90.0,4575,6485786,40220,898751845644,434,43,434,434,3263008,3263007,19128,363767,0,382895,425686,746,0,0,0,149,190,289,701,294,518,4,444,324,8
434,38758.7,90.1,4569,6392303,40220,885973115818,428,42,428,428,3216266,3216266,18852,363040,0,381892,368018,14620,0,0,0,149,190,289,701,294,518,4,444,326,8
435,38848.8,90.1,4574,6483256,40220,896775227336,433,43,433,433,3261743,3261742,19082,370597,0,389679,375766,28533,0,0,0,149,190,289,701,294,518,4,444,326,8
436,38938.9,90.1,4594,6437074,40220,886204912894,428,43,428,428,3238652,3238651,18952,391055,0,410007,434674,3866,0,0,0,150,190,289,701,294,518,4,444,326,8
437,39028.9,90.0,4590,6374388,40220,877615835899,424,42,424,424,3207309,3207308,18768,365336,0,384104,378312,9658,0,0,0,150,190,289,702,296,518,4,444,326,8
438,39119.1,90.2,4550,6174732,40220,789622347512,384,38,383,383,3107481,3107480,16883,329229,0,346112,340504,15266,1,0,439922,150,190,289,702,296,518,4,444,327,8
439,39209.2,90.0,4594,6371435,40220,875586996343,423,42,423,423,3205832,3205832,18742,375776,0,394518,387243,22541,0,0,0,150,190,289,702,296,518,4,444,327,8
440,39299.2,90.0,4621,6434500,40220,880042698445,425,43,425,425,3237365,3237364,18955,383361,0,402316,362536,62321,0,0,0,150,190,289,702,296,518,4,444,327,8
441,39389.4,90.2,4626,6368190,40220,869368151306,420,42,420,420,3204210,3204209,18764,372373,0,391137,450252,3206,0,0,0,150,190,290,702,296,518,4,444,327,8
442,39479.4,90.0,4634,6494594,40220,886548122518,428,43,428,428,3267412,3267411,19140,388935,0,408075,394986,16295,0,0,0,150,190,290,702,296,518,4,444,329,8
443,39569.4,90.0,4589,6400234,40220,795064676596,383,38,382,382,3220232,3220231,16993,343594,0,360587,342277,34605,1,0,617142,150,190,290,702,296,518,4,444,329,8
444,39659.5,90.1,4663,6676488,40220,906063408398,437,44,437,437,3358359,3358358,19643,400687,0,420330,452956,1979,0,0,0,151,190,290,702,296,518,4,444,329,8
445,39749.6,90.1,4665,6708355,40220,910359260003,439,44,439,439,3374292,3374292,19737,402042,0,421779,401403,22355,0,0,0,151,190,290,703,298,518,4,444,329,8
446,39839.8,90.2,4655,6549140,40220,888935470645,429,43,429,429,3294685,3294684,19267,391082,0,410349,431206,1498,0,0,0,151,190,290,703,298,518,4,445,329,8
447,39929.8,90.0,4653,6519241,40220,884648984224,427,43,427,427,3279735,3279735,19173,382188,0,401361,400926,1933,0,0,0,151,190,290,703,298,518,4,445,329,8
448,40019.9,90.2,4641,6525774,40220,803202898209,390,39,389,389,3283002,3283001,17490,354413,0,371903,351130,22706,1,0,578952,151,190,290,703,298,518,4,445,329,8
449,40109.9,90.0,4695,6676027,40220,899903004893,434,43,434,434,3358128,3358128,19642,388506,0,408148,410361,20493,0,0,0,151,190,290,704,300,518,4,445,329,8
450,40200.1,90.1,4691,6611929,40220,891364491366,430,43,430,430,3326079,3326079,19454,382738,0,402192,409608,13077,0,0,0,151,190,290,704,300,518,4,445,331,8
451,40290.3,90.2,4698,6737635,40220,906458210697,437,43,437,437,3388932,3388932,19783,387912,0,407695,416295,4477,0,0,0,151,190,290,704,300,519,4,445,331,8
452,40380.4,90.1,4692,6641260,40220,893632296192,431,43,431,431,3340745,3340744,19501,392327,0,411828,375065,41240,0,0,0,151,190,290,704,300,519,4,445,331,8
453,40470.6,90.2,4649,6307309,40220,777731712649,378,37,377,377,3173769,3173769,17003,335335,0,352338,352465,41113,1,0,517216,151,190,290,705,301,519,4,445,331,8
454,40560.7,90.1,4697,6573780,40220,883010013237,426,42,426,426,3307005,3307004,19306,381224,0,400530,439955,1688,0,0,0,151,190,290,705,301,519,4,446,331,8
455,40650.9,90.2,4702,6656097,40220,893758036626,431,43,431,431,3348163,3348163,19543,381530,0,401073,372430,30331,0,0,0,151,190,290,705,301,519,4,446,331,8
456,40741.1,90.2,4674,6753189,40220,788654306116,383,38,382,382,3396709,3396709,17321,344150,0,361471,371178,20624,1,0,857934,151,190,290,705,301,519,4,446,331,8
457,40831.1,90.0,4733,6710977,40220,896088202330,432,43,432,432,3375603,3375603,19740,393505,0,413245,421063,12806,0,0,0,151,190,290,706,303,519,4,446,331,8
458,40921.3,90.2,4728,6630107,40220,885399618560,427,42,427,427,3335168,3335168,19500,378757,0,398257,396854,14209,0,0,0,151,190,290,706,303,519,4,446,332,8
459,41011.5,90.2,4689,6376627,40220,799526519631,383,38,382,382,3208428,3208428,17375,343140,0,360515,368448,6276,1,0,458238,151,190,290,706,303,519,4,446,332,8
460,41101.6,90.1,4751,6636202,40220,881281987920,425,43,425,425,3338216,3338215,19504,394098,0,413602,395495,24383,0,0,0,151,190,290,706,303,519,4,446,332,8
461,41191.7,90.1,4726,6147085,40220,804032271234,390,39,389,389,3093657,3093657,17818,359447,0,377265,362543,39105,1,0,81774,151,190,290,707,304,519,4,446,332,8
462,41281.9,90.3,4773,6844535,40220,907160600224,437,44,437,437,3442382,3442382,20120,407248,0,427368,456732,9741,0,0,0,151,190,290,707,304,519,4,447,332,8
463,41372.1,90.2,4724,6070693,40220,799796503798,388,39,387,387,3055461,3055461,17723,355221,0,372944,381489,1196,1,0,35704,151,190,290,707,304,519,4,447,332,8
464,41462.3,90.1,4784,6725388,40220,887962880703,428,43,428,428,3382809,3382808,19768,393963,0,413731,402298,12629,0,0,0,151,190,290,707,304,519,4,447,332,8
465,41552.3,90.0,4794,6738208,40220,888022778747,428,43,428,428,3389219,3389218,19808,398866,0,418674,429541,1762,0,0,0,151,190,290,708,306,519,4,447,332,8
466,41642.3,90.0,4800,6836569,40220,900957161702,434,43,434,434,3438399,3438399,20096,405861,0,425957,426286,1433,0,0,0,151,190,290,708,306,519,4,447,334,8
467,41732.3,90.0,4785,6604069,40220,868804802699,419,42,419,419,3322149,3322149,19376,386788,0,406164,403450,4147,0,0,0,151,190,290,708,306,519,4,447,334,8
468,41822.5,90.2,4772,6465216,40220,795910132929,386,39,385,385,3252723,3252722,17825,358611,0,376436,292160,88423,1,0,393288,151,190,290,708,306,519,4,447,334,8
469,41912.5,90.0,4824,6866330,40220,899019287249,433,43,433,433,3453280,3453279,20172,405992,0,426164,487959,26628,0,0,0,151,190,291,708,306,519,4,447,334,8
470,42002.7,90.2,4821,6816821,40220,892576810542,430,43,430,430,3428525,3428525,20025,387561,0,407586,429738,4476,0,0,0,151,190,291,708,306,519,4,447,335,8
471,42092.9,90.2,4781,6273144,40220,793852467071,385,39,384,384,3156687,3156686,17818,374001,0,391819,354723,41572,1,0,199496,151,190,291,708,306,519,4,447,335,8
472,42183.1,90.2,4842,6866050,40220,894870905814,431,43,431,431,3453140,3453139,20163,395453,0,415616,442435,14753,0,0,0,151,191,291,708,306,519,4,447,335,8
473,42273.2,90.1,4842,6866050,40220,895011412835,431,43,431,431,3453140,3453139,20163,395530,0,415693,383308,47138,0,0,0,151,191,291,709,307,519,4,447,335,8
474,42363.2,90.0,4800,6301177,40220,802716720278,389,38,388,388,3170703,3170703,18059,350129,0,368188,320147,95179,1,0,144320,151,191,291,709,307,519,4,447,336,8
475,42453.2,90.0,4832,6707115,40220,873613285608,421,42,421,421,3373672,3373672,19673,383902,0,403575,458772,39982,0,0,0,151,191,291,709,307,520,4,447,336,8
476,42543.3,90.1,4844,6906105,40220,899437475427,433,43,433,433,3473167,3473167,20261,394956,0,415217,449940,5259,0,0,0,151,192,291,709,307,520,4,447,336,8
477,42633.4,90.1,4842,6872910,40220,895283715069,431,43,431,431,3456570,3456569,20163,395740,0,415903,381317,39845,0,0,0,151,192,291,710,308,520,4,447,336,8
478,42723.5,90.1,4848,6972531,40220,908216033840,437,43,437,437,3506380,3506380,20457,389092,0,409549,445883,3511,0,0,0,151,192,291,710,308,520,4,447,337,8
479,42813.5,90.0,4824,7067435,-539140,843848253181,408,41,407,407,3264152,3264152,19007,365557,579,385143,356069,32585,1,0,579360,151,192,291,710,308,520,4,447,337,8
480,42903.6,90.1,4860,6872378,40220,891178082223,429,42,429,429,3456304,3456303,20145,397268,0,417413,445069,4929,0,0,0,151,192,291,710,308,520,4,447,337,8
481,42993.7,90.1,4866,6818540,40220,882645128632,425,42,425,425,3429385,3429384,19989,394795,0,414784,383293,36420,0,0,0,151,192,291,711,309,520,4,447,337,8
482,43083.8,90.1,4871,6901995,40220,893430231100,430,43,430,430,3471112,3471112,20234,402816,0,423050,457681,1789,0,0,0,151,192,291,711,309,520,4,448,337,8
483,43173.8,90.1,4864,6787079,40220,878407191550,423,42,423,423,3413654,3413654,19891,387348,0,407239,372949,36079,0,0,0,151,192,291,711,309,520,4,448,337,8
484,43263.9,90.0,4892,7023895,40220,906409751248,436,44,436,436,3532062,3532062,20588,414742,0,435330,466874,4535,0,0,0,151,193,291,711,309,520,4,448,337,8
485,43353.9,90.1,4879,6806184,40220,878635164277,423,42,423,423,3423207,3423206,19951,407765,0,427716,392311,39940,0,0,0,151,193,291,712,310,520,4,448,337,8
486,43444.0,90.1,4884,6889859,40220,889419869448,428,43,428,428,3465044,3465044,20196,409217,0,429413,467159,2194,0,0,0,151,193,291,712,310,520,4,449,337,8
487,43534.0,90.0,4889,6975576,40220,900165949606,433,43,433,433,3507903,3507902,20441,408899,0,429340,428708,2826,0,0,0,151,193,291,712,310,521,4,449,337,8
488,43624.2,90.1,4832,6074698,40220,775664096171,376,38,375,375,3057464,3057463,17601,356547,0,374148,302609,74365,1,0,65842,151,193,291,712,310,521,4,449,337,8
489,43714.4,90.2,4898,7049223,40220,908835074650,437,43,437,437,3544726,3544726,20657,402409,0,423066,486750,10681,0,0,0,151,193,292,712,310,521,4,449,337,8
490,43804.5,90.1,4899,7066013,40220,910982610930,438,43,438,438,3553121,3553121,20706,411888,0,432594,339407,103868,0,0,0,151,193,292,712,310,521,4,449,338,8
491,43894.6,90.1,4882,6787737,40220,874502012863,421,42,421,421,3413983,3413983,19873,393692,0,413565,475260,42173,0,0,0,151,193,292,712,310,522,4,449,338,8
492,43984.8,90.2,4882,6787737,40220,874554393418,421,42,421,421,3413983,3413983,19873,396526,0,416399,344338,114234,0,0,0,151,193,292,712,310,522,4,449,338,8
493,44074.8,90.0,4889,6827633,40220,878876027240,423,42,423,423,3433931,3433931,19991,400949,0,420940,513221,21953,0,0,0,151,193,293,712,310,522,4,449,338,8
494,44165.0,90.2,4891,6861196,40220,883171003319,425,43,425,425,3450713,3450712,20089,400431,0,420520,341738,100735,0,0,0,151,193,293,712,310,522,4,449,339,8
495,44255.4,90.3,4895,6935258,40220,891789221121,429,43,429,429,3487744,3487743,20285,410613,0,430898,486024,45609,0,0,0,151,193,293,712,310,523,4,449,339,8
496,44345.5,90.2,4847,6680191,40220,786614788610,381,38,380,380,3360210,3360210,17885,361567,0,379452,328518,96543,1,0,564720,151,193,293,712,310,523,4,449,339,8
497,44435.6,90.1,4908,7076455,40220,909048602440,437,43,437,437,3558342,3558342,20705,412310,0,433015,518255,11303,0,0,0,151,193,294,712,310,523,4,449,339,8
498,44525.6,90.0,4866,7114307,-719500,816706752817,395,39,394,394,3197408,3197408,18590,356921,759,376270,317083,70490,1,0,759720,151,193,294,712,310,523,4,449,340,8
499,44615.8,90.2,4905,7032889,40220,902632895827,434,43,434,434,3536559,3536559,20555,404683,0,425238,471797,23931,0,0,0,151,193,294,712,310,524,4,449,340,8
500,44706.0,90.2,4902,6982321,40220,896242884938,431,43,431,431,3511275,3511275,20405,401549,0,421954,339873,106012,0,0,0,151,193,294,712,310,524,4,449,340,8
501,44796.1,90.1,4907,6988831,40220,896269848210,431,43,431,431,3514530,3514530,20430,392816,0,413246,506474,12784,0,0,0,151,193,294,714,310,524,4,449,340,8
502,44886.2,90.1,4907,6988831,40220,896361324395,431,43,431,431,3514530,3514530,20430,400744,0,421174,343134,90824,0,0,0,151,193,294,714,310,524,4,449,341,8
503,44976.5,90.3,4904,6945141,40220,889947369821,428,43,428,428,3492685,3492685,20280,409896,0,430176,488222,32778,0,0,0,151,193,294,714,310,525,4,449,341,8
504,45066.6,90.1,4905,6962016,40220,892147651223,429,43,429,429,3501123,3501122,20330,413575,0,433905,351222,115461,0,0,0,151,193,294,714,310,525,4,449,341,8
505,45156.7,90.1,4915,7052997,40220,902911893742,434,43,434,434,3546613,3546613,20605,403524,0,424129,531359,8231,0,0,0,151,193,295,714,310,525,4,449,341,8
506,45246.9,90.2,4915,7052997,40220,902911911447,434,43,434,434,3546613,3546613,20605,410379,0,430984,348687,90528,0,0,0,151,193,295,714,310,525,4,449,342,8
507,45336.9,90.0,4915,7059995,40220,902939435106,434,43,434,434,3550112,3550112,20605,408375,0,428980,491326,28182,0,0,0,151,193,295,714,310,526,4,449,342,8
508,45427.0,90.1,4906,6907805,40220,883664878083,425,42,425,425,3474017,3474017,20155,394157,0,414312,340087,102407,0,0,0,151,193,295,714,310,526,4,449,342,8
509,45517.2,90.1,4926,7168253,40220,915904522868,440,44,440,440,3604241,3604241,20930,412708,0,433638,520622,15423,0,0,0,151,193,295,716,310,526,4,449,342,8
510,45607.2,90.0,4922,7100447,40220,907406528353,436,44,436,436,3570338,3570338,20730,427975,0,448705,364134,99994,0,0,0,151,193,295,716,310,526,4,449,343,8
511,45697.3,90.2,4868,6912694,40220,789322891432,382,38,381,381,3476462,3476461,18014,358273,0,376287,473628,2653,1,0,733194,151,193,295,716,310,527,4,449,343,8
512,45787.4,90.1,4917,7022715,40220,896750210247,431,43,431,431,3531472,3531472,20480,401274,0,421754,332009,92398,0,0,0,151,193,295,716,310,527,4,449,343,8
513,45877.5,90.0,4922,7029240,40220,896777407888,431,43,431,431,3534735,3534734,20505,407961,0,428466,518918,1946,0,0,0,151,193,295,718,310,527,4,449,343,8
514,45967.5,90.1,4927,7114087,40220,907607010835,436,43,436,436,3577158,3577158,20755,414123,0,434878,353542,83282,0,0,0,151,193,295,718,310,527,4,449,344,8
515,46057.5,90.0,4925,7087157,40220,903339750327,434,43,434,434,3563693,3563693,20655,409885,0,430540,496379,17443,0,0,0,151,193,295,718,310,528,4,449,344,8
516,46147.7,90.1,4918,6968318,40220,888357286979,427,42,427,427,3504274,3504273,20305,398692,0,418997,339001,97439,0,0,0,151,193,295,718,310,528,4,449,344,8
517,46237.7,90.0,4900,7097732,-489412,836843367383,404,40,403,403,3304165,3304164,19131,386701,529,406361,497365,6435,1,0,529632,151,193,295,719,312,528,4,449,344,8
518,46327.7,90.0,4920,6923860,40220,881983870894,424,42,424,424,3482045,3482044,20180,400341,0,420521,351735,75221,0,0,0,151,193,295,719,312,528,4,449,345,8
519,46417.8,90.2,4921,6947699,40220,884157176279,425,43,425,425,3493964,3493964,20230,404137,0,424367,493309,6279,0,0,0,151,193,295,719,312,529,4,449,345,8
520,46507.9,90.0,4932,7134798,40220,907829622778,436,44,436,436,3587514,3587513,20780,415506,0,436286,343044,99521,0,0,0,151,193,295,719,312,529,4,449,345,8
521,46597.9,90.0,4934,7090305,40220,901412989581,433,43,433,433,3565267,3565267,20654,402845,0,423499,514350,8670,0,0,0,151,193,295,720,314,529,4,449,345,8
522,46687.9,90.0,4884,7159002,40220,791934765307,383,38,382,382,3599616,3599615,18121,339491,0,357612,324599,41683,1,0,933140,151,193,295,720,314,529,4,449,346,8
523,46778.1,90.2,4923,6909963,40220,877860458412,422,42,422,422,3475096,3475096,20104,399781,0,419885,416412,45156,0,0,0,151,193,295,720,314,529,4,449,346,8
524,46868.3,90.1,4948,7099956,40220,899412935206,432,43,432,432,3570093,3570092,20664,411003,0,431667,474449,2374,0,0,0,152,193,295,720,314,529,4,449,346,8
525,46958.5,90.2,4896,6903560,40220,785596957676,380,38,379,379,3471895,3471894,18021,354410,0,372431,321957,52848,1,0,704368,152,193,295,721,314,529,4,449,346,8
526,47048.8,90.4,4943,7014536,40220,888719847703,427,43,427,427,3527383,3527382,20414,409071,0,429485,478276,4057,0,0,0,152,193,295,721,314,529,4,450,346,8
527,47138.9,90.1,4903,6506173,40220,800680574261,387,39,386,386,3273201,3273201,18367,379927,0,398294,391362,10989,1,0,186720,152,193,295,721,314,529,4,450,346,8
528,47229.0,90.0,4962,7104473,40220,897395067064,431,43,431,431,3572351,3572351,20674,418960,0,439634,354167,96456,0,0,0,152,193,295,721,314,529,4,450,346,8
529,47319.2,90.2,4964,7059571,40220,890978306801,428,43,428,428,3549900,3549900,20544,428521,0,449065,542666,2855,0,0,0,152,193,296,721,314,529,4,450,346,8
530,47409.3,90.1,4961,7008151,40220,884535765908,425,43,425,425,3524190,3524190,20394,428384,0,448778,370547,81086,0,0,0,152,193,296,721,314,529,4,450,347,8
531,47499.4,90.1,4973,7221117,40220,910332231847,437,44,437,437,3630673,3630673,20994,433392,0,454386,515366,20106,0,0,0,152,193,296,721,314,530,4,450,347,8
532,47589.6,90.2,4927,7077341,40220,809451062391,391,39,390,390,3558785,3558785,18647,363070,0,381717,330813,71010,1,0,659874,152,193,296,721,314,530,4,450,347,8
533,47679.8,90.1,4967,7038704,40220,886786529289,426,42,426,426,3539467,3539466,20464,408117,0,428581,448106,51485,0,0,0,152,193,296,722,315,530,4,450,347,8
534,47770.0,90.2,4932,6742878,40220,815435059480,391,39,390,390,3391554,3391553,18668,369357,0,388025,367833,71677,1,0,319200,152,193,296,722,315,530,4,450,348,8
535,47860.2,90.2,4967,7045647,40220,886856958695,426,42,426,426,3542938,3542938,20464,404104,0,424568,446156,50089,0,0,0,152,193,296,722,315,530,4,450,348,8
536,47950.3,90.1,4990,7203060,40220,904114686615,434,43,434,434,3621645,3621644,20924,415405,0,436329,483554,2864,0,0,0,152,194,296,722,315,530,4,450,348,8
537,48040.5,90.2,4939,6973619,40220,792578187691,383,38,382,382,3506924,3506924,18327,365734,0,384061,331149,55776,1,0,662998,152,194,296,723,315,530,4,450,348,8
538,48130.6,90.1,4938,6565258,40220,790474914884,382,38,381,381,3302744,3302743,18275,371880,0,390155,374466,71465,1,0,272328,152,194,296,723,315,530,4,450,349,8
539,48220.6,90.0,4988,7175617,40220,900023740576,432,43,432,432,3607923,3607923,20824,414087,0,434911,505000,1376,0,0,0,152,194,296,723,315,531,4,450,349,8
540,48310.6,90.0,4979,7020323,40220,880746502583,423,42,423,423,3530276,3530276,20374,404178,0,424552,347135,78793,0,0,0,152,194,296,723,315,531,4,450,349,8
541,48400.9,90.3,4986,7061286,40220,885065610532,425,42,425,425,3550758,3550757,20494,403362,0,423856,454379,48270,0,0,0,152,194,296,724,316,531,4,450,349,8
542,48490.9,90.0,4966,6759090,-19420,840009891585,405,40,404,404,3369840,3369839,19444,390101,59,409604,383939,73935,1,0,59640,152,194,296,724,316,531,4,450,350,8
543,48581.0,90.1,4992,7171976,40220,898017306391,431,43,431,431,3606103,3606102,20794,425688,0,446482,516273,4144,0,0,0,152,194,296,724,316,532,4,450,350,8
544,48671.2,90.2,4988,7102810,40220,889475180764,427,42,427,427,3571520,3571519,20594,405408,0,426002,350331,79815,0,0,0,152,194,296,724,316,532,4,450,350,8
545,48761.3,90.1,4946,6970825,40220,795007029031,380,38,379,379,3505527,3505527,18218,372616,0,390834,441604,29045,1,0,687300,152,194,296,725,317,532,4,450,350,8
546,48851.5,90.2,4948,6316918,40220,790756696755,381,38,381,381,3178574,3178573,18315,361980,0,380295,363253,46087,0,1,0,152,194,296,725,317,532,4,450,351,8
547,48941.6,90.1,4993,7116310,40220,889566466636,427,43,427,427,3578270,3578269,20614,416180,0,436794,447637,35244,0,0,0,152,194,296,725,317,532,4,450,351,8
548,49031.7,90.1,4959,6310276,40220,782265328463,378,37,377,377,3175253,3175252,18176,358168,0,376344,345494,66094,1,0,38192,152,194,296,725,317,532,4,450,351,8
549,49121.8,90.1,5011,7107631,40220,885369153154,425,43,425,425,3573930,3573930,20605,406804,0,427409,456315,37188,0,0,0,152,194,296,726,318,532,4,450,351,8
550,49211.9,90.1,5024,7333732,40220,913328251595,438,44,438,438,3686981,3686980,21268,439717,0,460985,490912,7261,0,0,0,152,194,296,726,318,532,4,451,351,8
551,49302.0,90.1,5017,7213894,40220,898302974832,431,43,431,431,3627062,3627061,20911,411811,0,432722,432956,7027,0,0,0,152,194,296,726,318,532,4,451,351,8
552,49392.2,90.1,5037,7320876,40220,909113929528,436,43,436,436,3680553,3680552,21240,424344,0,445584,370588,82023,0,0,0,152,194,296,726,318,532,4,451,351,8
553,49482.2,90.0,5036,7222756,40220,896253497158,430,43,430,430,3631493,3631492,20954,416138,0,437092,472464,46651,0,0,0,152,194,296,727,319,532,4,451,351,8
554,49572.3,90.2,5035,7205304,40220,894147930978,429,43,429,429,3622767,3622766,20903,435785,0,456688,498305,5034,0,0,0,152,194,296,727,319,532,4,452,351,8
555,49662.6,90.2,5020,6945786,40220,861943023443,414,41,414,414,3493008,3493007,20138,402678,0,422816,359966,67884,0,0,0,152,194,296,727,319,532,4,452,351,8
556,49752.6,90.1,5046,7237854,40220,896351840511,430,43,430,430,3639042,3639041,20994,419372,0,440366,501191,7059,0,0,0,153,194,296,727,319,532,4,452,351,8
557,49842.8,90.2,5046,7237854,40220,896352490136,430,43,430,430,3639042,3639041,20994,422186,0,443180,441432,8807,0,0,0,153,194,296,728,320,532,4,452,351,8
558,49932.8,90.0,4998,6443535,40220,791167768149,382,38,381,381,3241882,3241882,18499,364940,0,383439,358369,33877,1,0,58596,153,194,296,728,320,532,4,452,352,8
559,50023.0,90.2,5046,7244966,40220,896419937387,430,43,430,430,3642598,3642597,20994,403096,0,424090,452511,5456,0,0,0,153,194,296,728,320,532,4,452,352,8
560,50113.2,90.2,5012,6504743,40220,789119418024,381,38,380,380,3272486,3272486,18508,365626,0,384134,346232,43358,1,0,112872,153,194,296,728,320,532,4,452,352,8
561,50203.2,90.0,5077,7464670,40220,920140593927,441,44,441,441,3752450,3752449,21635,420117,0,441752,462335,22775,0,0,0,153,194,296,729,321,532,4,452,352,8
562,50293.3,90.1,5027,7403405,40220,810661054129,391,39,390,390,3721817,3721817,19036,382066,0,401102,377931,45946,1,0,831792,153,194,296,729,321,532,4,452,353,8
563,50383.4,90.1,5076,7454381,40220,918060888319,440,44,440,440,3747305,3747305,21584,432074,0,453658,480655,18949,0,0,0,153,194,296,729,321,532,4,452,353,8
564,50473.6,90.1,5083,7333383,40220,900955002136,432,43,432,432,3686806,3686806,21236,427140,0,448376,390062,77263,0,0,0,153,194,296,729,321,532,4,452,353,8
565,50563.7,90.2,5090,7375302,40220,905274832265,434,43,434,434,3707766,3707765,21358,417446,0,438804,481344,34723,0,0,0,153,194,296,730,322,532,4,452,353,8
566,50653.8,90.1,5083,7251773,40220,890284778175,427,43,427,427,3646001,3646001,21001,429762,0,450763,412566,72920,0,0,0,153,194,296,730,322,532,4,452,354,8
567,50743.8,90.0,5094,7453257,40220,913932941023,438,44,438,438,3746743,3746743,21562,438577,0,460139,526919,6140,0,0,0,153,194,296,730,322,533,4,452,354,8
568,50834.0,90.1,5085,7294198,40220,894652953814,429,43,429,429,3667214,3667213,21103,416719,0,437822,379645,64317,0,0,0,153,194,296,730,322,533,4,452,354,8
569,50924.0,90.0,5092,7336118,40220,898970648412,431,43,431,431,3688174,3688173,21225,428697,0,449922,484024,30215,0,0,0,153,194,296,731,323,533,4,452,354,8
570,51014.1,90.2,5044,6638498,40220,793783453701,383,38,382,382,3339364,3339363,18728,384475,0,403203,390450,42968,1,0,164424,153,194,296,731,323,533,4,452,355,8
571,51104.3,90.1,5093,7361008,40220,901181573431,432,43,432,432,3700619,3700618,21276,423669,0,444945,484301,3612,0,0,0,153,194,296,731,323,533,4,452,355,8
572,51194.5,90.2,5052,6825525,40220,778843786355,376,38,375,375,3432877,3432877,18431,370866,0,389297,359282,33627,1,0,450800,153,194,296,731,323,533,4,452,355,8
573,51284.5,90.0,5116,7440790,40220,907715793539,435,43,435,435,3740510,3740509,21525,432801,0,454326,474544,13409,0,0,0,153,194,296,732,324,533,4,452,355,8
574,51374.6,90.1,5104,7227748,40220,881985659114,423,42,423,423,3633989,3633988,20901,413791,0,434692,401798,46303,0,0,0,153,194,296,732,324,533,4,452,356,8
575,51464.7,90.0,5107,7288095,40220,888452264267,426,42,426,426,3664162,3664162,21057,421436,0,442493,409205,79591,0,0,0,153,194,296,732,324,533,4,452,356,8
576,51554.7,90.0,5073,7142558,40220,791861520465,382,38,381,381,3591394,3591393,18798,379102,0,397900,405552,71939,1,0,637974,153,194,296,732,324,533,4,452,356,8
577,51644.8,90.1,5128,7414600,40220,901406159716,432,43,432,432,3727415,3727414,21444,427366,0,448810,494671,26078,0,0,0,153,194,296,733,325,533,4,452,356,8
578,51735.0,90.2,5126,7378953,40220,897150931866,430,43,430,430,3709591,3709591,21340,412280,0,433620,411694,48004,0,0,0,153,194,296,733,325,533,4,452,357,8
579,51825.0,90.0,5125,7368335,40220,895027792036,429,43,429,429,3704282,3704282,21288,442257,0,463545,510050,1499,0,0,0,153,194,296,733,325,533,4,452,357,8
580,51915.1,90.1,5143,7441753,40220,901539495826,432,43,432,432,3740991,3740991,21508,422000,0,443508,394766,50241,0,0,0,153,194,296,733,325,533,4,452,357,8
581,52005.2,90.1,5143,7358899,40220,890825017134,427,43,427,427,3699564,3699564,21268,428781,0,450049,488240,12050,0,0,0,153,194,296,734,326,533,4,452,357,8
582,52095.3,90.1,5152,7520030,40220,910192312357,436,44,436,436,3780130,3780129,21736,443135,0,464871,424497,52424,0,0,0,153,194,296,734,326,533,4,452,358,8
583,52185.5,90.2,5143,7366085,40220,890889289857,427,43,427,427,3703157,3703157,21268,429577,0,450845,425990,77279,0,0,0,153,194,296,734,326,533,4,452,358,8
584,52275.5,90.0,5159,7486895,40220,903820493364,433,43,433,433,3763562,3763562,21620,437623,0,459243,526862,9660,0,0,0,154,194,296,734,326,533,4,452,358,8
585,52365.7,90.2,5154,7397151,40220,893083815222,428,43,428,428,3718690,3718690,21360,420889,0,442249,384002,67907,0,0,0,154,194,296,735,326,533,4,452,358,8
586,52455.8,90.1,5114,7625165,40220,805077079576,388,39,387,387,3832697,3832697,19230,396195,0,415425,431987,51345,1,0,960494,154,194,296,735,326,533,4,452,359,8
587,52545.8,90.1,5157,7458256,40220,899590676754,431,43,431,431,3749243,3749242,21516,451275,0,472791,439250,84886,0,0,0,154,194,296,735,326,533,4,452,359,8
588,52636.0,90.1,5117,7382142,40220,790115383883,381,38,380,380,3711186,3711185,18907,363629,0,382536,413041,54381,1,0,823872,154,194,296,735,326,533,4,452,359,8
589,52726.2,90.3,5119,7081053,40220,783696165822,378,37,377,377,3560641,3560641,18769,366039,0,384808,379466,59723,1,0,571088,154,194,296,736,326,533,4,452,359,8
590,52816.4,90.1,5171,7460136,40220,897552926432,430,43,430,430,3750183,3750182,21524,438647,0,460171,511487,8407,0,0,0,154,194,296,736,326,533,4,453,359,8
591,52906.5,90.1,5118,6959195,40220,781595812829,377,37,376,376,3499712,3499712,18719,370513,0,389232,380327,17312,1,0,464544,154,194,296,736,326,533,4,453,359,8
592,52996.5,90.0,5183,7511451,40220,901901443742,432,43,432,432,3775840,3775840,21668,423991,0,445659,415191,47780,0,0,0,154,194,296,736,326,533,4,453,359,8
593,53086.7,90.2,5190,7554237,40220,906219415380,434,43,434,434,3797233,3797233,21792,423491,0,445283,492165,898,0,0,0,154,194,296,737,327,533,4,453,359,8
594,53176.8,90.0,5183,7427796,40220,891227222511,427,43,427,427,3734013,3734012,21428,437275,0,458703,424506,35095,0,0,0,154,194,296,737,327,533,4,453,360,8
595,53266.9,90.1,5142,6957138,40220,802744563648,386,39,385,385,3498684,3498683,19248,382756,0,402004,404484,32615,1,0,277182,154,194,296,737,327,533,4,453,360,8
596,53356.9,90.0,5199,7556854,40220,904183264074,433,43,433,433,3798542,3798541,21780,450578,0,472358,502362,2611,0,0,0,154,195,296,737,327,533,4,453,360,8
597,53447.0,90.1,5202,7611226,40220,910743561123,436,44,436,436,3825728,3825727,21938,447565,0,469503,399642,72472,0,0,0,154,195,296,738,327,533,4,453,360,8
598,53537.1,90.1,5148,6941971,40220,792669689574,382,38,381,381,3491100,3491100,19077,374963,0,394040,432443,34069,1,0,322816,154,195,296,738,327,533,4,453,361,8
599,53627.3,90.2,5200,7582356,40220,906509249935,434,43,434,434,3811293,3811292,21832,424671,0,446503,429233,51339,0,0,0,154,195,296,738,327,533,4,453,361,8
600,53717.3,90.1,5154,7404327,40220,784145865268,378,38,377,377,3722278,3722278,18908,379631,0,398539,416174,33704,1,0,839188,154,195,296,738,327,533,4,453,361,8
601,53807.3,90.0,5197,7275577,40220,867919337783,416,41,416,416,3657903,3657903,20956,405945,0,426901,395776,64829,0,0,0,154,195,296,739,327,533,4,453,361,8
602,53897.4,90.1,5211,7529707,40220,898021964707,430,43,430,430,3784968,3784968,21695,425437,0,447132,459752,52209,0,0,0,154,195,296,739,327,533,4,453,362,8
603,53987.4,90.1,5151,7110117,40220,767048298394,370,37,369,369,3575173,3575173,18513,364325,0,382838,411076,23971,1,0,676700,154,195,296,739,327,533,4,453,362,8
604,54077.7,90.2,5216,7459227,40220,887350679676,425,42,425,425,3749728,3749728,21480,418876,0,440356,428059,36268,0,0,0,154,195,296,739,327,533,4,453,362,8
605,54167.7,90.0,5228,7593417,40220,902404844651,432,43,432,432,3816823,3816823,21876,436664,0,458540,414787,80021,0,0,0,154,195,296,740,327,533,4,453,362,8
606,54257.8,90.1,5231,7648163,40220,908885034954,435,44,435,435,3844196,3844196,22035,439379,0,461414,527258,14177,0,0,0,154,195,296,740,327,533,4,454,362,8
607,54347.9,90.1,5226,7558927,40220,898154218270,430,43,430,430,3799578,3799578,21770,435585,0,457355,434037,37495,0,0,0,154,195,296,740,327,533,4,454,362,8
608,54438.0,90.1,5239,7627031,40220,904640033432,433,43,433,433,3833630,3833630,21973,441602,0,463575,451205,49865,0,0,0,154,195,296,740,327,533,4,454,362,8
609,54528.1,90.1,5232,7414358,40220,878891991371,421,42,421,421,3727294,3727293,21357,435188,0,456545,422520,83890,0,0,0,154,195,296,741,327,533,4,454,362,8
610,54618.2,90.1,5249,7725240,40220,915437179238,438,43,438,438,3882735,3882734,22258,438034,0,460292,533729,10453,0,0,0,154,195,296,741,327,533,4,455,362,8
611,54708.2,90.1,5243,7617415,40220,902558709557,432,43,432,432,3828822,3828822,21940,441771,0,463711,440183,33981,0,0,0,154,195,296,741,327,533,4,455,362,8
612,54798.4,90.1,5208,7096194,40220,803817940094,387,38,386,386,3568212,3568211,19544,386323,0,405867,425483,14365,1,0,304980,154,195,296,741,327,533,4,455,362,8
613,54888.4,90.0,5252,8549755,-1000468,887591377389,426,43,425,425,3774648,3774648,21629,447334,1040,470003,413452,70916,1,0,1040688,154,195,296,742,327,533,4,455,362,8
614,54978.5,90.2,5250,7490744,40220,885482001694,424,42,424,424,3765487,3765486,21576,419086,0,440662,464250,47328,0,0,0,154,195,296,742,327,533,4,455,363,8
615,55068.5,90.0,5259,7663203,40220,904832798522,433,43,433,433,3851716,3851716,22053,445851,0,467904,465664,49568,0,0,0,154,195,296,742,327,533,4,455,363,8
616,55158.6,90.1,5271,7713380,40220,909171273843,435,44,435,435,3876805,3876804,22199,460559,0,482758,525942,6384,0,0,0,154,196,296,742,327,533,4,455,363,8
617,55248.8,90.1,5263,7566248,40220,892108503122,427,43,427,427,3803239,3803238,21775,439144,0,460919,406895,60408,0,0,0,154,196,296,743,327,533,4,455,363,8
618,55338.9,90.1,5217,6942705,40220,791215171799,381,38,380,380,3491467,3491467,19285,392163,0,411448,449183,22673,1,0,236624,154,196,296,743,327,533,4,455,364,8
619,55428.9,90.0,5264,7591993,40220,894317712428,428,43,428,428,3816111,3816111,21828,435885,0,457713,451603,28783,0,0,0,154,196,296,743,327,533,4,455,364,8
620,55519.0,90.1,5280,7715869,40220,907246367450,434,43,434,434,3878049,3878049,22186,434503,0,456689,456702,28770,0,0,0,154,196,296,743,327,533,4,455,364,8
621,55609.2,90.2,5227,6796527,40220,780566949561,376,37,375,375,3418378,3418378,19082,378806,0,397888,388569,38089,1,0,156992,154,196,296,744,327,533,4,455,364,8
622,55699.2,90.0,5230,7143515,-409904,787047853077,379,37,378,378,3366810,3366810,19238,374863,450,394551,432008,632,1,0,450124,154,196,296,744,327,533,4,455,364,8
623,55789.2,90.0,5279,7526191,40220,883706272331,423,42,423,423,3783210,3783210,21643,422385,0,444028,440627,4033,0,0,0,154,196,296,744,327,533,4,455,364,8
624,55879.3,90.1,5292,7594716,40220,890192638493,426,43,426,426,3817473,3817472,21842,437652,0,459494,452697,10830,0,0,0,154,196,296,744,327,533,4,455,364,8
625,55969.5,90.2,5306,7767945,40220,909541537769,435,43,435,435,3904087,3904087,22345,430321,0,452666,409010,54486,0,0,0,154,196,296,745,327,533,4,455,364,8
626,56059.6,90.1,5298,7619805,40220,892397379147,427,42,427,427,3830017,3830017,21915,421261,0,443176,466990,30672,0,0,0,154,196,296,745,327,533,4,455,365,8
627,56149.7,90.1,5247,7343072,40220,780749989079,376,37,375,375,3691651,3691650,19160,370880,0,390040,321712,99000,1,0,674700,154,196,296,745,327,533,4,455,365,8
628,56239.9,90.1,5306,7689437,40220,898881834874,430,43,430,430,3864833,3864833,22100,437911,0,460011,550168,8843,0,0,0,155,196,296,745,327,533,4,455,365,8
629,56329.9,90.1,5310,7763653,40220,907472469856,434,43,434,434,3901941,3901941,22316,434445,0,456761,412108,53496,0,0,0,155,196,296,746,327,533,4,455,365,8
630,56420.1,90.2,5258,7670794,40220,793691660551,382,38,381,381,3855512,3855511,19498,381452,0,400950,450396,4050,1,0,886144,155,196,296,746,327,533,4,455,366,8
631,56510.1,90.0,5297,7529923,40220,879612681099,421,42,421,421,3785076,3785076,21617,440242,0,461859,458359,7550,0,0,0,155,196,296,746,327,533,4,455,366,8
632,56600.2,90.1,5273,7747364,40220,804491202728,387,39,386,386,3893797,3893796,19805,397966,0,417771,212660,212661,1,0,851400,155,196,296,746,327,533,4,455,366,8
633,56690.3,90.1,5319,7766015,40220,905423038388,433,43,433,433,3903122,3903122,22312,450029,0,472341,621014,63988,0,0,0,155,196,297,746,327,533,4,455,366,8
634,56780.5,90.2,5319,7766015,40220,905423047865,433,43,433,433,3903122,3903122,22312,430812,0,453124,486856,30256,0,0,0,155,196,297,746,327,533,4,455,367,8
635,56870.7,90.2,5320,7792161,40220,907592424160,434,43,434,434,3916195,3916195,22366,429301,0,451667,470004,11919,0,0,0,155,196,297,746,327,533,4,455,367,8
636,56960.9,90.2,5275,7560914,40220,807735366089,379,38,378,378,3800572,3800571,19422,381130,0,400552,206234,206237,1,0,794124,155,196,297,746,327,533,4,455,367,8
637,57050.9,90.0,5275,7772663,40220,787373893455,379,38,378,378,3906446,3906446,19420,396150,0,415570,598292,23515,1,0,1006434,155,196,298,746,327,533,4,455,367,8
638,57141.1,90.1,5318,7581943,40220,881863164445,422,42,422,422,3811086,3811086,21768,429405,0,451173,470888,3800,0,0,0,155,196,298,746,327,533,4,455,368,8
639,57231.4,90.3,5325,7719831,40220,896917660598,429,43,429,429,3880030,3880030,22146,430339,0,452485,344047,112238,0,0,0,155,196,298,746,327,533,4,455,368,8
640,57321.5,90.1,5327,7670473,40220,890495415344,426,42,426,426,3855351,3855351,22008,436256,0,458264,568527,1975,0,0,0,156,196,298,746,327,533,4,455,368,8
641,57411.6,90.1,5327,7670473,40220,890496126143,426,42,426,426,3855351,3855351,22008,437474,0,459482,412100,49357,0,0,0,156,196,298,747,327,533,4,455,368,8
642,57501.7,90.2,5325,7633146,40220,886237138383,424,42,424,424,3836688,3836687,21900,426544,0,448444,487807,9994,0,0,0,156,196,298,747,327,533,4,455,369,8
643,57591.9,90.2,5284,6858897,40220,796064784770,382,38,382,382,3449563,3449563,19649,388243,0,407892,325778,92108,0,1,0,156,196,298,747,327,533,4,455,369,8
644,57682.1,90.2,5334,7721912,40220,894869483211,428,43,428,428,3881071,3881070,22136,452167,0,474303,553273,13138,0,0,0,156,197,298,747,327,533,4,455,369,8
645,57772.1,90.1,5334,7721912,40220,894980402275,428,43,428,428,3881071,3881070,22136,441228,0,463364,421713,54789,0,0,0,156,197,298,748,327,533,4,455,369,8
646,57862.3,90.2,5331,7665806,40220,888574104728,425,43,425,425,3853018,3853017,21974,442726,0,464700,504135,15354,0,0,0,156,197,298,748,327,533,4,455,370,8
647,57952.6,90.3,5343,7898016,40220,914365995992,437,44,437,437,3969123,3969122,22622,453851,0,476473,482409,9418,0,0,0,156,197,298,748,327,533,4,455,370,8
648,58042.7,90.2,5344,7742677,40220,895079507430,428,43,428,428,3891453,3891453,22176,439073,0,461249,235332,235335,0,0,0,156,197,298,748,327,533,4,455,370,8
649,58132.8,90.0,5347,7798959,40220,901521862961,431,43,431,431,3919594,3919594,22338,439426,0,461764,645096,52003,0,0,0,156,197,299,748,327,533,4,455,370,8
650,58222.8,90.1,5315,8091945,40220,830655017102,399,40,398,398,4066087,4066087,20559,425594,0,446153,488427,9729,1,0,909720,156,197,299,748,327,533,4,455,370,8
651,58313.0,90.2,5348,7730563,40220,892952441600,427,42,427,427,3885396,3885396,22142,432545,0,454687,352843,111573,0,0,0,156,197,299,748,327,533,4,455,370,8
652,58403.2,90.2,5302,6880132,40220,781303824270,376,38,375,375,3460181,3460180,19355,390009,0,409364,503677,17260,1,0,115280,156,197,299,748,327,533,4,455,370,8
653,58493.2,90.0,5358,7743843,40220,892993344025,427,42,427,427,3892036,3892036,22182,441691,0,463873,426143,54990,0,0,0,156,197,299,749,327,533,4,455,370,8
654,58583.3,90.0,5357,7725045,40220,890882301819,426,42,426,426,3882637,3882637,22128,436184,0,458312,506649,6653,0,0,0,156,197,299,749,327,533,4,455,371,8
655,58673.3,90.0,5364,7864275,40220,905936899521,433,43,433,433,3952252,3952252,22506,436070,0,458576,355194,110035,0,0,0,156,197,299,749,327,533,4,455,371,8
656,58763.5,90.2,5362,7739128,40220,890925197588,426,43,426,426,3889679,3889678,22148,443881,0,466029,568789,7275,0,0,0,156,198,299,749,327,533,4,455,371,8
657,58853.6,90.1,5371,7908724,40220,910364296288,435,44,435,435,3974477,3974476,22634,446422,0,469056,425881,50450,0,0,0,156,198,299,750,327,533,4,455,371,8
658,58943.8,90.2,5366,7814474,40220,899663437367,430,43,430,430,3927352,3927351,22364,447980,0,470344,516131,4663,0,0,0,156,198,299,750,327,533,4,455,372,8
659,59033.9,90.1,5364,7784290,40220,895390878400,428,43,428,428,3912260,3912259,22256,439137,0,461393,356592,109464,0,0,0,156,198,299,750,327,533,4,455,372,8
660,59124.1,90.2,5325,7529942,40220,798774726488,384,38,383,383,3785086,3785085,19847,390715,0,410562,509126,10900,1,0,584640,156,198,299,750,327,533,4,455,372,8
661,59214.2,90.1,5379,7892093,40220,906169732349,433,43,433,433,3966161,3966161,22566,448408,0,470974,430814,51060,0,0,0,156,198,299,751,327,533,4,455,372,8
662,59304.4,90.2,5324,7504763,40220,785947204873,378,38,377,377,3772496,3772496,19544,402440,0,421984,236522,236522,1,0,665856,156,198,299,751,327,533,4,455,372,8
663,59394.4,90.0,5382,7948811,40220,912648701577,436,44,436,436,3994520,3994520,22728,464276,0,487004,626548,96978,0,0,0,156,198,299,751,327,534,4,455,372,8
664,59484.6,90.1,5335,7643180,40220,809613359050,389,39,388,388,3841705,3841704,20140,405699,0,425839,512522,10295,1,0,597360,156,198,299,751,327,534,4,455,372,8
665,59574.7,90.1,5337,6994628,40220,803190793460,385,38,385,385,3517429,3517428,19995,391426,0,411421,402923,18793,0,1,0,156,198,299,752,327,534,4,455,372,8
666,59664.8,90.2,5386,7936678,40220,910598871178,435,43,435,435,3988454,3988453,22694,451526,0,474220,246506,246507,0,0,0,156,198,299,752,327,534,4,455,372,8
667,59754.9,90.1,5391,8031333,40220,921336279766,440,44,440,440,4035781,4035781,22964,448053,0,471017,628016,89508,0,0,0,156,198,299,752,327,535,4,455,372,8
668,59844.9,90.0,5376,7747605,40220,889164432787,425,42,425,425,3893917,3893917,22154,425522,0,447676,521721,15463,0,0,0,156,198,299,752,327,535,4,455,372,8
669,59935.0,90.1,5386,7848802,40220,899921056001,430,43,430,430,3944516,3944515,22444,450373,0,472817,438416,49864,0,0,0,156,198,299,753,327,535,4,455,372,8
670,60025.0,90.0,5382,7773136,40220,891364978882,426,43,426,426,3906683,3906682,22228,441967,0,464195,512188,1871,0,0,0,156,198,299,753,327,535,4,455,372,8
671,60115.2,90.2,5388,7798700,40220,893531586306,427,42,427,427,3919465,3919464,22302,432165,0,454467,356772,99566,0,0,0,156,198,299,753,327,535,4,455,372,8
672,60205.3,90.1,5385,7653894,40220,876370821564,419,42,419,419,3847062,3847061,21890,441272,0,463162,540635,22093,0,0,0,156,198,299,753,327,535,4,455,372,8
673,60295.5,90.1,5354,7102562,40220,806624281526,383,38,382,382,3571396,3571395,19916,399675,0,419591,417355,24329,1,0,139440,156,198,299,754,327,535,4,455,372,8
674,60385.6,90.2,5403,7906846,40220,904341174746,432,43,432,432,3973538,3973537,22615,449606,0,472221,248274,248276,0,0,0,156,198,299,754,327,535,4,455,372,8
675,60475.8,90.2,5395,7755138,40220,887161295884,424,42,424,424,3897684,3897683,22180,440474,0,462654,629262,81668,0,0,0,156,198,299,754,327,536,4,455,372,8
676,60566.0,90.1,5358,8018070,40220,805597618323,387,38,386,386,4029150,4029149,20128,399491,0,419619,250642,250645,1,0,980720,156,198,299,754,327,536,4,455,372,8
677,60656.1,90.2,5408,8001765,40220,915119294021,437,43,437,437,4020997,4020997,22890,453693,0,476583,669606,57622,0,0,0,156,198,300,754,327,536,4,455,372,8
678,60746.1,90.0,5355,7197640,40220,799155293494,384,38,383,383,3618935,3618934,19968,380937,0,400905,229262,229265,1,0,216216,156,198,300,754,327,536,4,455,372,8
679,60836.2,90.1,5406,7963788,40220,910824326727,435,43,435,435,4002009,4002008,22780,451243,0,474023,630060,73228,0,0,0,156,198,300,754,327,537,4,455,372,8
680,60926.4,90.1,5407,7982775,40220,913012608517,436,43,436,436,4011502,4011502,22835,457257,0,480092,538011,15309,0,0,0,156,198,300,754,327,537,4,455,372,8
681,61016.4,90.1,5409,7932569,40220,906589249759,433,43,433,433,3986399,3986399,22695,432035,0,454730,433796,36243,0,0,0,156,198,300,755,327,537,4,455,372,8
682,61106.5,90.1,5413,8008572,40220,915213286517,437,44,437,437,4024401,4024400,22915,451171,0,474086,255164,255165,0,0,0,156,198,300,755,327,537,4,455,372,8
683,61196.6,90.1,5405,7856615,40220,898033417345,429,43,429,429,3948422,3948422,22475,451532,0,474007,647698,81474,0,0,0,156,198,300,755,327,538,4,455,372,8
684,61286.7,90.1,5361,7713828,40220,801437544448,385,39,384,384,3877029,3877028,20043,399554,0,419597,250534,250537,1,0,707280,156,198,300,755,327,538,4,455,372,8
685,61376.8,90.1,5401,7780712,40220,889484286279,425,43,425,425,3910471,3910470,22255,445533,0,467788,674897,43428,0,0,0,156,198,301,755,327,538,4,455,372,8
686,61466.8,90.0,5414,8027581,40220,917401622410,438,44,438,438,4033905,4033905,22970,458183,0,481153,523889,692,0,0,0,156,198,301,755,327,538,4,455,373,8
687,61556.9,90.1,5407,7902187,40220,902390186520,431,43,431,431,3971208,3971208,22585,452153,0,474738,369437,105993,0,0,0,156,198,301,755,327,538,4,455,373,8
688,61647.1,90.2,5367,7973810,40220,803625270891,386,38,385,385,4007020,4007019,20115,399508,0,419623,262808,262808,1,0,936280,156,198,301,755,327,538,4,455,373,8
689,61737.3,90.2,5418,8023098,40220,915294410791,437,43,437,437,4031664,4031663,22940,454840,0,477780,696077,44511,0,0,0,156,198,302,755,327,538,4,455,373,8
690,61827.4,90.1,5405,7775830,40220,887377220820,424,42,424,424,3908030,3908029,22225,439361,0,461586,253048,253049,0,0,0,156,198,302,755,327,538,4,455,373,8
691,61917.5,90.1,5407,7813837,40220,891672168626,426,42,426,426,3927033,3927033,22335,433362,0,455697,642259,66487,0,0,0,156,198,302,755,327,539,4,455,373,8
692,62007.5,90.0,5405,7775830,40220,887418087298,424,42,424,424,3908030,3908029,22225,436292,0,458517,262502,262502,0,0,0,156,198,302,755,327,539,4,455,373,8
693,62097.5,90.0,5360,7063045,40220,788633849295,379,37,378,378,3551637,3551637,19737,380870,0,400607,618650,44459,1,0,157590,156,198,302,756,328,539,4,455,373,8
694,62187.6,90.1,5415,7965990,40220,908927272976,434,43,434,434,4003110,4003109,22775,462181,0,484956,264706,264709,0,0,0,156,198,302,756,328,539,4,455,373,8
695,62277.8,90.2,5365,7168728,40220,799405597207,384,38,383,383,3604479,3604478,20007,399703,0,419710,634951,49468,1,0,169024,156,198,302,756,328,540,4,455,373,8
696,62368.0,90.1,5405,7775830,40220,887493258530,424,42,424,424,3908030,3908029,22225,444545,0,466770,258118,258120,0,0,0,156,198,302,756,328,540,4,455,373,8
697,62458.0,90.0,5412,8063200,-133092,900378150625,431,43,430,430,3965059,3965058,22555,462048,173,484776,707596,35300,1,0,173312,156,198,303,756,328,540,4,455,373,8
698,62548.1,90.1,5411,7889888,40220,900378258284,430,43,430,430,3965059,3965058,22555,451577,0,474132,254716,254716,0,0,0,156,198,303,756,328,540,4,455,373,8
699,62638.1,90.0,5371,7379646,40220,812331467907,390,39,389,389,3709938,3709937,20330,398792,0,419122,634595,39243,1,0,266800,156,198,303,756,328,541,4,455,373,8
700,62728.2,90.1,5410,7870870,40220,898271684733,429,42,429,429,3955550,3955549,22500,443851,0,466351,252796,252798,0,0,0,156,198,303,756,328,541,4,455,373,8
701,62818.2,90.0,5393,8522135,-952828,859616910473,412,41,411,411,3784658,3784658,21518,422174,993,444685,695581,1902,1,0,993048,156,198,304,756,328,541,4,455,373,8
702,62908.3,90.1,5414,7946960,40220,906861560509,433,43,433,433,3993595,3993594,22720,438664,0,461384,231642,231644,0,0,0,156,198,304,756,328,541,4,455,373,8
703,62998.4,90.1,5407,7813837,40220,891829184782,426,42,426,426,3927033,3927033,22335,448312,0,470647,653839,48452,0,0,0,156,198,304,756,328,542,4,455,373,8
704,63088.4,90.0,5414,7946960,40220,906902460666,433,43,433,433,3993595,3993594,22720,451421,0,474141,261296,261297,0,0,0,156,198,304,756,328,542,4,455,373,8
705,63178.6,90.1,5359,7355311,40220,786643346980,378,37,377,377,3697770,3697770,19682,384420,0,404102,624277,41122,1,0,468952,156,198,304,757,329,542,4,455,373,8
706,63268.7,90.1,5410,7870870,40220,898347123901,429,42,429,429,3955550,3955549,22500,433223,0,455723,248422,248423,0,0,0,156,198,304,757,329,542,4,455,373,8
707,63358.8,90.1,5358,7461482,40220,784530382478,377,37,376,376,3750856,3750855,19629,382850,0,402479,633244,17658,1,0,593598,156,198,304,757,329,543,4,455,373,8
708,63449.0,90.2,5404,7756831,40220,885503165804,423,42,423,423,3898530,3898530,22170,435445,0,457615,237636,237637,0,0,0,156,198,304,757,329,543,4,455,373,8
709,63539.1,90.1,5414,7946960,40220,906977933354,433,43,433,433,3993595,3993594,22720,444318,0,467038,648477,56198,0,0,0,156,198,304,758,330,543,4,455,373,8
710,63629.2,90.1,5421,8080236,40220,922044901361,440,44,440,440,4060233,4060232,23105,449943,0,473048,264622,264624,0,0,0,156,198,304,758,330,543,4,455,373,8
711,63719.3,90.2,5365,7829200,40220,799638422206,384,38,383,383,3934715,3934714,20006,390740,0,410746,650664,24706,1,0,829608,156,198,304,758,330,544,4,455,373,8
712,63809.5,90.2,5416,7985023,40220,911348578859,435,43,435,435,4012626,4012626,22830,447046,0,469876,247290,247292,0,0,0,156,198,304,758,330,544,4,455,373,8
713,63899.5,90.1,5367,7501286,40220,803974416255,386,38,385,385,3770758,3770757,20116,414488,0,434604,641730,40166,1,0,463410,156,198,304,759,331,544,4,455,373,8
714,63989.7,90.1,5421,8080236,40220,922120544186,440,44,440,440,4060233,4060232,23105,460862,0,483967,262066,262067,0,0,0,156,198,304,759,331,544,4,455,373,8
715,64079.8,90.1,5375,7959471,40220,821188812777,394,39,393,393,3999850,3999850,20549,399149,0,419698,659132,22633,1,0,770184,156,198,304,759,331,545,4,455,373,8
716,64169.9,90.1,5369,7866185,40220,808345060242,388,38,387,387,3953207,3953207,20224,389792,0,410016,216324,216325,1,0,790704,156,198,304,759,331,545,4,455,373,8
717,64260.0,90.1,5401,7699852,40220,879212030494,420,42,420,420,3870041,3870040,22005,439222,0,461227,644285,33267,0,0,0,156,198,304,760,332,545,4,455,373,8
718,64350.1,90.0,5367,7711482,40220,804084752752,386,38,385,385,3875856,3875855,20117,401516,0,421633,227450,227450,1,0,673216,156,198,304,760,332,545,4,455,373,8
719,64440.1,90.0,5407,7813837,40220,892131572364,426,42,426,426,3927033,3927033,22335,454056,0,476391,675530,28311,0,0,0,156,198,304,760,332,546,4,455,373,8
720,64530.2,90.1,5411,7889888,40220,900762590835,430,43,430,430,3965059,3965058,22555,446471,0,469026,248668,248669,0,0,0,156,198,304,760,332,546,4,455,373,8
721,64620.3,90.1,5362,7910139,40220,793388477994,381,38,380,380,3975184,3975184,19844,399879,0,419723,644517,23875,1,0,967148,156,198,304,761,333,546,4,455,373,8
722,64710.3,90.0,5418,8023098,40220,915829689468,437,43,437,437,4031664,4031663,22940,442983,0,465923,244898,244900,0,0,0,156,198,304,761,333,546,4,455,373,8
723,64800.4,90.1,5412,7908909,40220,902944867129,431,43,431,431,3974569,3974569,22610,452865,0,475475,689245,31130,0,0,0,156,198,304,761,333,547,4,455,373,8
724,64890.6,90.2,5413,7927933,40220,905133557676,432,43,432,432,3984081,3984081,22665,464718,0,487383,259256,259257,0,0,0,156,198,304,761,333,547,4,455,373,8
725,64980.8,90.2,5368,7971728,40220,806349289997,387,38,386,386,4005979,4005978,20171,396913,0,417084,653390,22951,1,0,914760,156,198,304,762,334,547,4,455,373,8
726,65070.9,90.1,5407,7813837,40220,892282837415,426,42,426,426,3927033,3927033,22335,445526,0,467861,245406,245406,0,0,0,156,198,304,762,334,547,4,455,373,8
727,65161.0,90.1,5415,7965990,40220,909462806301,434,43,434,434,4003110,4003109,22775,456742,0,479517,697058,27865,0,0,0,156,198,304,762,334,548,4,455,373,8
728,65251.0,90.0,5368,7424813,40220,806421532173,387,38,386,386,3732521,3732521,20169,391315,0,411484,219674,219675,1,0,368410,156,198,304,762,334,548,4,455,373,8
729,65341.1,90.1,5413,7927933,40220,905205779934,432,43,432,432,3984081,3984081,22665,441873,0,464538,662315,21898,0,0,0,156,198,304,763,335,548,4,455,373,8
730,65431.4,90.3,5366,7611069,40220,802158518261,385,38,384,384,3825649,3825649,20063,395947,0,416010,218954,218954,1,0,591652,156,198,304,763,335,548,4,455,373,8
731,65521.4,90.1,5412,7908909,40220,903090339665,431,43,431,431,3974569,3974569,22610,444550,0,467160,683286,2828,0,0,0,156,198,304,763,335,549,4,455,373,8
732,65611.7,90.2,5410,7870870,40220,898833372456,429,42,429,429,3955550,3955549,22500,444346,0,466846,234836,234838,0,0,0,156,198,304,763,335,549,4,455,373,8
733,65701.7,90.1,5412,7908909,40220,903128349764,431,43,431,431,3974569,3974569,22610,452922,0,475532,680470,29900,0,0,0,156,198,304,764,336,549,4,455,373,8
734,65791.8,90.1,5373,7969877,40220,817261076377,392,39,391,391,4005053,4005053,20440,403165,0,423605,226752,226753,1,0,818756,156,198,304,764,336,549,4,455,373,8
735,65881.8,90.0,5368,7978696,40220,806523577922,387,38,386,386,4009463,4009462,20168,406682,0,426850,593425,60178,1,0,922608,156,198,304,764,336,549,4,455,373,8
736,65971.9,90.1,5422,7922351,40220,903196461353,431,43,431,431,3981290,3981290,22660,452096,0,474756,267466,267468,0,0,0,156,198,304,764,336,549,4,455,373,8
737,66062.0,90.1,5424,7960464,40220,907491328371,433,43,433,433,4000347,4000346,22770,446628,0,469398,726300,10566,0,0,0,156,198,305,764,336,549,4,455,373,8
738,66152.1,90.0,5422,7922351,40220,903196461353,431,43,431,431,3981290,3981290,22660,442048,0,464708,237636,237638,0,0,0,156,198,305,764,336,549,4,455,373,8
739,66242.2,90.1,5376,7410823,40220,802264729944,385,38,384,384,3725526,3725526,20102,400349,0,420451,599960,58129,1,0,379768,156,198,305,764,336,549,4,455,373,8
740,66332.2,90.0,5434,7973969,40220,907527527906,433,43,433,433,4007099,4007099,22819,456494,0,479313,268720,268722,0,0,0,156,198,305,764,336,549,4,455,373,8
741,66422.3,90.1,5432,7935794,40220,903232530529,431,43,431,431,3988012,3988011,22709,451563,0,474272,740739,2255,0,0,0,156,198,306,764,336,549,4,455,373,8
742,66512.5,90.2,5389,7898201,40220,808743169841,388,38,387,387,3969215,3969215,20303,404325,0,424628,213440,213443,1,0,798252,156,198,306,764,336,549,4,455,373,8
743,66602.5,90.0,5377,7826549,40220,782973356049,376,37,375,375,3933389,3933389,19654,391181,0,410835,587415,36863,1,0,954360,156,198,306,764,336,549,4,455,373,8
744,66692.7,90.2,5435,7815501,40220,888236133959,424,42,424,424,3927865,3927865,22364,444954,0,467318,252090,252091,0,0,0,156,198,306,764,336,549,4,455,373,8
745,66782.9,90.1,5440,7911011,40220,898973672525,429,42,429,429,3975620,3975620,22639,450299,0,472938,692970,32059,0,0,0,156,198,306,765,337,549,4,455,373,8
746,66873.0,90.2,5441,7930122,40220,901153308185,430,43,430,430,3985176,3985175,22694,444720,0,467414,249736,249737,0,0,0,156,198,306,765,337,549,4,455,373,8
747,66963.1,90.0,5450,8102263,40220,920480671049,439,43,439,439,4071246,4071246,23189,457316,0,480505,711074,19168,0,0,0,156,198,306,765,337,550,4,455,373,8
748,67053.1,90.0,5453,8159699,40220,926961456633,442,44,442,442,4099964,4099964,23354,460970,0,484324,251746,251746,0,0,0,156,198,306,765,337,550,4,455,373,8
749,67143.2,90.1,5405,7225984,40220,821734657369,393,39,393,393,3633107,3633106,20662,424427,0,445089,684137,12698,0,1,0,156,198,306,766,338,550,4,455,373,8
750,67233.3,90.1,5443,7968353,40220,905518770976,432,43,432,432,4004291,4004291,22804,471285,0,494089,253392,253395,0,0,0,156,198,306,766,338,550,4,455,373,8
751,67323.6,90.3,5441,7930122,40220,901223924507,430,43,430,430,3985176,3985175,22694,461973,0,484667,720804,17258,0,0,0,156,198,306,766,338,551,4,455,373,8
752,67413.7,90.1,5451,8121405,40220,922737054559,440,44,440,440,4080817,4080817,23244,457268,0,480512,248884,248886,0,0,0,156,198,306,766,338,551,4,455,373,8
753,67503.9,90.1,5384,7808249,40220,776708085889,373,37,372,372,3924239,3924239,19523,389190,0,408713,556814,100785,1,0,980544,156,198,306,767,338,551,4,455,373,8
754,67593.9,90.0,5441,7930122,40220,901294458258,430,43,430,430,3985176,3985175,22694,449158,0,471852,553156,19481,0,0,0,156,198,306,767,338,551,4,456,373,8
755,67684.0,90.1,5441,7932136,40220,901300001659,430,43,430,430,3986183,3986182,22694,449976,0,472670,385371,106780,0,0,0,156,198,306,767,338,551,4,456,373,8
756,67774.3,90.2,5447,7957976,40220,903465660395,431,43,431,431,3999103,3999102,22769,476602,0,499371,599541,6610,0,0,0,157,198,306,767,338,551,4,456,373,8
757,67864.5,90.2,5445,7919710,40220,899171490784,429,43,429,429,3979970,3979969,22659,460867,0,483526,475703,14433,0,0,0,157,198,306,768,338,551,4,456,373,8
758,67954.5,90.1,5401,7197955,40220,802567008267,385,39,384,384,3619092,3619092,20187,414011,0,434198,224314,224317,1,0,135304,157,198,306,768,338,551,4,456,373,8
759,68044.6,90.1,5445,7919710,40220,899203752161,429,43,429,429,3979970,3979969,22659,462462,0,485121,636666,72772,0,0,0,157,198,306,768,338,551,4,456,373,8
760,68134.8,90.1,5405,7861106,40220,789718634771,379,38,378,378,3950668,3950667,19896,383517,0,403413,238092,238093,1,0,900830,157,198,306,768,338,551,4,456,373,8
761,68224.9,90.1,5458,7990589,40220,905682761820,432,43,432,432,4015409,4015409,22864,458029,0,480893,705842,13144,0,0,0,157,198,306,769,339,551,4,456,373,8
762,68314.9,90.1,5462,8067295,40220,914305095626,436,44,436,436,4053762,4053762,23084,469339,0,492423,252782,252785,0,0,0,157,198,306,769,339,551,4,456,373,8
763,68405.1,90.2,5452,7875622,40220,892830168047,426,43,426,426,3957926,3957925,22534,460019,0,482553,725360,9978,0,0,0,157,198,306,769,339,552,4,456,373,8
764,68495.1,90.1,5455,7933091,40220,899311244793,429,43,429,429,3986660,3986660,22699,449043,0,471742,240860,240860,0,0,0,157,198,306,769,339,552,4,456,373,8
765,68585.2,90.1,5451,7856472,40220,890721310205,425,43,425,425,3948351,3948350,22479,464554,0,487033,715812,12081,0,0,0,157,198,306,770,340,552,4,456,373,8
766,68675.3,90.0,5459,8009761,40220,907933607720,433,43,433,433,4024995,4024995,22919,449298,0,472217,242148,242150,0,0,0,157,198,306,770,340,552,4,456,373,8
767,68765.4,90.1,5468,8182449,40220,927260909784,442,44,442,442,4111339,4111339,23414,478875,0,502289,735924,8515,0,0,0,157,198,306,770,340,553,4,456,373,8
768,68855.6,90.2,5410,7624486,40220,800597948449,384,38,383,383,3832358,3832357,20171,390996,0,411167,209840,209842,1,0,569052,157,198,306,770,340,553,4,456,373,8
769,68945.8,90.2,5452,7875622,40220,892939826608,426,43,426,426,3957926,3957925,22534,453926,0,476460,581826,104476,0,0,0,157,198,306,771,340,553,4,456,373,8
770,69035.9,90.1,5407,7189648,40220,794188117634,381,38,380,380,3614939,3614938,20005,403173,0,423178,263826,263828,1,0,191412,157,198,306,771,340,553,4,456,373,8
771,69125.9,90.0,5459,8009761,40220,908004659302,433,43,433,433,4024995,4024995,22919,456574,0,479493,741481,1840,0,0,0,157,198,306,771,340,554,4,456,373,8
772,69216.1,90.1,5454,7913931,40220,897305864330,428,43,428,428,3977080,3977080,22644,450500,0,473144,237492,237492,0,0,0,157,198,306,771,340,554,4,456,373,8
773,69306.2,90.1,5457,7971420,40220,903748407034,431,43,431,431,4005825,4005824,22809,457153,0,479962,600144,117310,0,0,0,157,198,306,772,340,554,4,456,373,8
774,69396.2,90.0,5461,8048114,40220,912370838109,435,44,435,435,4044172,4044171,23029,450938,0,473967,567777,23500,0,0,0,157,198,306,772,340,554,4,457,373,8
775,69486.2,90.0,5456,7954263,40220,901638932623,430,43,430,430,3997246,3997246,22754,458933,0,481687,395263,109924,0,0,0,157,198,306,772,340,554,4,457,373,8
776,69576.3,90.1,5417,7789061,40220,805020452449,386,38,385,385,3914645,3914645,20301,399762,0,420063,264992,264995,1,0,687830,157,198,306,772,340,554,4,457,373,8
777,69666.5,90.2,5465,8037731,40220,910247243032,434,43,434,434,4038980,4038980,22994,457850,0,480844,735917,9922,0,0,0,157,198,306,773,341,554,4,457,373,8
778,69756.5,90.0,5458,7903429,40220,895247363941,427,42,427,427,3971829,3971829,22609,431007,0,453616,231768,231770,0,0,0,157,198,306,773,341,554,4,457,373,8
779,69846.6,90.1,5462,7980155,40220,903837380303,431,43,431,431,4010192,4010192,22829,455324,0,478153,643738,66185,0,0,0,157,198,306,773,341,554,4,457,373,8
780,69936.7,90.1,5475,8051268,40220,910316650333,434,43,434,434,4045749,4045748,23034,469014,0,492048,279116,279117,0,0,0,157,198,306,773,341,554,4,457,373,8
781,70026.9,90.2,5477,8089731,40220,914611535853,436,43,436,436,4064980,4064980,23144,454035,0,477179,746928,9368,0,0,0,157,198,306,774,342,554,4,457,373,8
782,70117.1,90.3,5463,7820755,40220,884579420394,422,42,422,422,3930492,3930492,22374,455882,0,478256,243812,243812,0,0,0,157,198,306,774,342,554,4,457,373,8
783,70207.2,90.1,5473,8012818,40220,906054297804,432,43,432,432,4026524,4026523,22924,449417,0,472341,651496,64657,0,0,0,157,198,306,774,342,554,4,457,373,8
784,70297.2,90.0,5481,7987792,40220,901796094272,430,43,430,430,4014011,4014010,22854,468804,0,491658,278156,278159,0,0,0,157,198,306,774,342,554,4,457,373,8
785,70387.4,90.2,5486,8084066,40220,912533522742,435,43,435,435,4062148,4062147,23129,454914,0,478043,752770,3432,0,0,0,157,198,306,775,343,554,4,457,373,8
786,70477.8,90.4,5481,7987792,40220,901828878849,430,43,430,430,4014011,4014010,22854,456882,0,479736,241584,241584,0,0,0,157,198,306,775,343,554,4,457,373,8
787,70567.8,90.1,5486,8084066,40220,912566163860,435,43,435,435,4062148,4062147,23129,450131,0,473260,655560,59284,0,0,0,157,198,306,775,343,554,4,457,373,8
788,70657.9,90.1,5440,8037611,40220,790196693580,379,37,378,378,4038920,4038920,20036,390025,0,410061,234672,234673,1,0,1033956,157,198,306,775,343,554,4,457,373,8
789,70748.0,90.1,5486,7904854,40220,891128424990,425,42,425,425,3972542,3972541,22619,442017,0,464636,602348,96961,0,0,0,157,198,306,776,343,554,4,457,373,8
790,70838.1,90.1,5481,7808580,40220,880423756595,420,42,420,420,3924405,3924404,22344,450776,0,473120,562582,7499,0,0,0,157,198,306,776,343,554,4,458,373,8
791,70928.3,90.1,5441,7418421,40220,792382127326,380,38,379,379,3729325,3729325,20090,390049,0,410139,359680,57958,1,0,394198,157,198,306,776,343,554,4,458,373,8
792,71018.4,90.2,5494,7971333,40220,897625571995,428,43,428,428,4005781,4005781,22804,455343,0,478147,268052,268053,0,0,0,157,198,306,776,343,554,4,458,373,8
793,71108.5,90.0,5498,8048527,40220,906215629715,432,43,432,432,4044378,4044378,23024,457926,0,480950,630095,118908,0,0,0,157,198,306,777,343,554,4,458,373,8
794,71198.7,90.2,5494,7971333,40220,897655617642,428,43,428,428,4005781,4005781,22804,459995,0,482799,583907,17800,0,0,0,157,198,306,777,343,554,4,459,373,8
795,71288.8,90.1,5447,7962078,40220,794581354684,381,38,380,380,4001154,4001153,20166,400770,0,420936,371435,67301,1,0,910912,157,198,306,777,343,554,4,459,373,8
796,71378.8,90.0,5505,8095939,40220,910562393010,434,43,434,434,4068084,4068084,23159,459733,0,482892,275096,275097,0,0,0,157,198,306,777,343,554,4,459,373,8
797,71468.9,90.0,5452,7371081,40220,794598296620,381,38,380,380,3705655,3705655,20184,407935,0,428119,610135,93081,1,0,314360,157,198,306,778,343,554,4,459,373,8
798,71559.1,90.2,5508,8153947,40220,917034824859,437,43,437,437,4097088,4097088,23327,463685,0,487012,578718,1375,0,0,0,157,198,306,778,343,554,4,460,373,8
799,71649.2,90.2,5505,8097971,40220,910597455753,434,43,434,434,4069100,4069100,23159,463818,0,486977,397460,90892,0,0,0,157,198,306,778,343,554,4,460,373,8
800,71739.4,90.1,5510,8104739,40220,910614244333,434,43,434,434,4072484,4072484,23184,451714,0,474898,282894,282896,0,0,0,157,198,306,778,343,554,4,460,373,8
801,71829.4,90.1,5513,8162807,40220,917056787858,437,44,437,437,4101518,4101518,23352,473649,0,497001,770923,8974,0,0,0,157,198,307,778,343,554,4,460,373,8
802,71919.5,90.1,5465,7218488,40220,811829986284,388,39,388,388,3629359,3629358,20646,428371,0,449017,228994,228997,0,1,0,157,198,307,778,343,554,4,460,373,8
803,72009.6,90.1,5509,8085389,40220,908466760686,433,43,433,433,4062809,4062809,23128,455656,0,478784,664148,43633,0,0,0,157,198,307,778,343,554,4,460,373,8
804,72099.8,90.1,5518,8079517,40220,906353173097,432,43,432,432,4059873,4059873,23122,464630,0,487752,265692,265693,0,0,0,157,198,307,778,343,554,4,460,373,8
805,72189.9,90.2,5467,8067000,40220,794684023453,381,38,380,380,4053615,4053614,20246,393892,0,414138,601409,78422,1,0,990196,157,198,307,779,343,554,4,460,373,8
806,72279.9,90.0,5474,8240606,-989644,809746439878,388,39,387,387,3625486,3625485,20629,406550,1029,428208,253314,253316,1,0,1029864,157,198,307,779,343,554,4,460,373,8
807,72370.0,90.1,5512,7963316,40220,893498291808,426,43,426,426,4001773,4001772,22786,450825,0,473611,678705,48222,0,0,0,157,198,307,779,343,554,4,460,373,8
808,72460.0,90.0,5521,7957215,40220,891384633932,425,43,425,425,3998722,3998722,22780,454397,0,477177,262698,262701,0,0,0,157,198,307,779,343,554,4,460,373,8
809,72550.2,90.2,5532,8170645,40220,915006830448,436,44,436,436,4105437,4105437,23396,480744,0,504140,647912,118929,0,0,0,157,198,307,780,343,554,4,460,373,8
810,72640.3,90.1,5484,7788621,40220,809810390748,388,39,387,387,3914425,3914425,20669,405332,0,426001,540061,4869,1,0,565656,157,198,307,780,343,554,4,460,374,8
811,72730.4,90.1,5532,8178504,40220,915055725454,436,44,436,436,4109367,4109366,23396,459132,0,482528,403213,84184,0,0,0,157,198,307,780,343,554,4,460,374,8
812,72820.5,90.1,5490,7989399,40220,811993527227,389,38,388,388,4014814,4014814,20744,394812,0,415556,249870,249870,1,0,733992,157,198,307,780,343,554,4,460,374,8
813,72910.6,90.1,5529,8029777,40220,897892986553,428,42,428,428,4035003,4035003,22972,440741,0,463713,624316,89267,0,0,0,157,198,307,781,343,554,4,460,374,8
814,73000.7,90.1,5526,7971503,40220,891480643919,425,42,425,425,4005866,4005866,22804,452154,0,474958,555841,8384,0,0,0,157,198,307,781,343,554,4,460,375,8
815,73090.7,90.1,5528,8018072,40220,895794570271,427,42,427,427,4029151,4029150,22916,448968,0,471884,400924,79344,0,0,0,157,198,307,781,343,554,4,460,375,8
816,73180.8,90.1,5534,8044207,40220,897959050982,428,43,428,428,4042218,4042218,22992,470702,0,493694,286518,286520,0,0,0,157,198,307,781,343,554,4,460,375,8
817,73270.9,90.1,5532,8005286,40220,893664011402,426,43,426,426,4022758,4022757,22880,468526,0,491406,659556,118370,0,0,0,157,198,307,782,343,554,4,460,375,8
818,73361.0,90.1,5536,8083140,40220,902284316530,430,43,430,430,4061685,4061684,23104,456652,0,479756,593464,4662,0,0,0,157,198,307,782,343,554,4,461,375,8
819,73451.2,90.1,5538,8124084,40220,906584122635,432,43,432,432,4082157,4082156,23216,460543,0,483759,406285,82136,0,0,0,157,198,307,782,343,554,4,461,375,8
820,73541.3,90.2,5502,7632078,40220,816406776315,391,39,390,390,3836154,3836153,20887,418949,0,439836,260986,260986,1,0,316620,157,198,307,782,343,554,4,461,375,8
821,73631.6,90.2,5548,8228354,40220,917338590439,437,43,437,437,4134292,4134291,23516,467537,0,491053,649715,102324,0,0,0,157,198,307,783,343,554,4,461,375,8
822,73721.7,90.1,5532,7916562,40220,883009033151,421,42,421,421,3978396,3978395,22620,435994,0,458614,560470,468,0,0,0,157,198,307,783,343,554,4,461,376,8
823,73811.7,90.1,5542,8119126,40220,904502980137,431,43,431,431,4079678,4079677,23180,472474,0,495654,411431,84691,0,0,0,157,198,307,783,343,554,4,461,376,8
824,73901.9,90.1,5545,8086819,40220,900224928652,429,43,429,429,4063524,4063524,23088,470979,0,494067,289378,289380,0,0,0,157,198,307,783,343,554,4,461,376,8
825,73992.1,90.2,5547,8125868,40220,904519895945,431,43,431,431,4083049,4083048,23200,464708,0,487908,665478,111810,0,0,0,157,198,307,784,343,554,4,461,376,8
826,74082.2,90.1,5499,7173899,40220,799323516767,382,38,382,382,3607064,3607064,20461,397594,0,418055,264932,264933,0,1,0,157,198,307,784,343,554,4,461,376,8
827,74172.4,90.1,5547,8125868,40220,904550329491,431,43,431,431,4083049,4083048,23200,465339,0,488539,752774,698,0,0,0,157,198,307,784,343,555,4,461,376,8
828,74262.5,90.1,5549,8164929,40220,908881885238,433,43,433,433,4102579,4102579,23312,461805,0,485117,242906,242909,0,0,0,157,198,307,784,343,555,4,461,376,8
829,74352.6,90.1,5539,7969747,40220,887407048767,423,42,423,423,4004988,4004988,22752,455664,0,478416,640669,80656,0,0,0,157,198,307,785,343,555,4,461,376,8
830,74442.6,90.0,5550,8184464,40220,911059744987,434,43,434,434,4112347,4112346,23368,461558,0,484926,282790,282792,0,0,0,157,198,307,785,343,555,4,461,376,8
831,74532.8,90.2,5550,8184464,40220,911059641044,434,43,434,434,4112347,4112346,23368,453532,0,476900,710516,49176,0,0,0,157,198,307,785,343,555,4,461,376,8
832,74623.0,90.2,5511,7255798,40220,803719562306,385,39,384,384,3648014,3648013,20611,418940,0,439551,244362,244365,1,0,31362,157,198,307,785,343,555,4,461,376,8
833,74713.2,90.2,5505,8146730,40220,790834764369,379,38,378,378,4093480,4093479,20273,413397,0,433670,622233,55802,1,0,1039490,157,198,307,786,343,555,4,461,376,8
834,74803.3,90.1,5561,8217610,40220,913271782466,435,44,435,435,4128920,4128919,23464,476160,0,499624,277712,277714,0,0,0,157,198,307,786,343,555,4,461,376,8
835,74893.3,90.0,5556,8119792,40220,902534280971,430,43,430,430,4080011,4080010,23184,453734,0,476918,713292,41340,0,0,0,157,198,307,786,343,555,4,461,376,8
836,74983.3,90.0,5562,8054920,40220,893978544936,426,43,426,426,4047575,4047574,23000,464169,0,487169,264254,264255,0,0,0,157,198,307,786,343,555,4,461,376,8
837,75073.4,90.1,5561,8035347,40220,891831082105,425,43,425,425,4037788,4037788,22944,455763,0,478707,657942,85020,0,0,0,157,198,307,787,343,555,4,461,376,8
838,75163.6,90.1,5564,8094075,40220,898304078330,428,43,428,428,4067152,4067152,23112,460772,0,483884,284452,284452,0,0,0,157,198,307,787,343,555,4,461,376,8
839,75253.6,90.1,5576,8329269,40220,924073777891,440,44,440,440,4184749,4184749,23784,487963,0,511747,780456,15743,0,0,0,157,198,307,787,343,556,4,461,376,8
840,75343.8,90.1,5518,8038512,40220,797409208816,382,38,381,381,4039371,4039370,20480,406450,0,426930,221336,221337,1,0,861276,157,198,307,787,343,556,4,461,376,8
841,75433.9,90.1,5563,8074496,40220,896193435705,427,43,427,427,4057363,4057362,23056,459734,0,482790,641806,62321,0,0,0,157,198,307,788,343,556,4,461,376,8
842,75523.9,90.0,5561,8035347,40220,891928851271,425,43,425,425,4037788,4037788,22944,469161,0,492105,277212,277214,0,0,0,157,198,307,788,343,556,4,461,376,8
843,75614.0,90.1,5565,8113657,40220,900518900801,429,43,429,429,4076943,4076943,23168,466973,0,490141,725042,42313,0,0,0,157,198,307,788,343,556,4,461,376,8
844,75704.0,90.0,5562,7872343,40220,872635751353,416,42,416,416,3956286,3956286,22480,440362,0,462842,252576,252579,0,0,0,157,198,307,788,343,556,4,461,376,8
845,75794.2,90.2,5581,8244822,40220,913438066036,435,44,435,435,4142526,4142525,23544,469772,0,493316,666011,79884,0,0,0,157,198,307,789,343,556,4,461,376,8
846,75884.3,90.1,5529,7735806,40220,808611772204,383,38,382,382,3888018,3888017,20580,409562,0,430142,255012,255014,1,0,526014,157,198,307,789,343,556,4,461,376,8
847,75974.4,90.1,5527,7875031,40220,795357037550,381,38,380,380,3957630,3957630,20464,414367,0,434831,517652,172193,1,0,705280,157,198,307,789,343,556,4,461,376,8
848,76064.6,90.3,5572,7976839,40220,883420962682,421,42,421,421,4008534,4008534,22780,456252,0,479032,635867,15358,0,0,0,158,198,307,789,343,556,4,461,376,8
849,76154.8,90.2,5534,7323883,40220,799669780505,383,38,382,382,3682056,3682056,20597,408493,0,429090,350193,94255,1,0,109020,158,198,307,789,344,556,4,461,376,8
850,76244.9,90.0,5577,8074907,40220,894159165596,426,42,426,426,4057568,4057568,23060,444805,0,467865,281060,281060,0,0,0,158,198,307,789,344,556,4,461,376,8
851,76335.0,90.2,5583,8192692,40220,907043962855,432,43,432,432,4116461,4116460,23396,463171,0,486567,733424,34203,0,0,0,158,198,307,789,344,556,4,461,376,8
852,76425.2,90.1,5584,8029288,40220,887751052338,423,42,423,423,4034759,4034758,22932,442129,0,465061,249632,249632,0,0,0,158,198,307,789,344,556,4,461,376,8
853,76515.3,90.1,5587,8088232,40220,894193440506,426,42,426,426,4064231,4064230,23100,457244,0,480344,661408,68568,0,0,0,158,198,307,790,344,556,4,461,376,8
854,76605.3,90.0,5567,7709640,6794,849126879443,406,40,405,405,3858222,3858221,21924,415684,33,437641,253104,253105,1,0,33426,158,198,307,790,344,556,4,461,376,8
855,76695.4,90.1,5596,8265233,40220,913551388851,435,43,435,435,4152731,4152731,23604,469786,0,493390,728463,18032,0,0,0,158,198,307,790,344,556,4,461,376,8
856,76785.5,90.1,5559,8146106,40220,810506585880,388,38,387,387,4093168,4093167,20958,415659,0,436617,227324,227325,1,0,809096,158,198,307,790,344,556,4,461,376,8
857,76875.5,90.0,5593,8022846,40220,885668461147,422,42,422,422,4031538,4031537,22916,455539,0,478455,652704,53076,0,0,0,158,198,307,791,344,556,4,461,376,8
858,76965.8,90.2,5551,7180380,40220,793357418121,379,38,379,379,3610305,3610304,20510,416663,0,437173,245124,245125,0,1,0,158,198,307,791,344,556,4,461,376,8
859,77055.8,90.1,5603,8219717,40220,907174040924,432,43,432,432,4129973,4129973,23479,454775,0,478254,722599,780,0,0,0,158,198,307,791,344,556,4,461,376,8
860,77146.1,90.2,5620,8371444,40220,922240850086,439,43,439,439,4205837,4205836,23928,458244,0,482172,241476,241476,0,0,0,158,198,307,791,344,556,4,461,376,8
861,77236.2,90.2,5570,7753241,40220,812719184090,389,38,388,388,3896735,3896735,21054,411055,0,432109,640040,33545,1,0,384552,158,198,307,792,344,556,4,461,376,8
862,77326.3,90.0,5566,7311835,40220,804157452290,385,38,384,384,3676032,3676032,20828,420046,0,440874,237208,237211,1,0,22080,158,198,307,792,344,556,4,461,376,8
863,77416.3,90.0,5615,8272704,40220,911531634640,434,43,434,434,4156467,4156466,23643,460353,0,483996,543221,177986,0,0,0,158,198,307,792,344,556,4,461,376,8
864,77506.5,90.2,5576,7707459,40220,814910350043,390,39,389,389,3873844,3873844,21130,423694,0,444824,603267,19543,1,0,313258,158,199,307,792,344,556,4,461,376,8
865,77596.5,90.1,5610,8082089,40220,890163043026,424,42,424,424,4061159,4061159,23098,447211,0,470309,376102,113750,0,0,0,158,199,307,792,345,556,4,461,376,8
866,77686.6,90.1,5572,8407523,40220,806411085896,386,39,385,385,4223876,4223876,20904,428880,0,449784,281766,281768,1,0,1092308,158,199,307,792,345,556,4,461,376,8
867,77776.7,90.1,5614,8161012,40220,898752861629,428,43,428,428,4100621,4100620,23326,466724,0,490050,755528,16290,0,0,0,158,199,307,792,345,556,4,461,376,8
868,77866.9,90.2,5624,8174401,40220,898784303999,428,43,428,428,4107315,4107315,23376,467837,0,491213,253750,253753,0,0,0,158,199,307,792,345,556,4,461,376,8
869,77957.2,90.2,5631,8312857,40220,913816700072,435,44,435,435,4176543,4176543,23775,490850,0,514625,690909,77469,0,0,0,158,199,307,793,345,556,4,461,376,8
870,78047.3,90.1,5622,8134870,40220,894517445483,426,43,426,426,4087550,4087549,23262,470449,0,493711,285590,285590,0,0,0,158,199,307,793,345,556,4,461,376,8
871,78137.4,90.1,5582,7503142,40220,806470637070,386,39,385,385,3771686,3771685,20945,429875,0,450820,555229,181181,1,0,175584,158,199,307,793,345,556,4,461,376,8
872,78227.6,90.1,5630,8200881,40220,900975763901,429,42,429,429,4120555,4120555,23457,463230,0,486687,658607,9261,0,0,0,159,199,307,793,345,556,4,461,376,8
873,78317.6,90.1,5631,8220670,40220,903123775403,430,43,430,430,4130450,4130449,23514,478248,0,501762,389972,121051,0,0,0,159,199,307,793,346,556,4,461,376,8
874,78407.7,90.0,5629,8181095,40220,898828892568,428,42,428,428,4110662,4110662,23400,450159,0,473559,583718,10892,0,0,0,159,199,307,793,346,556,4,461,377,8
875,78497.8,90.2,5642,8446647,40220,926763852735,441,44,441,441,4243438,4243438,24141,484335,0,508476,448199,71169,0,0,0,159,199,307,793,346,556,4,461,377,8
876,78588.0,90.2,5627,8056987,40220,883829899471,421,42,421,421,4048608,4048608,23021,450209,0,473230,272198,272201,0,0,0,159,199,307,793,346,556,4,461,377,8
877,78678.1,90.1,5638,8274942,40220,907452198472,432,43,432,432,4157586,4157585,23648,466089,0,489737,691199,70739,0,0,0,159,199,307,794,346,556,4,461,377,8
878,78768.2,90.1,5645,8413837,40220,922512860353,439,44,439,439,4227033,4227033,24047,485867,0,509914,290326,290327,0,0,0,159,199,307,794,346,556,4,461,377,8
879,78858.3,90.0,5638,8274942,40220,907480411402,432,43,432,432,4157586,4157585,23648,478860,0,502508,785200,7635,0,0,0,159,199,307,794,346,557,4,461,377,8
880,78948.4,90.1,5631,8136200,40220,892482488143,425,43,425,425,4088215,4088214,23249,456634,0,479883,243758,243760,0,0,0,159,199,307,794,346,557,4,461,377,8
881,79038.7,90.3,5643,8374137,40220,918252228389,437,44,437,437,4207183,4207183,23933,484172,0,508105,689715,62150,0,0,0,159,199,307,795,346,557,4,461,377,8
882,79128.8,90.1,5644,8393985,40220,920428115974,438,44,438,438,4217107,4217107,23990,462711,0,486701,274424,274427,0,0,0,159,199,307,795,346,557,4,461,377,8
883,79219.0,90.2,5592,8206313,40220,806611503883,386,39,385,385,4123271,4123271,20978,437678,0,458656,556560,176523,1,0,859716,159,199,307,795,346,557,4,461,377,8
884,79309.1,90.1,5639,8202343,40220,898969062208,428,42,428,428,4121286,4121286,23440,462922,0,486362,634840,28045,0,0,0,159,200,307,795,346,557,4,461,377,8
885,79399.1,90.0,5599,7391990,40220,811013781818,387,38,387,387,3716110,3716109,21105,422542,0,443647,373674,98018,0,1,0,159,200,307,795,347,557,4,461,377,8
886,79489.2,90.1,5650,8420710,40220,922682942104,439,43,439,439,4230470,4230469,24067,462729,0,486796,292406,292408,0,0,0,159,200,307,795,347,557,4,461,377,8
887,79579.3,90.2,5646,8341260,40220,914092996874,435,43,435,435,4190745,4190744,23839,491037,0,514876,798956,8328,0,0,0,159,200,307,795,347,558,4,461,377,8
888,79669.3,90.0,5643,8281705,40220,907685064592,432,43,432,432,4160967,4160967,23668,460989,0,484657,246492,246493,0,0,0,159,200,307,795,347,558,4,461,377,8
889,79759.5,90.2,5637,8162680,40220,894800290608,426,42,426,426,4101455,4101454,23326,456871,0,480197,680717,45973,0,0,0,159,200,307,796,347,558,4,461,377,8
890,79849.6,90.1,5635,8123030,40220,890533765742,424,42,424,424,4081630,4081629,23212,468841,0,492053,269012,269014,0,0,0,159,200,307,796,347,558,4,461,377,8
891,79939.7,90.1,5597,7878014,40220,806781839481,386,38,385,385,3959122,3959121,20995,419625,0,440620,546351,163283,1,0,524888,159,200,307,796,347,558,4,461,377,8
892,80029.8,90.1,5599,7343840,40220,800355417044,383,38,382,382,3692035,3692034,20840,409151,0,429991,296636,296638,1,0,44432,159,200,307,796,347,558,4,461,377,8
893,80119.8,90.1,5647,8268608,40220,905582115747,431,43,431,431,4154419,4154418,23631,471635,0,495266,789026,2878,0,0,0,159,200,308,796,347,558,4,461,377,8
894,80210.0,90.1,5650,8328200,40220,912024577359,434,43,434,434,4184215,4184214,23802,465149,0,488951,245914,245915,0,0,0,159,200,308,796,347,558,4,461,377,8
895,80300.0,90.1,5636,8050343,40220,881959827644,420,42,420,420,4045286,4045286,23004,456234,0,479238,555638,169515,0,0,0,159,200,308,796,347,558,4,461,377,8
896,80390.1,90.1,5651,8255480,40220,903450415159,430,43,430,430,4147855,4147854,23594,465863,0,489457,644869,14103,0,0,0,159,201,308,796,347,558,4,461,377,8
897,80480.3,90.2,5605,7718124,40220,802610515802,384,38,383,383,3879177,3879176,20919,421599,0,442518,369589,87032,1,0,392200,159,201,308,796,348,558,4,461,377,8
898,80570.5,90.1,5659,8414556,40220,920722148529,438,43,438,438,4227393,4227392,24050,461393,0,485443,286236,286239,0,0,0,159,201,308,796,348,558,4,461,377,8
899,80660.6,90.2,5649,8215743,40220,899247269203,428,42,428,428,4127986,4127986,23480,453430,0,476910,576177,186972,0,0,0,159,201,308,796,348,558,4,461,377,8
900,80750.6,90.0,5606,8356100,40220,794036673831,380,38,379,379,4198165,4198164,20708,416532,0,437240,312106,312106,1,0,1103800,159,201,308,796,348,558,4,461,377,8
901,80840.8,90.1,5651,8162813,40220,892820921593,425,43,425,425,4101521,4101521,23329,474437,0,497766,725941,83931,0,0,0,159,201,308,797,348,558,4,461,377,8
902,80930.9,90.1,5620,8452753,40220,824130081862,394,39,393,393,4246491,4246491,21508,419944,0,441452,262690,262693,1,0,923244,159,201,308,797,348,558,4,461,377,8
903,81020.9,90.1,5643,8003938,40220,875669678661,417,42,417,417,4022084,4022083,22873,468162,0,491035,573018,180710,0,0,0,159,201,308,797,348,558,4,461,377,8
904,81111.0,90.0,5664,8328669,40220,910045357958,433,43,433,433,4184449,4184449,23805,462978,0,486783,661579,5914,0,0,0,159,202,308,797,348,558,4,461,377,8
905,81201.1,90.2,5655,8149582,40220,890810153361,424,42,424,424,4094906,4094905,23292,473468,0,496760,396149,106525,0,0,0,159,202,308,797,349,558,4,461,377,8
906,81291.3,90.1,5614,7405693,40220,800615947888,383,38,382,382,3722961,3722961,20899,420557,0,441456,273990,273991,1,0,88160,159,202,308,797,349,558,4,461,377,8
907,81381.4,90.1,5668,8408344,40220,918727548473,437,43,437,437,4224287,4224286,24033,467302,0,491335,580379,184947,0,0,0,159,202,308,797,349,558,4,461,377,8
908,81471.5,90.1,5659,8136319,40220,888678684940,423,42,423,423,4088274,4088274,23255,447583,0,470838,327892,327893,0,0,0,159,202,308,797,349,558,4,461,377,8
909,81561.5,90.0,5669,8335446,40220,910153499870,433,43,433,433,4187838,4187837,23825,466526,0,490351,814677,3567,0,0,0,159,202,309,797,349,558,4,461,377,8
910,81651.6,90.1,5676,8475021,40220,925185896169,440,44,440,440,4257625,4257625,24224,494190,0,518414,260990,260991,0,0,0,159,202,309,797,349,558,4,461,377,8
911,81741.7,90.1,5621,8437934,40220,804926704236,385,39,384,384,4239082,4239081,21033,425574,0,446607,553091,154507,1,0,1074954,159,202,309,797,349,558,4,461,377,8
912,81831.9,90.2,5671,8282407,40220,903727118004,430,43,430,430,4161318,4161318,23674,466882,0,490556,322530,322533,0,0,0,159,202,309,797,349,558,4,461,377,8
913,81922.0,90.1,5671,8282407,40220,903727118002,430,43,430,430,4161318,4161318,23674,468576,0,492250,732069,82714,0,0,0,159,202,309,798,349,558,4,461,377,8
914,82012.3,90.2,5677,8402071,40220,916640733389,436,43,436,436,4221150,4221150,24016,479663,0,503679,586168,225,0,0,0,159,202,309,798,349,558,4,461,378,8
915,82102.5,90.2,5669,8250443,40220,899479293220,428,42,428,428,4145336,4145336,23560,467676,0,491236,446612,44849,0,0,0,159,202,309,798,349,558,4,461,378,8
916,82192.5,90.0,5674,8257149,40220,899495274374,428,43,428,428,4148689,4148689,23580,470906,0,494486,269666,269669,0,0,0,159,202,309,798,349,558,4,461,378,8
917,82282.6,90.2,5675,8277114,40220,901642801155,429,43,429,429,4158672,4158671,23637,468395,0,492032,709243,52458,0,0,0,159,202,309,799,349,558,4,461,378,8
918,82372.8,90.2,5680,8376984,40220,912409083239,434,43,434,434,4208607,4208606,23922,477835,0,501757,277106,277109,0,0,0,159,202,309,799,349,558,4,461,378,8
919,82462.8,90.0,5678,8337027,40220,908114105150,432,43,432,432,4188628,4188628,23808,458095,0,481903,581987,177025,0,0,0,159,202,309,799,349,558,4,461,378,8
920,82552.9,90.1,5627,7757645,40220,785723613774,376,37,375,375,3898937,3898937,20582,405457,0,426039,301532,301532,1,0,547434,159,202,309,799,349,558,4,461,378,8
921,82643.0,90.1,5685,8383785,40220,912425019383,434,43,434,434,4212007,4212007,23942,476579,0,500521,733174,68879,0,0,0,159,202,309,800,349,558,4,461,378,8
922,82733.2,90.1,5637,8417740,40220,807227323145,386,38,385,385,4228985,4228984,21149,405736,0,426885,247882,247882,1,0,1009980,159,202,309,800,349,558,4,461,378,8
923,82823.3,90.1,5680,8283836,40220,901716495511,429,42,429,429,4162033,4162032,23657,468032,0,491689,573880,165691,0,0,0,159,202,309,800,349,558,4,461,378,8
924,82913.3,90.0,5646,7776115,40220,815833364924,390,39,389,389,3908172,3908172,21399,430006,0,451405,308548,308548,1,0,282256,159,202,309,800,349,558,4,461,378,8
925,83003.4,90.1,5695,8490691,40220,923207439173,439,44,439,439,4265460,4265460,24247,500664,0,524911,752677,80782,0,0,0,159,202,309,801,349,558,4,461,378,8
926,83093.4,90.0,5688,8350565,40220,908204022029,432,43,432,432,4195397,4195397,23848,473735,0,497583,289182,289183,0,0,0,159,202,309,801,349,558,4,461,378,8
927,83183.5,90.1,5688,8350565,40220,908204000382,432,43,432,432,4195397,4195397,23848,478549,0,502397,601512,190068,0,0,0,159,202,309,801,349,558,4,461,378,8
928,83273.6,90.1,5698,8457487,40220,918957469929,437,43,437,437,4248858,4248858,24153,466703,0,490856,680211,713,0,0,0,160,202,309,801,349,558,4,461,378,8
929,83363.7,90.1,5693,8357335,40220,908220798518,432,43,432,432,4198782,4198782,23868,472198,0,496066,396825,99954,0,0,0,160,202,309,801,350,558,4,461,378,8
930,83453.8,90.1,5695,8397386,40220,912515787461,434,43,434,434,4218808,4218807,23982,477505,0,501487,600962,479,0,0,0,160,202,309,801,350,558,4,462,378,8
931,83544.0,90.3,5703,8559795,40220,929700440637,442,44,442,442,4300012,4300012,24441,477811,0,502252,458726,44005,0,0,0,160,202,309,801,350,558,4,462,378,8
932,83634.1,90.1,5651,8198561,40220,805162371162,385,39,384,384,4119395,4119395,21152,443329,0,464481,254242,254244,1,0,790860,160,202,309,801,350,558,4,462,378,8
933,83724.3,90.2,5690,8205891,40220,891061706217,424,42,424,424,4123060,4123060,23432,451984,0,475416,704619,25041,0,0,0,160,202,309,802,350,558,4,462,378,8
934,83814.3,90.0,5701,8426278,40220,914710230688,435,44,435,435,4233254,4233253,24060,477754,0,501814,263426,263429,0,0,0,160,202,309,802,350,558,4,462,378,8
935,83904.4,90.1,5645,7854980,40220,792303641135,379,38,378,378,3947605,3947604,20813,401957,0,422770,552111,134088,1,0,565616,160,202,309,802,350,558,4,462,378,8
936,83994.5,90.1,5707,8453164,40220,916872170744,436,43,436,436,4246697,4246696,24143,483282,0,507425,320756,320757,0,0,0,160,202,309,802,350,558,4,462,378,8
937,84084.6,90.1,5697,8252608,40220,895397431803,426,42,426,426,4146419,4146418,23566,471640,0,495206,751655,64308,0,0,0,160,202,309,803,350,558,4,462,378,8
938,84174.6,90.0,5704,8392964,40220,910456191277,433,43,433,433,4216597,4216596,23969,484982,0,508951,286628,286631,0,0,0,160,202,309,803,350,558,4,462,378,8
939,84264.6,90.0,5699,8292694,40220,899718729641,428,42,428,428,4166462,4166461,23680,464813,0,488493,598238,176886,0,0,0,160,202,309,803,350,558,4,462,378,8
940,84354.6,90.0,5706,8339531,40220,904028160291,430,43,430,430,4189880,4189880,23820,479077,0,502897,339890,339893,0,0,0,160,202,309,803,350,558,4,462,378,8
941,84444.7,90.1,5652,7865091,40220,799620894035,376,38,375,375,3952660,3952660,20683,429680,0,450363,742731,47525,1,0,623394,160,202,309,804,350,558,4,462,378,8
942,84534.7,90.0,5709,8399750,40220,910496916134,433,43,433,433,4219990,4219989,23994,473458,0,497452,272488,272489,0,0,0,160,202,309,804,350,558,4,462,378,8
943,84624.9,90.2,5665,7998975,40220,813860184610,389,39,388,388,4019602,4019602,21424,427359,0,448783,572990,148282,1,0,498388,160,202,309,804,350,558,4,462,378,8
944,84715.0,90.1,5708,8286033,40220,897626723541,427,42,427,427,4163131,4163131,23671,462849,0,486520,317400,317402,0,0,0,160,202,309,804,350,558,4,462,378,8
945,84805.0,90.1,5674,8196582,40220,822464719850,393,39,392,392,4118406,4118405,21668,418792,0,440460,730507,27355,1,0,611172,160,202,309,805,350,558,4,462,378,8
946,84895.2,90.1,5719,8507040,40220,921275355673,438,43,438,438,4273635,4273634,24309,491376,0,515685,271520,271520,0,0,0,160,202,309,805,350,558,4,462,378,8
947,84985.4,90.2,5711,8346270,40220,904095519129,430,43,430,430,4193250,4193249,23845,484656,0,508501,604056,175965,0,0,0,160,202,309,805,350,558,4,462,378,8
948,85075.6,90.2,5715,8332910,40220,901962556172,429,43,429,429,4186570,4186569,23812,465747,0,489559,332762,332762,0,0,0,160,202,309,805,350,558,4,462,378,8
949,85165.7,90.1,5720,8433430,40220,912699854760,434,43,434,434,4236830,4236829,24102,486625,0,510727,840172,3317,0,0,0,160,202,310,805,350,558,4,462,378,8
950,85255.9,90.2,5713,8292723,40220,897667501861,427,43,427,427,4166476,4166476,23696,487300,0,510996,257156,257157,0,0,0,160,202,310,805,350,558,4,462,378,8
951,85346.1,90.2,5715,8332910,40220,901962588802,429,43,429,429,4186570,4186569,23812,482332,0,506144,597400,165901,0,0,0,160,202,310,805,350,558,4,462,378,8
952,85436.2,90.2,5675,8085437,40220,803192796474,384,38,383,383,4062833,4062833,21197,421920,0,443117,304508,304510,1,0,666974,160,202,310,805,350,558,4,462,378,8
953,85526.2,90.0,5688,7734565,-16700,831110138269,397,39,396,396,3858937,3858937,21936,428786,56,450778,733238,22050,1,0,56920,160,202,310,806,350,558,4,462,378,8
954,85616.3,90.0,5722,8379863,40220,906298446196,431,43,431,431,4210046,4210046,23953,480330,0,504283,263166,263167,0,0,0,160,202,310,806,350,558,4,462,378,8
955,85706.4,90.1,5677,7986302,40220,807514285555,386,38,385,385,4013266,4013265,21309,421110,0,442419,570259,135327,1,0,528374,160,202,310,806,350,558,4,462,378,8
956,85796.6,90.2,5731,8467178,40220,914903049978,435,44,435,435,4253704,4253703,24210,486027,0,510237,322782,322782,0,0,0,160,202,310,806,350,558,4,462,378,8
957,85886.7,90.1,5739,8628450,40220,932082984495,443,44,443,443,4334340,4334339,24674,509412,0,534086,788091,68777,0,0,0,160,202,310,807,350,558,4,462,378,8
958,85976.7,90.0,5712,9070892,-965796,871979862496,416,42,415,415,4052553,4052552,23050,443721,1006,467777,268276,268278,1,0,1006016,160,202,310,807,350,558,4,462,378,8
959,86066.8,90.1,5728,8406752,40220,908487019073,432,43,432,432,4223491,4223490,24036,476853,0,500889,603781,165386,0,0,0,160,202,310,807,350,558,4,462,378,8
960,86157.0,90.2,5727,8292662,40220,895616673521,426,42,426,426,4166446,4166445,23712,473443,0,497155,331270,331271,0,0,0,160,202,310,807,350,558,4,462,378,8
961,86247.0,90.1,5683,8522682,40220,798979931212,382,38,381,381,4281456,4281455,21120,414378,0,435498,747152,19617,1,0,1132800,160,202,310,808,350,558,4,462,378,8
962,86337.1,90.1,5738,8514325,40220,919265442432,437,43,437,437,4277277,4277277,24350,490370,0,514720,267168,267169,0,0,0,160,202,310,808,350,558,4,462,378,8
963,86427.2,90.0,5687,8541006,40220,807596380124,386,38,385,385,4290618,4290617,21348,425532,0,446880,577966,136083,1,0,1071030,160,202,310,808,350,558,4,462,378,8
964,86517.3,90.1,5744,8541357,40220,921427478394,438,44,438,438,4290793,4290793,24428,475538,0,499966,318024,318025,0,0,0,160,202,310,808,350,558,4,462,378,8
965,86607.3,90.0,5736,8379960,40220,904247685637,430,43,430,430,4210095,4210094,23964,462687,0,486651,770262,34414,0,0,0,160,202,310,809,350,558,4,462,378,8
966,86697.4,90.1,5745,8561546,40220,923601406821,439,44,439,439,4300888,4300887,24486,497155,0,521641,278026,278029,0,0,0,160,202,310,809,350,558,4,462,378,8
967,86787.5,90.1,5684,7316632,40220,790457508149,377,38,377,377,3678431,3678430,20909,418004,0,438913,581171,135771,0,1,0,160,202,310,809,350,558,4,462,378,8
968,86877.6,90.0,5738,8326180,40220,897846315253,427,42,427,427,4183205,4183204,23810,453980,0,477790,306780,306781,0,0,0,160,202,310,809,350,558,4,462,378,8
969,86967.7,90.2,5743,8427060,40220,908583820930,432,43,432,432,4233645,4233644,24100,482787,0,506887,778959,34709,0,0,0,160,202,310,810,350,558,4,462,378,8
970,87057.8,90.0,5691,8391882,40220,794793628603,380,38,379,379,4216056,4216055,21038,422714,0,443752,239230,239231,1,0,1029488,160,202,310,810,350,558,4,462,378,8
971,87147.9,90.1,5746,8487627,40220,915052745666,435,43,435,435,4263928,4263928,24274,500270,0,524544,606361,157414,0,0,0,160,202,310,810,350,558,4,462,378,8
972,87237.9,90.0,5699,7952029,40220,801313899270,383,38,382,382,3996129,3996129,21225,411928,0,433153,295282,295285,1,0,523124,160,202,310,810,350,558,4,462,378,8
973,87328.0,90.0,5748,8433830,40220,908624937335,432,43,432,432,4237030,4237029,24120,485218,0,509338,778688,25935,0,0,0,160,202,310,811,350,558,4,462,378,8
974,87418.2,90.2,5752,8514654,40220,917241243067,436,44,436,436,4277442,4277441,24352,489947,0,514299,270116,270118,0,0,0,160,202,310,811,350,558,4,462,378,8
975,87508.3,90.1,5742,8312688,40220,895766549038,426,43,426,426,4176459,4176458,23772,486859,0,510631,616633,164116,0,0,0,160,202,310,811,350,558,4,462,378,8
976,87598.4,90.1,5751,8400174,40220,904370990694,430,43,430,430,4220202,4220201,24024,481143,0,505167,334640,334643,0,0,0,160,202,310,811,350,558,4,462,378,8
977,87688.5,90.1,5741,8198240,40220,882896110396,420,42,420,420,4119235,4119234,23444,475528,0,498972,797482,36133,0,0,0,160,202,310,812,350,558,4,462,378,8
978,87778.6,90.2,5757,8521485,40220,917282380041,436,43,436,436,4280857,4280857,24372,478560,0,502932,269532,269533,0,0,0,160,202,310,812,350,558,4,462,378,8
979,87868.8,90.2,5746,8299168,40220,893660037984,425,42,425,425,4169699,4169698,23734,476593,0,500327,612989,156871,0,0,0,160,202,310,812,350,558,4,462,378,8
980,87958.9,90.1,5757,8427139,40220,906559705953,431,43,431,431,4233684,4233684,24102,468741,0,492843,324856,324858,0,0,0,160,202,310,812,350,558,4,462,378,8
981,88049.1,90.2,5761,8508076,40220,915149761215,435,44,435,435,4274153,4274152,24334,483955,0,508289,801594,31553,0,0,0,160,202,310,813,350,558,4,462,378,8
982,88139.1,90.1,5751,8305828,40220,893701419277,425,43,425,425,4173029,4173028,23754,491762,0,515516,273534,273535,0,0,0,160,202,310,813,350,558,4,462,378,8
983,88229.2,90.0,5766,8609317,40220,925913673982,440,44,440,440,4324773,4324773,24624,482619,0,507243,620261,160517,0,0,0,160,202,310,813,350,558,4,462,378,8
984,88319.3,90.1,5763,8454138,40220,908748511969,432,43,432,432,4247184,4247183,24180,462470,0,486650,323582,323585,0,0,0,160,202,310,813,350,558,4,462,378,8
985,88409.5,90.3,5760,8393412,40220,902305973157,429,42,429,429,4216821,4216820,24006,477609,0,501615,802017,23183,0,0,0,160,202,310,814,350,558,4,462,378,8
986,88499.6,90.0,5757,8332714,40220,895890133435,426,42,426,426,4186472,4186471,23832,449156,0,472988,248084,248087,0,0,0,160,202,310,814,350,558,4,462,378,8
987,88589.7,90.2,5766,8514892,40220,915217519249,435,43,435,435,4277561,4277560,24354,470642,0,494996,603242,139841,0,0,0,160,202,310,814,350,558,4,462,378,8
988,88679.8,90.0,5765,8400133,40220,902347199442,429,43,429,429,4220181,4220181,24026,472531,0,496557,318198,318200,0,0,0,160,202,310,814,350,558,4,462,378,8
989,88769.9,90.1,5776,8623106,40220,925969486568,440,44,440,440,4331668,4331667,24664,501830,0,526494,816210,28484,0,0,0,160,202,310,815,350,558,4,462,378,8
990,88859.9,90.0,5722,7648647,40220,807884415989,386,39,385,385,3844438,3844438,21475,428973,0,450448,239466,239466,1,0,136488,160,202,310,815,350,558,4,462,378,8
991,88950.0,90.1,5764,8379882,40220,900226256852,428,43,428,428,4210056,4210055,23968,481012,0,504980,605767,138679,0,0,0,160,202,310,815,350,558,4,462,378,8
992,89040.2,90.2,5768,8366326,40220,898093681266,427,42,427,427,4203278,4203277,23930,471021,0,494951,316814,316816,0,0,0,160,202,310,815,350,558,4,462,378,8
993,89130.3,90.1,5724,7846148,40220,801456818057,383,38,382,382,3943189,3943188,21322,425212,0,446534,689772,73578,1,0,387870,160,202,310,815,352,558,4,462,378,8
994,89220.5,90.2,5766,8325807,40220,893798603867,425,42,425,425,4183018,4183018,23814,479431,0,503245,288410,288413,0,0,0,160,202,310,815,352,558,4,462,378,8
995,89310.6,90.1,5766,8325807,40220,893798614878,425,42,425,425,4183018,4183018,23814,465247,0,489061,624138,153336,0,0,0,160,202,310,815,352,558,4,462,378,8
996,89400.6,90.1,5782,8555646,40220,917435776992,436,44,436,436,4297938,4297937,24472,484818,0,509290,331312,331314,0,0,0,160,202,310,815,352,558,4,462,378,8
997,89490.7,90.0,5782,8555646,40220,917435743960,436,44,436,436,4297938,4297937,24472,500140,0,524612,826321,29605,0,0,0,160,202,310,816,352,558,4,462,378,8
998,89580.7,90.0,5731,8485143,40220,805793226368,385,39,384,384,4262686,4262686,21457,434102,0,455559,242582,242582,1,0,981088,160,202,310,816,352,558,4,462,378,8
999,89670.7,90.0,5783,8575954,40220,919609738398,437,44,437,437,4308092,4308091,24530,480385,0,504915,611021,136476,0,0,0,160,202,310,816,352,558,4,462,378,8
1000,89760.9,90.1,5735,7546939,40220,803660437350,384,38,383,383,3793584,3793584,21419,431021,0,452440,294458,294458,1,0,57000,160,202,310,816,352,558,4,462,378,8
1001,89850.9,90.0,5779,8400002,40220,900297190441,428,42,428,428,4220116,4220115,24028,465192,0,489220,715525,68153,0,0,0,160,202,310,816,354,558,4,462,378,8
1002,89941.0,90.1,5781,8440602,40220,904592135688,430,43,430,430,4240416,4240415,24144,485734,0,509878,289014,289017,0,0,0,160,202,310,816,354,558,4,462,378,8
1003,90031.2,90.1,5779,8400002,40220,900297201465,428,42,428,428,4220116,4220115,24028,471689,0,495717,631526,153208,0,0,0,160,202,310,816,354,558,4,462,378,8
1004,90121.3,90.1,5780,8325484,40220,891721994583,424,42,424,424,4182857,4182856,23816,468429,0,492245,322726,322727,0,0,0,160,202,310,816,354,558,4,462,378,8
1005,90211.3,90.0,5793,8589649,40220,919639381206,437,44,437,437,4314939,4314939,24570,499003,0,523573,826053,20247,0,0,0,160,202,310,817,354,558,4,462,378,8
1006,90301.4,90.1,5786,8447341,40220,904633619427,430,43,430,430,4243785,4243785,24164,497896,0,522060,271152,271155,0,0,0,160,202,310,817,354,558,4,462,378,8
1007,90391.5,90.1,5780,8325484,40220,891748728583,424,42,424,424,4182857,4182856,23816,468517,0,492333,622804,140684,0,0,0,160,202,310,817,354,558,4,462,378,8
1008,90481.7,90.1,5783,8291504,40220,887468528894,422,42,422,422,4165867,4165866,23720,489302,0,513022,326852,326854,0,0,0,160,202,310,817,354,558,4,462,378,8
1009,90571.8,90.1,5786,8352446,40220,893910968797,425,42,425,425,4196338,4196337,23894,466068,0,489962,815910,906,0,0,0,160,202,310,818,354,558,4,462,378,8
1010,90661.9,90.1,5746,8243401,40220,805890692474,385,38,384,384,4141815,4141815,21517,419303,0,440820,220862,220864,1,0,721024,160,202,310,818,354,558,4,462,378,8
1011,90752.1,90.2,5795,8535441,40220,913264985329,434,43,434,434,4287835,4287835,24416,484461,0,508877,607846,121895,0,0,0,160,202,310,818,354,558,4,462,378,8
1012,90842.1,90.0,5749,8109337,40220,801610576947,383,38,382,382,4074783,4074783,21421,432235,0,453656,287774,287777,1,0,621390,160,202,310,818,354,558,4,462,378,8
1013,90932.3,90.2,5798,8501523,40220,908984781397,432,43,432,432,4270876,4270876,24320,478611,0,502931,735408,55300,0,0,0,160,202,310,818,356,558,4,462,378,8
1014,91022.4,90.1,5797,8481168,40220,906837264598,431,43,431,431,4260699,4260698,24262,490249,0,514511,284904,284907,0,0,0,160,202,310,818,356,558,4,462,378,8
1015,91112.4,90.0,5768,7941245,-29044,842412766239,402,40,401,401,3956105,3956105,22522,443512,69,466103,620412,130598,1,0,69264,160,202,310,818,356,558,4,462,378,8
1016,91202.5,90.2,5806,8569424,40220,915442062007,435,43,435,435,4304827,4304826,24520,480217,0,504737,317666,317669,0,0,0,160,202,310,818,356,558,4,462,378,8
1017,91292.5,90.0,5806,9246244,-656980,913294489956,435,43,434,434,4294637,4294636,24461,484678,697,509836,825903,1602,1,0,697200,160,202,310,819,356,558,4,462,378,8
1018,91382.6,90.1,5802,8487922,40220,906878716282,431,43,431,431,4264076,4264075,24284,467679,0,491963,246782,246783,0,0,0,160,202,310,819,356,558,4,462,378,8
1019,91472.8,90.2,5751,8466284,40220,795209644085,380,38,379,379,4253257,4253256,21268,431182,0,452450,596471,102762,1,0,1032672,160,202,310,819,356,558,4,462,378,8
1020,91562.9,90.2,5808,8515063,40220,909041102821,432,43,432,432,4277646,4277646,24368,478173,0,502541,302650,302653,0,0,0,160,202,310,819,356,558,4,462,378,8
1021,91653.1,90.2,5807,8494677,40220,906893530664,431,43,431,431,4267453,4267453,24309,481453,0,505762,761445,46970,0,0,0,160,202,310,819,358,558,4,462,378,8
1022,91743.3,90.2,5802,8392792,40220,896156123493,426,43,426,426,4216511,4216510,24014,491785,0,515799,281384,281385,0,0,0,160,202,310,819,358,558,4,462,378,8
1023,91833.3,90.0,5762,8201618,40220,808109382476,386,39,385,385,4120924,4120923,21636,438196,0,459832,619424,121793,1,0,640552,160,202,310,819,358,558,4,462,378,8
1024,91923.4,90.0,5806,8379085,40220,894023376787,425,42,425,425,4209657,4209657,23980,480772,0,504752,313272,313273,0,0,0,160,202,310,819,358,558,4,462,378,8
1025,92013.5,90.1,5812,8501430,40220,906908378243,431,43,431,431,4270830,4270829,24334,500065,0,524399,835688,1984,0,0,0,160,202,310,820,358,558,4,462,378,8
1026,92103.5,90.0,5757,7680677,40220,786675929515,376,37,375,375,3860453,3860453,21075,414603,0,435678,218830,218832,1,0,316400,160,202,310,820,358,558,4,462,378,8
1027,92193.6,90.1,5801,8277216,40220,883312760093,420,42,420,420,4158723,4158722,23685,479717,0,503402,611909,110325,0,0,0,160,202,310,820,358,558,4,462,378,8
1028,92283.8,90.2,5819,8549023,40220,911244879760,433,43,433,433,4294626,4294626,24477,474540,0,499017,304670,304672,0,0,0,160,202,310,820,358,558,4,462,378,8
1029,92373.8,90.1,5817,8508184,40220,906950023237,431,43,431,431,4274207,4274206,24359,481809,0,506168,780699,30141,0,0,0,160,202,310,820,360,558,4,462,378,8
1030,92464.0,90.1,5815,8467359,40220,902655033788,429,43,429,429,4253794,4253794,24241,478842,0,503083,266612,266612,0,0,0,160,202,310,820,360,558,4,462,378,8
1031,92554.0,90.0,5779,7737227,40220,823198161003,393,39,392,392,3888728,3888728,22083,444588,0,466671,619426,113857,1,0,21976,160,202,310,820,360,558,4,462,378,8
1032,92644.1,90.1,5821,8494509,40220,904817261074,430,43,430,430,4267369,4267369,24325,492055,0,516380,315118,315119,0,0,0,160,202,310,820,360,558,4,462,378,8
1033,92734.4,90.3,5813,8331181,40220,887637380819,422,42,422,422,4185705,4185705,23853,471308,0,495161,799358,10922,0,0,0,160,202,310,820,362,558,4,462,378,8
1034,92824.6,90.2,5781,7660486,40220,816770431546,389,39,389,389,3850358,3850357,21929,443516,0,465445,238182,238185,0,1,0,160,202,310,820,362,558,4,462,378,8
1035,92914.6,90.0,5776,8448744,40220,806033013311,385,38,384,384,4244487,4244486,21637,430278,0,451915,599842,90258,1,0,890172,160,202,310,820,362,558,4,462,378,8
1036,93004.6,90.0,5823,8439928,40220,898389675617,427,43,427,427,4240079,4240078,24173,483755,0,507928,299092,299094,0,0,0,160,202,310,820,362,558,4,462,378,8
1037,93094.6,90.0,5824,8460364,40220,900537070647,428,43,428,428,4250297,4250296,24232,495702,0,519934,614018,205010,0,0,0,160,202,310,820,363,558,4,462,378,8
1038,93184.9,90.2,5776,7690884,40220,795310460561,380,38,379,379,3865557,3865556,21367,424505,0,445872,631637,19245,1,0,227960,160,202,310,820,363,558,4,463,378,8
1039,93275.0,90.2,5828,8544171,40220,909131480389,432,43,432,432,4292200,4292200,24468,469537,0,494005,256624,256626,0,0,0,160,202,310,820,363,558,4,463,378,8
1040,93365.2,90.2,5784,8433763,40220,812494727351,388,39,387,387,4236996,4236996,21831,439449,0,461280,714465,3441,1,0,806560,161,202,310,820,363,558,4,463,378,8
1041,93455.2,90.0,5824,8462376,40220,900542276893,428,43,428,428,4251303,4251302,24232,499908,0,524140,473387,54194,0,0,0,161,202,310,820,364,558,4,463,378,8
1042,93545.3,90.1,5824,8462376,40220,900542310124,428,43,428,428,4251303,4251302,24232,479860,0,504092,279142,279144,0,0,0,161,202,310,820,364,558,4,463,378,8
1043,93635.3,90.0,5820,8380630,40220,891952253687,424,42,424,424,4210430,4210429,23996,476171,0,500167,646471,132840,0,0,0,161,202,310,820,364,558,4,463,378,8
1044,93725.3,90.0,5834,8571413,40220,911294538459,433,43,433,433,4305821,4305821,24551,482171,0,506722,319780,319782,0,0,0,161,202,310,820,364,558,4,463,378,8
1045,93815.5,90.2,5843,8755805,40220,930621858053,442,44,442,442,4398017,4398017,25082,487478,0,512560,630986,201356,0,0,0,161,202,310,820,365,558,4,463,378,8
1046,93905.6,90.0,5833,8550941,40220,909147132354,432,43,432,432,4295585,4295585,24492,499438,0,523930,674911,50375,0,0,0,161,202,310,820,365,558,4,464,378,8
1047,93995.6,90.1,5780,8446269,40220,793187291180,379,37,378,378,4243249,4243249,21329,422322,0,443651,247012,247014,1,0,993774,161,202,310,820,365,558,4,464,378,8
1048,94085.8,90.1,5836,8614413,40220,915593892290,435,43,435,435,4327321,4327321,24669,483973,0,508642,749819,5837,0,0,0,162,202,310,820,365,558,4,464,378,8
1049,94175.8,90.1,5780,8198654,40220,793188055502,379,37,378,378,4119442,4119441,21329,416154,0,437483,441820,1500,1,0,746112,162,202,310,820,366,558,4,464,378,8
1050,94266.0,90.2,5839,8675882,40220,922036930320,438,43,438,438,4358056,4358055,24846,498741,0,523587,262542,262545,0,0,0,162,202,310,820,366,558,4,464,378,8
1051,94356.2,90.2,5831,8512028,40220,904857205146,430,43,430,430,4276129,4276128,24374,493204,0,517578,648916,131207,0,0,0,162,202,310,820,366,558,4,464,378,8
1052,94446.4,90.1,5833,8457326,40220,898429497846,427,43,427,427,4248778,4248777,24217,497578,0,521795,326500,326502,0,0,0,162,202,310,820,366,558,4,464,378,8
1053,94536.5,90.1,5835,8498283,40220,902724564834,429,43,429,429,4269256,4269256,24335,471983,0,496318,637048,185772,0,0,0,162,202,310,820,367,558,4,464,378,8
1054,94626.5,90.0,5834,8477803,40220,900577003647,428,43,428,428,4259016,4259016,24276,488351,0,512627,667659,30740,0,0,0,162,202,310,820,367,558,4,465,378,8
1055,94716.7,90.2,5839,8582269,40220,911318908109,433,43,433,433,4311249,4311249,24571,494248,0,518819,535691,13868,0,0,0,162,202,310,820,367,558,4,465,378,8
1056,94806.8,90.1,5843,8568541,40220,909186157022,432,43,432,432,4304385,4304385,24532,497318,0,521850,267858,267860,0,0,0,162,202,310,820,367,558,4,465,378,8
1057,94896.9,90.1,5789,8017158,40220,791074656131,378,37,377,377,4028694,4028693,21302,406237,0,427539,578948,116451,1,0,571064,162,202,310,820,368,558,4,465,378,8
1058,94987.0,90.1,5829,8281687,40220,879121474581,418,41,418,418,4160958,4160958,23706,460454,0,484160,599982,629,0,0,0,162,202,310,820,368,558,4,465,379,8
1059,95077.1,90.1,5839,8494644,40220,900613779662,428,42,428,428,4267437,4267436,24296,502995,0,527291,526942,978,0,0,0,162,202,310,820,368,558,4,465,379,8
1060,95167.2,90.2,5845,8521892,40220,902776095566,429,43,429,429,4281061,4281060,24375,489289,0,513664,257320,257322,0,0,0,162,202,310,820,368,558,4,465,379,8
1061,95257.4,90.2,5843,8480823,40220,898481139349,427,43,427,427,4260526,4260526,24257,488495,0,512752,622035,148039,0,0,0,162,202,310,820,369,558,4,465,379,8
1062,95347.6,90.2,5844,8501356,40220,900628534379,428,43,428,428,4270793,4270792,24316,485805,0,510121,653852,4308,0,0,0,162,202,310,820,369,558,4,466,379,8
1063,95437.8,90.1,5850,8626662,40220,913517911412,434,43,434,434,4333446,4333445,24670,490977,0,515647,259976,259979,0,0,0,162,202,310,820,369,558,4,466,379,8
1064,95527.9,90.1,5853,8688350,40220,919960329122,437,44,437,437,4364290,4364289,24847,509825,0,534672,786544,8107,0,0,0,163,202,310,820,369,558,4,466,379,8
1065,95618.1,90.2,5841,8441769,40220,894191090291,425,43,425,425,4240999,4240999,24139,482580,0,506719,500303,14523,0,0,0,163,202,310,820,370,558,4,466,379,8
1066,95708.1,90.0,5838,8380194,40220,887748617196,422,42,422,422,4210212,4210211,23962,469787,0,493749,254136,254136,0,0,0,163,202,310,820,370,558,4,466,379,8
1067,95798.3,90.2,5804,7687037,40220,812586800322,388,39,387,387,3863633,3863633,21899,439570,0,461469,622872,92733,1,0,22752,163,202,310,820,370,558,4,466,379,8
1068,95888.3,90.0,5853,9298032,-686048,907091068127,432,43,431,431,4305997,4305996,24513,490980,726,516219,304476,304476,1,0,726268,163,202,310,820,370,558,4,466,379,8
1069,95978.4,90.1,5842,8366280,40220,885616220580,421,42,421,421,4203255,4203254,23923,465302,0,489225,645775,147926,0,0,0,163,202,310,820,371,558,4,466,379,8
1070,96068.5,90.1,5845,8427892,40220,892058549671,424,42,424,424,4234061,4234060,24100,485520,0,509620,635307,22239,0,0,0,163,202,310,820,371,558,4,466,380,8
1071,96158.6,90.2,5847,8477076,40220,896370162733,426,42,426,426,4258653,4258652,24218,478294,0,502512,262374,262377,0,0,0,163,202,310,820,371,558,4,466,380,8
1072,96248.7,90.1,5845,8435947,40220,892075195439,424,42,424,424,4238088,4238088,24100,480905,0,505005,724457,42925,0,0,0,163,203,310,820,371,558,4,466,380,8
1073,96338.7,90.0,5855,8641721,40220,913630300411,434,43,434,434,4340975,4340975,24690,482846,0,507536,530338,20123,0,0,0,163,203,310,820,372,558,4,466,380,8
1074,96428.8,90.1,5852,8579956,40220,907187727138,431,43,431,431,4310093,4310092,24513,495935,0,520448,270284,270287,0,0,0,163,203,310,820,372,558,4,466,380,8
1075,96518.9,90.1,5845,8435947,40220,892155463941,424,42,424,424,4238088,4238088,24100,462501,0,486601,645618,111270,0,0,0,163,203,310,820,372,558,4,466,380,8
1076,96609.0,90.1,5851,8463183,40220,894316259507,425,43,425,425,4251706,4251706,24179,497184,0,521363,316316,316317,0,0,0,163,203,310,820,372,558,4,466,380,8
1077,96699.1,90.0,5808,8632815,40220,799826967919,382,38,381,381,4336522,4336522,21585,427568,0,449153,644179,121291,1,0,1071600,163,203,310,820,373,558,4,466,380,8
1078,96789.2,90.2,5853,8504350,40220,898611315770,427,43,427,427,4272290,4272289,24297,478943,0,503240,312264,312267,0,0,0,163,203,310,820,373,558,4,466,380,8
1079,96879.4,90.2,5857,8586723,40220,907201250358,431,43,431,431,4313476,4313476,24533,486731,0,511264,813720,9811,0,0,0,163,203,310,820,373,559,4,466,380,8
1080,96969.4,90.0,5857,8586723,40220,907231900668,431,43,431,431,4313476,4313476,24533,493716,0,518249,264030,264030,0,0,0,163,203,310,820,373,559,4,466,380,8
1081,97059.5,90.0,5855,8545530,40220,902936933374,429,43,429,429,4292880,4292879,24415,506975,0,531390,665645,129775,0,0,0,163,203,310,820,374,559,4,466,380,8
1082,97149.6,90.2,5862,8689759,40220,917969318903,436,44,436,436,4364994,4364994,24828,503280,0,528108,642489,15394,0,0,0,163,203,310,820,374,559,4,466,381,8
1083,97239.7,90.0,5806,8261442,40220,795578399730,380,38,379,379,4150836,4150835,21468,439507,0,460975,238184,238185,1,0,733656,163,203,310,820,374,559,4,466,381,8
1084,97329.8,90.2,5864,8739351,40220,922279823525,438,44,438,438,4389790,4389790,24946,511961,0,536907,741747,33345,0,0,0,163,204,310,820,374,559,4,466,381,8
1085,97419.9,90.0,5856,8574322,40220,905180448349,430,43,430,430,4307276,4307275,24474,499481,0,523955,553234,4066,0,0,0,163,204,310,820,375,559,4,466,381,8
1086,97510.0,90.1,5804,7587231,40220,791363736784,378,38,377,377,3813730,3813730,21350,429657,0,451007,227536,227537,1,0,100422,163,204,310,820,375,559,4,466,381,8
1087,97600.0,90.0,5860,8656812,40220,913770405300,434,43,434,434,4348521,4348520,24710,486680,0,511390,638758,100169,0,0,0,163,204,310,820,375,559,4,466,381,8
1088,97690.1,90.1,5821,8127954,40220,817147014729,390,39,389,389,4084092,4084091,22076,447038,0,469114,284640,284643,1,0,389844,163,204,310,820,375,559,4,466,381,8
1089,97780.2,90.1,5868,8725579,40220,920226196239,437,43,437,437,4382904,4382904,24907,492345,0,517252,682344,119551,0,0,0,163,204,310,820,376,559,4,466,381,8
1090,97870.3,90.1,5809,8573500,40220,791377199782,378,37,377,377,4306865,4306864,21369,421373,0,442742,281146,281147,1,0,1081100,163,204,310,820,376,559,4,466,381,8
1091,97960.5,90.2,5861,8581080,40220,905193922528,430,43,430,430,4310655,4310654,24494,491795,0,516289,670150,127286,0,0,0,163,204,310,820,376,559,4,466,381,8
1092,98050.6,90.1,5868,8629139,40220,909502408730,432,43,432,432,4334684,4334684,24632,504490,0,529122,328204,328204,0,0,0,163,204,310,820,376,559,4,466,381,8
1093,98140.8,90.2,5863,8525909,40220,898764968131,427,43,427,427,4283069,4283069,24337,507517,0,531854,851636,8422,0,0,0,163,204,310,821,376,559,4,466,381,8
1094,98230.9,90.2,5866,8587838,40220,905232039392,430,43,430,430,4314034,4314033,24514,499759,0,524273,266346,266349,0,0,0,163,204,310,821,376,559,4,466,381,8
1095,98321.0,90.0,5868,8629139,40220,909526917122,432,43,432,432,4334684,4334684,24632,492881,0,517513,665518,118344,0,0,0,163,204,310,821,376,559,4,466,381,8
1096,98411.0,90.1,5876,8697949,40220,915982757720,435,43,435,435,4369089,4369089,24829,489371,0,514200,316272,316272,0,0,0,163,204,310,821,376,559,4,466,381,8
1097,98501.2,90.1,5877,8718629,40220,918130241368,436,43,436,436,4379429,4379429,24888,485613,0,510501,701764,125009,0,0,0,163,204,310,821,377,559,4,466,381,8
1098,98591.3,90.1,5869,8553274,40220,900950461755,428,42,428,428,4296752,4296751,24416,474139,0,498555,311782,311782,0,0,0,163,204,310,821,377,559,4,466,381,8
1099,98681.3,90.0,5864,8450029,40220,890213054715,423,42,423,423,4245129,4245129,24121,486520,0,510641,819917,2506,0,0,0,163,204,310,821,377,560,4,466,381,8
1100,98771.5,90.1,5813,7960037,40220,778574798251,372,37,371,371,4000133,4000133,21055,424950,0,446005,224254,224257,1,0,578646,163,204,310,821,377,560,4,466,381,8
1101,98861.7,90.2,5871,8594594,40220,905276344636,430,43,430,430,4317412,4317411,24534,484344,0,508878,662097,71038,0,0,0,163,204,310,821,378,560,4,466,381,8
1102,98951.7,90.1,5818,8256979,40220,789312227698,377,37,376,376,4148604,4148604,21351,421801,0,443152,257094,257096,1,0,772660,163,204,310,821,378,560,4,466,381,8
1103,99041.9,90.1,5874,8656598,40220,911718773153,433,43,433,433,4348414,4348413,24711,487477,0,512188,660400,108884,0,0,0,163,204,310,821,378,560,4,466,381,8
1104,99132.0,90.2,5874,8560000,40220,900994832041,428,43,428,428,4300115,4300114,24436,501270,0,525706,317294,317296,0,0,0,163,204,310,821,378,560,4,466,381,8
1105,99222.1,90.1,5825,7598432,40220,793620660903,379,38,378,378,3819331,3819330,21488,435758,0,457246,690125,84417,1,0,67488,163,204,310,821,379,560,4,466,381,8
1106,99312.3,90.2,5884,8766882,40220,922469702148,438,44,438,438,4403556,4403555,25026,498061,0,523087,303752,303752,0,0,0,163,204,310,821,379,560,4,466,381,8
1107,99402.3,90.0,5877,8622031,40220,907437260556,431,43,431,431,4331130,4331130,24613,482920,0,507533,683587,127698,0,0,0,163,204,310,821,379,560,4,466,381,8
1108,99492.3,90.0,5877,8525355,40220,896713263387,426,42,426,426,4282792,4282792,24338,476994,0,501332,314514,314516,0,0,0,163,204,310,821,379,560,4,466,381,8
1109,99582.3,90.0,5885,8690912,40220,913893177411,434,43,434,434,4365571,4365570,24810,490240,0,515050,725143,104423,0,0,0,163,204,310,821,380,560,4,466,381,8
1110,99672.3,90.0,5882,8628805,40220,907450737683,431,43,431,431,4334517,4334517,24633,479041,0,503674,304048,304049,0,0,0,163,204,310,821,380,560,4,466,381,8
1111,99762.5,90.2,5874,8463324,40220,890270834870,423,42,423,423,4251777,4251776,24161,479295,0,503456,683903,123602,0,0,0,163,204,310,821,380,560,4,466,381,8
1112,99852.7,90.2,5841,8181840,40220,806532561885,385,39,384,384,4111035,4111034,21881,445147,0,467028,295314,295316,1,0,515970,163,204,310,821,380,560,4,466,381,8
1113,99942.8,90.1,5880,8490661,40220,892431795642,424,42,424,424,4265445,4265445,24240,492817,0,517057,724237,88136,0,0,0,163,204,310,821,381,560,4,466,381,8
1114,100032.8,90.1,5891,8718456,40220,916054216670,435,44,435,435,4379343,4379342,24889,498885,0,523774,305954,305956,0,0,0,163,204,310,821,381,560,4,466,381,8
1115,100123.0,90.2,5890,8697732,40220,913906643324,434,43,434,434,4368981,4368980,24830,493399,0,518229,694464,129721,0,0,0,163,204,310,821,381,560,4,466,381,8
1116,100213.3,90.2,5895,8704552,40220,913920165300,434,43,434,434,4372391,4372390,24850,488419,0,513269,321494,321496,0,0,0,163,204,310,821,381,560,4,466,381,8
1117,100303.4,90.1,5892,8642350,40220,907477624659,431,43,431,431,4341290,4341289,24673,480110,0,504783,739069,87210,0,0,0,163,204,310,821,382,560,4,466,381,8
1118,100393.5,90.1,5889,8580177,40220,901035263418,428,42,428,428,4310203,4310203,24496,472828,0,497324,292266,292268,0,0,0,163,204,310,821,382,560,4,466,381,8
1119,100483.7,90.2,5892,8642350,40220,907477602235,431,43,431,431,4341290,4341289,24673,483300,0,507973,684733,115508,0,0,0,163,204,310,821,382,560,4,466,381,8
1120,100573.7,90.1,5898,8669869,40220,909638563009,432,43,432,432,4355049,4355049,24752,489819,0,514571,315038,315041,0,0,0,163,204,310,821,382,560,4,466,381,8
1121,100663.9,90.1,5851,7789916,40220,806559471288,385,39,384,384,3915073,3915072,21923,452654,0,474577,728808,60810,1,0,111440,163,204,310,821,383,560,4,466,381,8
1122,100753.9,90.1,5891,8524710,40220,894606211115,425,43,425,425,4282470,4282469,24339,483037,0,507376,284092,284094,0,0,0,163,204,310,821,383,560,4,466,381,8
1123,100844.0,90.1,5900,8711372,40220,913933552726,434,43,434,434,4375801,4375800,24870,496939,0,521809,689821,116082,0,0,0,163,204,310,821,383,560,4,466,381,8
1124,100934.1,90.1,5900,8614382,40220,903209701317,429,42,429,429,4327306,4327305,24595,486941,0,511536,313808,313810,0,0,0,163,204,310,821,383,560,4,466,381,8
1125,101024.5,90.3,5902,8655897,40220,907504657399,431,43,431,431,4348063,4348063,24715,505886,0,530601,764473,79938,0,0,0,163,204,310,821,384,560,4,466,381,8
1126,101114.5,90.0,5842,7452629,40220,776508244629,371,37,370,370,3746429,3746429,21116,416034,0,437150,258544,258544,1,0,56740,163,204,310,821,384,560,4,466,381,8
1127,101204.7,90.1,5902,8655897,40220,907504646186,431,43,431,431,4348063,4348063,24715,494227,0,518942,677887,99599,0,0,0,163,204,310,821,384,560,4,466,381,8
1128,101294.7,90.0,5910,8725012,40220,913960652736,434,43,434,434,4382621,4382620,24920,496869,0,521789,310694,310694,0,0,0,163,204,310,821,384,560,4,466,381,8
1129,101384.9,90.2,5860,8067618,40220,804438953103,384,38,383,383,4053924,4053923,21904,427222,0,449126,730649,29171,1,0,397512,163,204,310,821,385,560,4,466,381,8
1130,101475.0,90.1,5907,8662669,40220,907518056035,431,43,431,431,4351449,4351449,24740,491292,0,516032,272600,272603,0,0,0,163,204,310,821,385,560,4,466,381,8
1131,101565.1,90.2,5903,8579589,40220,898928222358,427,43,427,427,4309909,4309909,24500,495905,0,520405,687940,105068,0,0,0,163,204,310,821,385,560,4,466,381,8
1132,101655.2,90.1,5909,8607080,40220,901089104647,428,42,428,428,4323655,4323654,24585,490335,0,514920,309994,309994,0,0,0,163,204,310,821,385,560,4,466,381,8
1133,101745.4,90.2,5870,8695397,40220,815189826041,389,38,388,388,4367813,4367813,22219,435639,0,457858,743343,24509,1,0,915988,163,204,310,821,386,560,4,466,381,8
1134,101835.5,90.1,5858,7738250,40220,789420022277,377,37,376,376,3889240,3889239,21509,423829,0,445338,234922,234925,1,0,207288,163,204,310,821,386,560,4,466,381,8
1135,101925.7,90.2,5906,8544746,40220,894646720980,425,42,425,425,4292488,4292487,24405,475122,0,499527,660973,73479,0,0,0,163,204,310,821,386,560,4,466,381,8
1136,102015.8,90.1,5919,8717836,40220,911840123343,433,43,433,433,4379033,4379032,24910,503820,0,528730,301104,301105,0,0,0,163,204,310,821,386,560,4,466,381,8
1137,102106.0,90.2,5909,8509854,40220,890365286874,423,42,423,423,4275042,4275041,24310,474446,0,498756,768238,31623,0,0,0,163,204,310,821,387,560,4,466,381,8
1138,102196.1,90.1,5867,8008479,40220,798023411565,381,38,380,380,4024354,4024354,21765,441192,0,462957,247290,247290,1,0,388892,163,204,310,821,387,560,4,466,381,8
1139,102286.2,90.1,5917,8676215,40220,907545156050,431,43,431,431,4358222,4358222,24790,487158,0,511948,675694,83544,0,0,0,163,204,310,821,387,560,4,466,381,8
1140,102376.2,90.1,5920,8641347,40220,903263677092,429,42,429,429,4340788,4340788,24695,473815,0,498510,291026,291028,0,0,0,163,204,310,821,387,560,4,466,381,8
1141,102466.2,90.0,5873,8250296,40220,800184349913,382,38,381,381,4145263,4145262,21845,438238,0,460083,375554,375557,1,0,603988,163,204,310,821,387,560,4,466,381,8
1142,102556.4,90.2,5927,8787144,40220,918295928074,436,43,436,436,4413687,4413686,25115,484787,0,509902,773938,111521,0,0,0,163,204,310,821,387,560,4,467,381,8
1143,102646.4,90.0,5916,8560107,40220,894677633154,425,42,425,425,4300168,4300168,24455,502403,0,526858,617612,20767,0,0,0,163,204,310,821,387,560,4,467,381,8
1144,102736.6,90.2,5882,7912800,40220,808791865310,386,39,385,385,3976515,3976514,22099,441448,0,463547,242156,242158,1,0,176490,163,204,310,821,387,560,4,467,381,8
1145,102826.7,90.1,5920,8545962,40220,892543738755,424,42,424,424,4293096,4293095,24420,475509,0,499929,371042,371045,0,0,0,163,204,310,821,387,560,4,467,381,8
1146,102916.8,90.1,5887,8012805,40220,819529182635,391,39,390,390,4026517,4026517,22395,440387,0,462782,754684,79143,1,0,172530,163,204,310,821,387,560,4,468,381,8
1147,103006.9,90.2,5924,8631293,40220,901137676117,428,43,428,428,4335761,4335761,24660,492913,0,517573,298358,298358,0,0,0,163,204,310,821,387,560,4,468,381,8
1148,103097.2,90.2,5916,8464680,40220,883957806941,420,42,420,420,4252455,4252454,24180,486459,0,510639,772655,36342,0,0,0,163,205,310,821,387,560,4,468,381,8
1149,103187.5,90.3,5874,8601064,40220,791697520713,378,38,377,377,4320647,4320646,21629,436379,0,458008,247174,247176,1,0,1027754,163,205,310,821,387,560,4,468,381,8
1150,103277.6,90.1,5876,8271311,40220,795992476752,380,38,379,379,4155770,4155770,21745,443606,0,465351,700725,11802,1,0,657328,163,205,310,821,387,560,4,469,381,8
1151,103367.8,90.2,5922,8591629,40220,896928069101,426,43,426,426,4315929,4315929,24540,480023,0,504563,258182,258183,0,0,0,163,205,310,821,387,560,4,469,381,8
1152,103458.0,90.2,5926,8675004,40220,905518116253,430,43,430,430,4357617,4357616,24780,510585,0,535365,779427,14121,0,0,0,163,206,310,821,387,560,4,469,381,8
1153,103548.0,90.0,5933,8821032,40220,920631882065,437,44,437,437,4430631,4430630,25200,502175,0,527375,270748,270748,0,0,0,163,206,310,821,387,560,4,469,381,8
1154,103638.1,90.1,5924,8633310,40220,901304461437,428,43,428,428,4336770,4336769,24660,494491,0,519151,746232,43667,0,0,0,163,206,310,821,387,560,4,470,381,8
1155,103728.2,90.1,5931,8781345,40220,916340903862,435,44,435,435,4410787,4410787,25080,516734,0,541814,292740,292741,0,0,0,163,206,310,821,387,560,4,470,381,8
1156,103818.3,90.2,5936,8885737,40220,927078299497,440,44,440,440,4462983,4462983,25380,518843,0,544223,825713,11251,0,0,0,164,206,310,821,387,560,4,470,381,8
1157,103908.3,90.0,5925,9275660,-600112,901309218966,429,43,428,428,4337779,4337778,24660,502959,640,528259,269754,269756,1,0,640332,164,206,310,821,387,560,4,470,381,8
1158,103998.5,90.1,5925,8656178,40220,903456612207,429,43,429,429,4348204,4348203,24720,508401,0,533121,759676,43201,0,0,0,164,206,310,821,387,560,4,471,381,8
1159,104088.7,90.2,5925,8658201,40220,903460714304,429,43,429,429,4349215,4349215,24720,510686,0,535406,289302,289305,0,0,0,164,206,310,821,387,560,4,471,381,8
1160,104178.7,90.1,5886,8621597,40220,817561379724,390,39,389,389,4330913,4330913,22338,448975,0,471313,380308,380310,1,0,794206,164,206,310,821,387,560,4,471,381,8
1161,104268.8,90.1,5918,8512283,40220,888428419179,422,42,422,422,4276256,4276256,24300,492472,0,516772,880246,16836,0,0,0,164,206,311,821,387,560,4,471,381,8
1162,104359.0,90.2,5883,8734338,40220,811118940083,387,39,386,386,4387284,4387283,22159,462276,0,484435,250634,250637,1,0,969696,164,206,311,821,387,560,4,471,381,8
1163,104449.0,90.0,5930,8762522,40220,914198256844,434,43,434,434,4401376,4401375,25020,495596,0,520616,686414,84839,0,0,0,164,206,311,821,387,560,4,471,381,8
1164,104539.1,90.1,5885,8384913,40220,804690083688,384,38,383,383,4212571,4212571,22002,419157,0,441159,262998,263000,1,0,675960,164,206,311,821,387,560,4,471,381,8
1165,104629.2,90.1,5931,8685816,40220,905621882900,430,43,430,430,4363023,4363022,24804,494200,0,519004,768417,13587,0,0,0,164,206,311,821,388,560,4,471,381,8
1166,104719.2,90.0,5932,8706693,40220,907769276144,431,43,431,431,4373461,4373461,24864,497349,0,522213,267900,267900,0,0,0,164,206,311,821,388,560,4,471,381,8
1167,104809.2,90.0,5935,8769342,40220,914211828790,434,43,434,434,4404786,4404785,25044,488116,0,513160,693702,87358,0,0,0,164,206,311,821,388,560,4,471,381,8
1168,104899.3,90.1,5936,8692572,40220,905635341837,430,43,430,430,4366401,4366400,24824,498725,0,523549,305452,305455,0,0,0,164,206,311,821,388,560,4,471,381,8
1169,104989.3,90.0,5937,8713465,40220,907782825485,431,43,431,431,4376847,4376847,24884,493222,0,518106,798526,25035,0,0,0,164,206,311,821,389,560,4,471,381,8
1170,105079.3,90.0,5940,8776162,40220,914225253823,434,43,434,434,4408196,4408195,25064,499869,0,524933,274984,274984,0,0,0,164,206,311,821,389,560,4,471,381,8
1171,105169.3,90.0,5935,8671683,40220,903487937293,429,43,429,429,4355956,4355956,24764,492545,0,517309,701720,90573,0,0,0,164,206,311,821,389,560,4,471,381,8
1172,105259.5,90.1,5942,8720238,40220,907796386129,431,43,431,431,4380234,4380233,24904,505843,0,530747,310660,310660,0,0,0,164,206,311,821,389,560,4,471,381,8
1173,105349.6,90.1,5943,8741149,40220,909943971480,432,43,432,432,4390689,4390689,24964,492010,0,516974,810121,17513,0,0,0,164,206,311,821,390,560,4,471,381,8
1174,105439.6,90.0,5936,8594835,40220,894911518148,425,42,425,425,4317532,4317532,24544,493898,0,518442,267976,267979,0,0,0,164,206,311,821,390,560,4,471,381,8
1175,105529.6,90.0,5944,8762064,40220,912091376024,433,43,433,433,4401147,4401146,25024,490980,0,516004,699986,83997,0,0,0,164,206,311,821,390,560,4,471,381,8
1176,105619.7,90.1,5939,8559708,40220,890630179298,423,42,423,423,4299969,4299968,24444,494331,0,518775,301386,301386,0,0,0,164,206,311,821,390,560,4,471,381,8
1177,105709.8,90.1,5936,8497020,40220,884187750959,420,42,420,420,4268625,4268624,24264,480072,0,504336,402860,402862,0,0,0,164,206,311,821,390,560,4,471,381,8
1178,105799.9,90.1,5953,8852622,40220,920695063361,437,44,437,437,4446426,4446425,25284,523433,0,548717,841118,110461,0,0,0,164,206,311,821,390,560,4,472,381,8
1179,105890.0,90.1,5949,8770910,40220,912109016160,433,43,433,433,4405570,4405569,25044,492456,0,517500,624414,3547,0,0,0,164,206,311,821,390,560,4,472,381,8
1180,105980.1,90.1,5913,8482698,40220,821928308833,392,39,391,391,4261464,4261463,22545,436480,0,459025,231286,231286,1,0,581900,164,206,311,821,390,560,4,472,381,8
1181,106070.3,90.2,5951,8714871,40220,905680261470,430,43,430,430,4377550,4377550,24884,497956,0,522840,377062,377064,0,0,0,164,206,311,821,390,560,4,472,381,8
1182,106160.3,90.0,5953,8756763,40220,909975228765,432,43,432,432,4398496,4398496,25004,490402,0,515406,818793,73677,0,0,0,164,206,311,821,390,560,4,473,381,8
1183,106250.4,90.1,5947,8633133,40220,897094440275,426,42,426,426,4336681,4336681,24644,501544,0,526188,299932,299933,0,0,0,164,206,311,821,390,560,4,473,381,8
1184,106340.5,90.1,5908,8846298,40220,811194992689,387,38,386,386,4443264,4443263,22248,449814,0,472062,385996,385999,1,0,1046972,164,206,311,821,390,560,4,473,381,8
1185,106430.6,90.2,5953,8758800,40220,909979251752,432,43,432,432,4399515,4399514,25004,480978,0,505982,891389,592,0,0,0,164,206,312,821,390,560,4,473,381,8
1186,106520.8,90.1,5944,8570343,40220,890651887629,423,42,423,423,4305286,4305286,24464,489124,0,513588,257090,257090,0,0,0,164,206,312,821,390,560,4,473,381,8
1187,106610.9,90.2,5953,8758800,40220,909979251752,432,43,432,432,4399515,4399514,25004,484979,0,509983,696431,70642,0,0,0,164,206,312,821,390,560,4,473,381,8
1188,106701.2,90.2,5954,8681735,40220,901402979514,428,43,428,428,4360982,4360982,24784,484062,0,508846,289744,289744,0,0,0,164,206,312,821,390,560,4,473,381,8
1189,106791.2,90.0,5958,8765589,40220,909992914102,432,43,432,432,4402909,4402909,25024,503035,0,528059,814997,2806,0,0,0,164,206,312,821,391,560,4,473,381,8
1190,106881.2,90.0,5958,8765589,40220,909992914103,432,43,432,432,4402909,4402909,25024,499974,0,524998,263902,263902,0,0,0,164,206,312,821,391,560,4,473,381,8
1191,106971.3,90.1,5956,8723656,40220,905697946809,430,43,430,430,4381943,4381942,24904,498252,0,523156,708901,78157,0,0,0,164,206,312,821,391,560,4,473,381,8
1192,107061.5,90.2,5968,8877342,40220,920743791276,437,43,437,437,4458786,4458785,25344,491295,0,516639,297398,297398,0,0,0,164,206,312,821,391,560,4,473,381,8
1193,107151.7,90.2,5960,8709435,40220,903564023805,429,42,429,429,4374832,4374832,24864,486855,0,511719,404558,404559,0,0,0,164,206,312,821,391,560,4,473,381,8
1194,107241.7,90.0,5955,8604595,40220,892826503865,424,42,424,424,4322412,4322412,24564,489483,0,514047,839231,79375,0,0,0,164,206,312,821,391,560,4,474,381,8
1195,107331.8,90.1,5965,8816400,40220,914305442430,434,43,434,434,4428315,4428314,25164,493442,0,518606,298990,298991,0,0,0,164,206,312,821,391,560,4,474,381,8
1196,107421.9,90.1,5917,7896002,40220,809078732427,386,38,385,385,3968116,3968115,22226,438493,0,460719,379854,379856,1,0,104238,164,206,312,821,391,560,4,474,381,8
1197,107512.0,90.0,5960,8711458,40220,903568125900,429,42,429,429,4375844,4375843,24864,478223,0,503087,867887,15056,0,0,0,164,206,312,822,391,560,4,474,381,8
1198,107602.0,90.0,5927,8137794,40220,830578884003,396,39,395,395,4089012,4089011,22826,443974,0,466800,240928,240928,1,0,137184,164,206,312,822,391,560,4,474,381,8
1199,107692.1,90.1,5959,8690479,40220,901445753841,428,42,428,428,4365354,4365354,24804,492554,0,517358,697012,61274,0,0,0,164,206,312,822,391,560,4,474,381,8
1200,107782.3,90.2,5966,8739198,40220,905754467807,430,43,430,430,4389714,4389713,24944,498915,0,523859,292566,292567,0,0,0,164,206,312,822,391,560,4,474,381,8
1201,107872.5,90.2,5957,8550330,40220,886427081042,421,42,421,421,4295280,4295279,24404,474874,0,499278,395922,395923,0,0,0,164,206,312,822,391,560,4,474,381,8
1202,107962.5,90.0,5961,8634240,40220,895017060886,425,43,425,425,4337235,4337234,24644,499949,0,524593,847702,72814,0,0,0,164,206,312,822,391,560,4,475,381,8
1203,108052.7,90.2,5965,8720221,40220,903611000680,429,43,429,429,4380225,4380225,24884,491878,0,516762,294788,294788,0,0,0,164,206,312,822,391,560,4,475,381,8
1204,108142.8,90.1,5964,8699222,40220,901463528347,428,43,428,428,4369726,4369725,24824,503883,0,528707,809460,14035,0,0,0,164,207,312,822,391,560,4,475,381,8
1205,108233.0,90.3,5971,8846284,40220,916577926505,435,44,435,435,4443257,4443256,25244,494047,0,519291,266662,266664,0,0,0,164,207,312,822,391,560,4,475,381,8
1206,108323.0,90.0,5965,8720221,40220,903692990548,429,43,429,429,4380225,4380225,24884,486598,0,511482,709790,68356,0,0,0,164,207,312,822,391,560,4,475,382,8
1207,108413.1,90.0,5922,8579915,40220,809220032000,386,39,385,385,4310072,4310072,22247,442061,0,464308,266332,266332,1,0,772480,164,207,312,822,391,560,4,475,382,8
1208,108503.1,90.0,5970,8833687,40220,914446583046,434,43,434,434,4436958,4436958,25184,511185,0,536369,401350,401351,0,0,0,164,207,312,822,391,560,4,475,382,8
1209,108593.1,90.0,5917,8291771,40220,798482466108,381,38,380,380,4166000,4166000,21945,434509,0,456454,845030,12775,1,0,589400,164,207,312,822,392,560,4,475,382,8
1210,108683.1,90.0,5970,8833687,40220,914446571688,434,43,434,434,4436958,4436958,25184,495789,0,520973,266874,266874,0,0,0,164,207,312,822,392,560,4,475,382,8
1211,108773.1,90.0,5966,9707622,-938860,903709255678,430,43,429,429,4384386,4384385,24884,505367,979,531230,719439,78665,1,0,979080,164,207,312,822,392,560,4,475,382,8
1212,108863.2,90.1,5969,8714256,40220,901575492894,428,42,428,428,4377243,4377242,24844,488980,0,513824,296244,296245,0,0,0,164,207,312,822,392,560,4,475,382,8
1213,108953.4,90.2,5975,8840515,40220,914460372057,434,43,434,434,4440372,4440372,25204,495683,0,520887,408566,408566,0,0,0,164,207,312,822,392,560,4,475,382,8
1214,109043.5,90.1,5925,8679496,40220,804938615193,384,38,383,383,4359863,4359862,22145,429097,0,451242,825010,34798,1,0,908232,164,207,312,822,392,560,4,476,382,8
1215,109133.6,90.1,5971,8758360,40220,905874571904,430,43,430,430,4399295,4399294,24964,491810,0,516774,275786,275786,0,0,0,164,207,312,822,392,560,4,476,382,8
1216,109223.8,90.2,5923,7854969,40220,800647850485,382,38,381,381,3947599,3947599,22028,430027,0,452055,363920,363921,1,0,122958,164,207,312,822,392,560,4,476,382,8
1217,109313.9,90.1,5978,8905750,40220,920906855207,437,43,437,437,4472990,4472989,25384,498859,0,524243,875360,12804,0,0,0,164,207,312,823,392,560,4,476,382,8
1218,109403.9,90.0,5948,8706546,-412132,854360338545,407,40,406,406,4147212,4147211,23524,457428,452,481404,247104,247104,1,0,452352,164,207,312,823,392,560,4,476,382,8
1219,109493.9,90.0,5973,8800455,40220,910194879251,432,43,432,432,4420342,4420342,25084,506657,0,531741,712347,66498,0,0,0,164,207,312,823,392,560,4,476,382,8
1220,109584.0,90.1,5973,8701956,40220,899471061908,427,43,427,427,4371093,4371092,24804,479868,0,504672,285584,285586,0,0,0,164,207,312,823,392,560,4,476,382,8
1221,109674.0,90.0,5920,8469346,40220,783507013202,374,37,373,373,4254788,4254787,21564,419298,0,440862,363224,363224,1,0,899536,164,207,312,823,392,560,4,476,382,8
1222,109764.1,90.1,5976,8765124,40220,905913467361,430,43,430,430,4402677,4402676,24984,486231,0,511215,840138,34301,0,0,0,164,207,312,823,392,560,4,477,382,8
1223,109854.2,90.1,5935,8834256,40220,815723384565,389,39,388,388,4437243,4437242,22466,461452,0,483918,259108,259111,1,0,948576,164,207,312,823,392,560,4,477,382,8
1224,109944.3,90.0,5983,8914685,40220,920950060523,437,44,437,437,4477457,4477457,25404,513993,0,539397,399254,399254,0,0,0,164,207,312,823,392,560,4,477,382,8
1225,110034.3,90.0,5966,8774426,-198580,882295263901,420,42,419,419,4287928,4287927,24324,486474,238,511036,891341,18949,1,0,238800,164,207,312,824,392,560,4,477,382,8
1226,110124.3,90.0,5989,9041264,40220,933860278160,443,44,443,443,4540747,4540746,25764,515793,0,541557,280252,280254,0,0,0,164,207,312,824,392,560,4,477,382,8
1227,110214.3,90.0,5980,8851438,40220,914532902566,434,43,434,434,4445834,4445833,25224,511879,0,537103,734158,83199,0,0,0,164,207,312,824,392,560,4,477,382,8
1228,110304.4,90.1,5983,8816085,40220,910251780201,432,43,432,432,4428157,4428157,25124,506329,0,531453,307326,307326,0,0,0,164,207,312,824,392,560,4,477,382,8
1229,110394.5,90.1,5981,8773917,40220,905956778751,430,43,430,430,4407073,4407073,25004,499110,0,524114,415720,415720,0,0,0,164,207,312,824,392,560,4,477,382,8
1230,110484.7,90.2,5984,8837174,40220,912399332163,433,43,433,433,4438702,4438701,25184,503500,0,528684,883085,61319,0,0,0,164,207,312,824,392,560,4,478,382,8
1231,110574.8,90.1,5980,8754863,40220,903813496405,429,42,429,429,4397546,4397546,24944,482505,0,507449,284384,284384,0,0,0,164,207,312,824,392,560,4,478,382,8
1232,110664.9,90.1,5937,8333828,40220,809324124852,386,38,385,385,4187029,4187028,22306,453351,0,475657,380020,380021,1,0,502832,164,207,312,824,392,560,4,478,382,8
1233,110755.2,90.2,5986,8881414,40220,916698432444,435,43,435,435,4460822,4460821,25304,501418,0,526722,894540,12203,0,0,0,164,207,312,825,392,560,4,478,382,8
1234,110845.3,90.1,5982,8797034,40220,908131789437,431,43,431,431,4418632,4418631,25064,501393,0,526457,269330,269330,0,0,0,164,207,312,825,392,560,4,478,382,8
1235,110935.5,90.2,5984,8839217,40220,912426836527,433,43,433,433,4439723,4439723,25184,510604,0,535788,730615,74503,0,0,0,164,207,312,825,392,560,4,478,382,8
1236,111025.6,90.1,5980,8656159,40220,893111669538,424,42,424,424,4348194,4348194,24664,470020,0,494684,284592,284595,0,0,0,164,207,312,825,392,560,4,478,382,8
1237,111115.7,90.1,5946,8283779,40220,817949719095,390,39,389,389,4162004,4162004,22567,442938,0,465505,375050,375050,1,0,362688,164,207,312,825,392,560,4,478,382,8
1238,111205.8,90.1,5987,8803813,40220,908144043670,431,43,431,431,4422021,4422021,25084,489883,0,514967,864011,26006,0,0,0,164,207,312,825,392,560,4,479,382,8
1239,111295.8,90.0,5953,9176954,-1067782,832985809392,397,40,396,396,4054591,4054590,22984,451550,1108,475642,250824,250824,1,0,1108002,164,207,312,825,392,560,4,479,382,8
1240,111385.8,90.0,5987,8805846,40220,908147634445,431,43,431,431,4423038,4423037,25084,503372,0,528456,389640,389640,0,0,0,164,207,312,825,392,560,4,479,382,8
1241,111475.9,90.0,5991,8890308,40220,916737523435,435,44,435,435,4465269,4465268,25324,516356,0,541680,925181,6139,0,0,0,164,207,313,825,392,560,4,479,382,8
1242,111565.9,90.0,5996,8995956,40220,927474953069,440,44,440,440,4518093,4518092,25624,516112,0,541736,273936,273939,0,0,0,164,207,313,825,392,560,4,479,382,8
1243,111656.0,90.1,5936,8386545,40220,796478541797,380,38,379,379,4213387,4213387,21967,446834,0,468801,702023,40717,1,0,673080,164,207,313,825,392,560,4,479,382,8
1244,111746.1,90.1,5954,8929570,40220,824408003647,393,39,392,392,4484900,4484899,22764,442576,0,465340,253028,253029,1,0,938362,164,207,313,825,392,560,4,479,382,8
1245,111836.1,90.0,5996,8897151,40220,916749880262,435,43,435,435,4468690,4468690,25344,507997,0,533341,393184,393186,0,0,0,164,207,313,825,392,560,4,479,382,8
1246,111926.2,90.1,5992,8812626,40220,908159854480,431,43,431,431,4426428,4426427,25104,496978,0,522082,884916,30352,0,0,0,164,207,313,825,392,560,4,480,382,8
1247,112016.3,90.1,5951,8899870,40220,831429412475,390,39,389,389,4470050,4470049,22588,460202,0,482790,256570,256572,1,0,968658,164,207,313,825,392,560,4,480,382,8
1248,112106.3,90.0,5968,9087650,-760028,854476354079,407,40,406,406,4163816,4163815,23604,444874,800,469278,362924,362926,1,0,800248,164,207,313,825,392,560,4,480,382,8
1249,112196.5,90.2,5989,8751285,40220,901720982914,428,42,428,428,4395757,4395757,24924,487316,0,512240,863987,11179,0,0,0,164,207,313,825,393,560,4,480,382,8
1250,112286.5,90.0,5996,8899203,40220,916753379843,435,43,435,435,4469716,4469716,25344,509322,0,534666,272922,272923,0,0,0,164,207,313,825,393,560,4,480,382,8
1251,112376.6,90.1,5943,8499957,40220,800789376897,382,38,381,381,4270093,4270093,22107,449144,0,471251,705357,38817,1,0,736970,164,207,313,825,393,560,4,480,382,8
1252,112466.8,90.1,5998,8842586,40220,910323126139,432,43,432,432,4441408,4441407,25184,516941,0,542125,290470,290472,0,0,0,164,207,313,825,393,560,4,480,382,8
1253,112556.9,90.1,6004,8969533,40220,923208062218,438,44,438,438,4504881,4504881,25548,512227,0,537775,414122,414125,0,0,0,164,207,313,825,393,560,4,480,382,8
1254,112647.1,90.2,5951,7945818,40220,807243968079,385,39,384,384,3993024,3993023,22307,447032,0,469339,877453,6011,1,0,113920,164,207,313,825,393,560,4,481,382,8
1255,112737.1,90.0,5996,8802324,40220,906031909207,430,43,430,430,4421277,4421276,25064,503995,0,529059,267534,267536,0,0,0,164,207,313,825,393,560,4,481,382,8
1256,112827.2,90.1,5949,8786709,40220,802952694152,383,38,382,382,4413469,4413469,22188,436817,0,459005,363270,363271,1,0,994664,164,207,313,825,393,560,4,481,382,8
1257,112917.2,90.0,5945,8320151,40220,794362770962,379,38,378,378,4180190,4180190,21946,432331,0,454277,408774,408774,1,0,612680,164,207,313,825,393,560,4,481,382,8
1258,113007.4,90.2,5991,8696629,40220,895294411177,425,43,425,425,4368429,4368429,24764,494679,0,519443,908436,19781,0,0,0,164,207,313,825,393,560,4,482,382,8
1259,113097.6,90.2,5952,8118292,40220,809398713070,386,39,385,385,4079261,4079260,22367,458211,0,480578,250178,250181,1,0,261740,164,207,313,825,393,560,4,482,382,8
1260,113187.8,90.3,5999,8867822,40220,912478030719,433,43,433,433,4454026,4454025,25244,503976,0,529220,389700,389701,0,0,0,164,207,313,825,393,560,4,482,382,8
1261,113278.0,90.2,5999,8867822,40220,912477871131,433,43,433,433,4454026,4454025,25244,504712,0,529956,906026,13631,0,0,0,164,207,313,826,393,560,4,482,382,8
1262,113368.1,90.1,5993,8740913,40220,899615952942,427,43,427,427,4390571,4390571,24884,499324,0,524208,268918,268921,0,0,0,164,207,313,826,393,560,4,482,382,8
1263,113458.1,90.1,5995,8783204,40220,903910885997,429,43,429,429,4411717,4411716,25004,497012,0,522016,731376,59561,0,0,0,164,207,313,826,393,560,4,482,382,8
1264,113548.2,90.0,5952,8063462,40220,798696444788,381,38,380,380,4051846,4051845,22085,451798,0,473883,266722,266722,1,0,306592,164,207,313,826,393,560,4,482,382,8
1265,113638.2,90.1,6000,8789951,40220,903923154904,429,42,429,429,4415090,4415090,25024,494336,0,519360,393040,393042,0,0,0,164,207,313,826,393,560,4,482,382,8
1266,113728.3,90.1,5955,7820497,40220,805138804426,383,38,383,383,3930363,3930363,22266,430659,0,452925,751032,94935,0,1,0,164,207,313,826,393,560,4,482,383,8
1267,113818.4,90.1,5999,8777151,40220,901790336882,428,42,428,428,4408690,4408690,24964,500012,0,524976,309954,309957,0,0,0,164,207,313,826,393,560,4,482,383,8
1268,113908.4,90.0,5997,8734794,40220,897495266872,426,42,426,426,4387512,4387511,24844,500914,0,525758,831211,4504,0,0,0,164,208,313,826,393,560,4,482,383,8
1269,113998.4,90.0,6001,8819520,40220,906159787321,430,43,430,430,4429875,4429874,25085,495117,0,520202,262352,262354,0,0,0,164,208,313,826,393,560,4,482,383,8
1270,114088.4,90.0,6000,8798334,40220,904012326589,429,42,429,429,4419282,4419281,25024,488812,0,513836,723641,52549,0,0,0,164,208,313,826,393,560,4,482,384,8
1271,114178.7,90.2,5997,8743118,40220,897584621254,426,42,426,426,4391674,4391673,24844,485772,0,510616,281582,281583,0,0,0,164,208,313,826,393,560,4,482,384,8
1272,114268.8,90.1,6003,8870345,40220,910469637710,432,43,432,432,4455287,4455287,25207,495996,0,521203,401392,401394,0,0,0,164,208,313,826,393,560,4,482,384,8
1273,114358.8,90.0,5955,9014524,-1139662,805242847347,384,38,383,383,3937436,3937435,22264,442441,1179,465884,433638,433640,1,0,1179882,164,208,313,826,393,560,4,482,384,8
1274,114448.8,90.0,5997,8743118,40220,897584735827,426,42,426,426,4391674,4391673,24844,472677,0,497521,918681,12480,0,0,0,164,208,313,826,393,560,4,483,384,8
1275,114539.1,90.2,6003,8872389,40220,910473315516,432,43,432,432,4456309,4456309,25207,498874,0,524081,268280,268281,0,0,0,164,208,313,826,393,560,4,483,384,8
1276,114629.1,90.0,5952,7865537,40220,798804154414,381,38,380,380,3952883,3952883,22086,438469,0,460555,364418,364418,1,0,91520,164,208,313,826,393,560,4,483,384,8
1277,114719.2,90.1,5994,8681548,40220,891145916863,423,42,423,423,4360889,4360888,24664,481374,0,506038,435228,435228,0,0,0,164,208,313,826,393,560,4,483,384,8
1278,114809.3,90.1,6006,8936059,40220,916915755000,435,43,435,435,4488144,4488144,25390,498190,0,523580,941450,17358,0,0,0,164,208,313,826,393,560,4,484,384,8
1279,114899.4,90.1,6006,8938115,40220,916919455722,435,43,435,435,4489172,4489172,25390,504798,0,530188,273772,273774,0,0,0,164,208,313,826,393,560,4,484,384,8
1280,114989.6,90.2,6006,8938115,40220,916919364063,435,43,435,435,4489172,4489172,25390,500691,0,526081,399926,399929,0,0,0,164,208,313,826,393,560,4,484,384,8
1281,115079.8,90.2,5995,8704744,40220,893297147062,424,42,424,424,4372487,4372486,24724,492581,0,517305,909899,7335,0,0,0,164,208,313,827,393,560,4,484,384,8
1282,115169.8,90.1,5954,8782537,40220,803125816861,383,38,382,382,4411383,4411383,22207,432319,0,454526,230930,230931,1,0,964232,164,208,313,827,393,560,4,484,384,8
1283,115260.0,90.1,5964,8635373,40220,824600745099,393,39,392,392,4337801,4337801,22805,458628,0,481433,694749,17615,1,0,606944,164,208,313,827,393,560,4,484,384,8
1284,115350.0,90.0,6008,8881239,40220,910512227352,432,43,432,432,4460734,4460734,25232,508873,0,534105,275860,275860,0,0,0,164,208,313,827,393,560,4,484,384,8
1285,115440.2,90.2,6007,8860001,40220,908364755177,431,43,431,431,4450115,4450115,25171,504631,0,529802,402830,402832,0,0,0,164,208,313,827,393,560,4,484,384,8
1286,115530.2,90.1,6005,8817535,40220,904069787882,429,43,429,429,4428882,4428882,25049,491485,0,516534,802897,116469,0,0,0,164,208,313,827,393,560,4,484,385,8
1287,115620.3,90.1,6004,8804678,40220,901937182188,428,43,428,428,4422454,4422453,24988,502238,0,527226,321846,321849,0,0,0,164,208,313,827,393,560,4,484,385,8
1288,115710.4,90.2,5958,8724542,40220,801005324598,382,38,381,381,4382386,4382385,22164,430242,0,452406,387126,387129,1,0,914914,164,208,313,827,393,560,4,484,385,8
1289,115800.5,90.0,6002,8762191,40220,897642100184,426,43,426,426,4401210,4401210,24866,505249,0,530115,915047,2197,0,0,0,164,208,313,828,393,560,4,484,385,8
1290,115890.5,90.0,6009,8910952,40220,912697581175,433,43,433,433,4475591,4475590,25293,485877,0,511170,256682,256685,0,0,0,164,208,313,828,393,560,4,484,385,8
1291,115980.6,90.0,6008,8889691,40220,910550235345,432,43,432,432,4464960,4464960,25232,500275,0,525507,732342,49850,0,0,0,164,208,313,828,393,560,4,484,385,8
1292,116070.6,90.1,5962,8213960,40220,798893282512,381,38,380,380,4127095,4127094,22125,440091,0,462216,256032,256034,1,0,419040,164,208,313,828,393,560,4,484,385,8
1293,116160.7,90.1,6006,8747656,40220,895530046627,425,42,425,425,4393943,4393942,24830,483953,0,508783,382408,382409,0,0,0,164,208,313,828,393,560,4,484,385,8
1294,116250.9,90.1,6017,8981632,40220,919152493076,436,43,436,436,4510931,4510930,25501,482376,0,507877,796196,94090,0,0,0,164,208,313,828,393,560,4,484,386,8
1295,116341.0,90.1,5965,8098512,40220,805350537305,384,38,383,383,4069371,4069370,22305,427129,0,449434,271762,271762,1,0,232760,164,208,313,828,393,560,4,484,386,8
1296,116431.1,90.2,6008,8798528,40220,899839944105,427,42,427,427,4419379,4419378,24952,491833,0,516785,394272,394275,0,0,0,164,208,313,828,393,560,4,484,386,8
1297,116521.3,90.1,5974,8492449,40220,824677936066,393,39,392,392,4266339,4266339,22845,455807,0,478652,436462,436465,1,0,436526,164,208,313,828,393,560,4,484,386,8
1298,116611.4,90.1,6010,8841093,40220,904134934368,429,42,429,429,4440661,4440661,25074,491260,0,516334,947564,5235,0,0,0,164,208,313,828,393,560,4,485,386,8
1299,116701.5,90.1,5955,8439420,40220,783879525259,374,37,373,373,4239825,4239824,21704,438246,0,459950,232592,232593,1,0,783552,164,208,313,828,393,560,4,485,386,8
1300,116791.7,90.1,6010,8843126,40220,904138529097,429,42,429,429,4441678,4441677,25074,497905,0,522979,377786,377786,0,0,0,164,208,313,828,393,560,4,485,386,8
1301,116881.7,90.1,5962,8452706,40220,798911910787,381,38,380,380,4246468,4246467,22126,439824,0,461950,419868,419868,1,0,648480,164,208,313,828,393,560,4,485,386,8
1302,116971.7,90.0,5962,8040579,40220,798911910788,381,38,380,380,4040404,4040404,22124,449934,0,472058,805032,86894,1,0,236760,164,208,313,828,393,560,4,485,387,8
1303,117061.8,90.1,6016,8979448,40220,917038315223,435,43,435,435,4509839,4509838,25440,504928,0,530368,308630,308632,0,0,0,164,208,313,828,393,560,4,485,387,8
1304,117151.8,90.0,6009,8830216,40220,902005918209,428,42,428,428,4435223,4435222,25013,483229,0,508242,408436,408438,0,0,0,164,208,313,828,393,560,4,485,387,8
1305,117241.9,90.1,5970,8255975,40220,816106457481,389,38,388,388,4148102,4148102,22606,446895,0,469501,875901,2038,1,0,274752,164,208,313,828,394,560,4,485,387,8
1306,117332.0,90.1,5966,8794900,40220,807516626255,385,38,384,384,4417565,4417564,22365,444643,0,467008,234522,234524,1,0,898744,164,208,313,828,394,560,4,485,387,8
1307,117422.2,90.2,6011,8872838,40220,906300759170,430,43,430,430,4456534,4456533,25135,497830,0,522965,722690,34799,0,0,0,164,208,313,828,394,560,4,485,387,8
1308,117512.3,90.2,6007,8687793,40220,886985867308,421,42,421,421,4364011,4364011,24611,492000,0,516611,275704,275706,0,0,0,164,208,313,828,394,560,4,485,387,8
1309,117602.6,90.2,6018,8922301,40220,910608084063,432,43,432,432,4481265,4481265,25282,494751,0,520033,397868,397871,0,0,0,164,208,313,828,394,560,4,485,387,8
1310,117692.6,90.1,6011,8773024,40220,895575824865,425,43,425,425,4406627,4406626,24855,499403,0,524258,828331,93798,0,0,0,164,208,313,828,394,560,4,485,388,8
1311,117782.7,90.1,6021,8994852,40220,917065488157,435,44,435,435,4517541,4517540,25465,521538,0,547003,320400,320401,0,0,0,164,208,313,828,394,560,4,485,388,8
1312,117872.8,90.1,6015,8866713,40220,904180563306,429,43,429,429,4453471,4453471,25099,505795,0,530894,425646,425649,0,0,0,164,208,313,828,394,560,4,485,388,8
1313,117962.9,90.1,6011,8781351,40220,895590628717,425,43,425,425,4410790,4410790,24855,497685,0,522540,948181,8,0,0,0,164,208,314,828,394,560,4,485,388,8
1314,118053.1,90.1,6016,8888062,40220,906327920620,430,43,430,430,4464146,4464145,25160,511041,0,536201,268104,268105,0,0,0,164,208,314,828,394,560,4,485,388,8
1315,118143.2,90.1,6020,8973488,40220,914917970056,434,43,434,434,4506859,4506858,25404,504828,0,530232,745834,52503,0,0,0,164,208,314,828,394,560,4,485,388,8
1316,118233.3,90.1,6025,8980354,40220,914930350624,434,43,434,434,4510292,4510291,25429,506636,0,532065,292284,292284,0,0,0,164,208,314,828,394,560,4,485,388,8
1317,118323.3,90.1,6025,8980354,40220,914930224291,434,43,434,434,4510292,4510291,25429,506561,0,531990,412136,412138,0,0,0,164,208,314,828,394,560,4,485,388,8
1318,118413.4,90.0,6016,8788074,40220,895602986316,425,42,425,425,4414152,4414151,24880,486844,0,511724,837578,86284,0,0,0,164,208,314,828,394,560,4,485,389,8
1319,118503.4,90.0,6017,8817774,40220,897765285297,426,42,426,426,4429002,4429001,24941,481220,0,506161,296222,296223,0,0,0,164,208,314,828,394,560,4,485,389,8
1320,118593.4,90.0,6017,9350334,-513712,895617824619,426,42,425,425,4418316,4418315,24880,478122,553,503555,399888,399890,1,0,553932,164,208,314,828,394,560,4,485,389,8
1321,118683.5,90.1,6022,8924682,40220,908502646108,431,43,431,431,4482456,4482455,25246,502393,0,527639,925391,2138,0,0,0,164,208,314,829,394,560,4,485,389,8
1322,118773.7,90.2,6008,8625540,40220,878461170400,417,41,417,417,4332885,4332884,24392,467468,0,491860,246998,247000,0,0,0,164,208,314,829,394,560,4,485,389,8
1323,118863.8,90.1,5966,7746175,40220,786119362081,375,37,374,374,3893202,3893202,21805,443581,0,465386,705602,6784,1,0,35232,164,208,314,829,394,560,4,485,389,8
1324,118954.0,90.2,6028,8952914,40220,910685820446,432,43,432,432,4496572,4496571,25332,508716,0,534048,270416,270416,0,0,0,164,208,314,829,394,560,4,485,389,8
1325,119044.1,90.1,6028,8952914,40220,910685808948,432,43,432,432,4496572,4496571,25332,500226,0,525558,397986,397988,0,0,0,164,208,314,829,394,560,4,485,389,8
1326,119134.2,90.1,6016,8696240,40220,884915901698,420,42,420,420,4368235,4368234,24600,487371,0,511971,839196,70763,0,0,0,164,208,314,829,394,560,4,485,390,8
1327,119224.2,90.0,6032,9047140,40220,919290496062,436,44,436,436,4543685,4543684,25576,513399,0,538975,304868,304870,0,0,0,164,208,314,829,394,560,4,485,390,8
1328,119314.5,90.2,6026,8918549,40220,906405697667,430,43,430,430,4479389,4479389,25210,479216,0,504426,404648,404648,0,0,0,164,208,314,829,394,560,4,485,390,8
1329,119404.7,90.2,6028,8961400,40220,910700549975,432,43,432,432,4500815,4500814,25332,494990,0,520322,910200,14770,0,0,0,164,208,314,829,395,560,4,485,390,8
1330,119494.7,90.0,5987,8325128,40220,820506236801,391,39,390,390,4182679,4182678,22787,439785,0,462572,238670,238672,1,0,259854,164,208,314,829,395,560,4,485,390,8
1331,119584.7,90.0,6003,9546655,-1101110,854865963654,407,41,406,406,4222777,4222777,23746,491056,1141,515943,729479,25136,1,0,1141330,164,208,314,829,395,560,4,485,390,8
1332,119675.0,90.3,6033,8968247,40220,910713060301,432,43,432,432,4504238,4504238,25356,487434,0,512790,268962,268964,0,0,0,164,208,314,829,395,560,4,485,390,8
1333,119765.0,90.1,6030,8903927,40220,904270517373,429,42,429,429,4472078,4472078,25173,496954,0,522127,395544,395547,0,0,0,164,208,314,829,395,560,4,485,390,8
1334,119855.2,90.1,6031,8925364,40220,906417989522,430,43,430,430,4482797,4482796,25234,496163,0,521397,851453,65491,0,0,0,164,208,314,829,395,560,4,485,391,8
1335,119945.2,90.0,6033,8976734,40220,910727812828,432,43,432,432,4508482,4508481,25356,493349,0,518705,292098,292098,0,0,0,164,208,314,829,395,560,4,485,391,8
1336,120035.3,90.1,6033,8976734,40220,910727789829,432,43,432,432,4508482,4508481,25356,509836,0,535192,413644,413646,0,0,0,164,208,314,829,395,560,4,485,391,8
1337,120125.3,90.0,6030,8912354,40220,904285350387,429,42,429,429,4476292,4476291,25173,502097,0,527270,937343,3573,0,0,0,164,208,314,830,395,560,4,485,391,8
1338,120215.4,90.1,6028,8869449,40220,900013651376,427,42,427,427,4454839,4454839,25051,479937,0,504988,254280,254281,0,0,0,164,208,314,830,395,560,4,485,391,8
1339,120305.4,90.0,6033,8976734,40220,910751196246,432,43,432,432,4508482,4508481,25356,507547,0,532903,748550,38634,0,0,0,164,208,314,830,395,560,4,485,391,8
1340,120395.5,90.1,5988,8864407,40220,801241848265,382,38,381,381,4452318,4452318,22281,454737,0,477018,257826,257826,1,0,971112,164,208,314,830,395,560,4,485,391,8
1341,120485.6,90.1,6033,8876224,40220,900026199636,427,43,427,427,4458227,4458226,25071,517155,0,542226,400026,400026,0,0,0,164,208,314,830,395,560,4,485,391,8
1342,120575.8,90.2,6032,8854761,40220,897878715989,426,43,426,426,4447495,4447495,25010,484723,0,509733,856821,52938,0,0,0,164,208,314,830,395,560,4,485,392,8
1343,120665.9,90.2,6042,9078112,40220,919368483740,436,44,436,436,4559171,4559170,25620,522378,0,547998,300468,300468,0,0,0,164,208,314,830,395,560,4,485,392,8
1344,120756.1,90.1,6034,8906104,40220,902188476418,428,43,428,428,4473167,4473166,25132,510318,0,535450,417958,417960,0,0,0,164,208,314,830,395,560,4,485,392,8
1345,120846.1,90.0,6004,8277540,4172,835616586970,398,40,397,397,4140861,4140860,23241,472293,36,495570,456764,456766,1,0,36048,164,208,314,830,395,560,4,485,392,8
1346,120936.1,90.1,6032,8863133,40220,897893612734,426,43,426,426,4451681,4451681,25010,488731,0,513741,965715,4792,0,0,0,164,208,314,830,395,560,4,486,392,8
1347,121026.3,90.1,5984,8671649,40220,792670666994,378,38,377,377,4355939,4355939,22040,448132,0,470172,237482,237482,1,0,854848,164,208,314,830,395,560,4,486,392,8
1348,121116.4,90.1,6026,8736302,40220,885012452303,420,42,420,420,4388266,4388265,24644,480169,0,504813,371146,371149,0,0,0,164,208,314,830,395,560,4,486,392,8
1349,121206.6,90.2,5989,7981572,40220,803408050693,383,38,382,382,4010901,4010900,22339,419682,0,442021,406584,406586,1,0,58200,164,208,314,830,395,560,4,486,392,8
1350,121296.6,90.0,6039,9015649,40220,912929728202,433,43,433,433,4527939,4527939,25437,522287,0,547724,888258,66052,0,0,0,164,208,314,830,395,560,4,486,393,8
1351,121386.6,90.0,6038,9002636,40220,910797129788,432,43,432,432,4521433,4521432,25376,501796,0,527172,296612,296612,0,0,0,164,208,314,830,395,560,4,486,393,8
1352,121476.8,90.1,6037,8981111,40220,908649680678,431,43,431,431,4510670,4510670,25315,499492,0,524807,410708,410711,0,0,0,164,208,314,830,395,560,4,486,393,8
1353,121566.8,90.0,6035,8938072,40220,904354575238,429,43,429,429,4489151,4489150,25193,519225,0,544418,949769,5360,0,0,0,164,208,314,831,395,560,4,486,393,8
1354,121656.9,90.2,6024,8701582,40220,880755681845,418,42,418,418,4370906,4370905,24522,497970,0,522492,263926,263926,0,0,0,164,208,314,831,395,560,4,486,393,8
1355,121747.0,90.0,6048,9218056,40220,932295220218,442,44,442,442,4629143,4629142,25986,525672,0,551658,765556,50028,0,0,0,164,208,314,831,395,560,4,486,393,8
1356,121837.2,90.2,6037,8880307,40220,897947872177,426,42,426,426,4460268,4460268,25030,493341,0,518371,284198,284201,0,0,0,164,208,314,831,395,560,4,486,393,8
1357,121927.3,90.1,6049,9138811,40220,923717779674,438,43,438,438,4589520,4589520,25762,498297,0,524059,404130,404130,0,0,0,164,208,314,831,395,560,4,486,393,8
1358,122017.4,90.1,6037,8880307,40220,897947872177,426,42,426,426,4460268,4460268,25030,507506,0,532536,888804,47862,0,0,0,164,208,314,831,395,560,4,486,394,8
1359,122107.4,90.0,6040,8953333,40220,904405306750,429,42,429,429,4496781,4496781,25213,490584,0,515797,281828,281831,0,0,0,164,208,314,831,395,560,4,486,394,8
1360,122197.6,90.2,6047,9104280,40220,919437600072,436,43,436,436,4572255,4572254,25640,499835,0,525475,403652,403654,0,0,0,164,208,314,831,395,560,4,486,394,8
1361,122287.7,90.1,6041,8974887,40220,906552813449,430,43,430,430,4507558,4507558,25274,514043,0,539317,930248,12723,0,0,0,164,208,314,831,396,560,4,486,394,8
1362,122377.9,90.2,5984,7900114,40220,781998750397,373,37,372,372,3970172,3970171,21756,431510,0,453266,232994,232995,1,0,168990,164,208,314,831,396,560,4,486,394,8
1363,122467.9,90.1,5995,9109045,40220,805621058988,384,38,383,383,4574637,4574637,22415,438283,0,460698,346846,346847,1,0,1143054,164,208,314,831,396,560,4,486,394,8
1364,122558.1,90.2,5997,8944792,40220,809915957127,386,38,385,385,4492511,4492510,22533,448399,0,470932,408888,408891,1,0,936466,164,208,314,831,396,560,4,486,394,8
1365,122648.2,90.1,6040,8953333,40220,904405318276,429,42,429,429,4496781,4496781,25213,481999,0,507212,458050,458053,0,0,0,164,208,314,831,396,560,4,486,394,8
1366,122738.4,90.2,6041,8974887,40220,906552813449,430,43,430,430,4507558,4507558,25274,506503,0,531777,984856,4974,0,0,0,164,208,314,831,396,560,4,487,394,8
1367,122828.4,90.0,5998,9123708,-1052144,812067301943,387,38,386,386,4035787,4035786,22593,463627,1092,487312,246142,246144,1,0,1092364,164,208,314,831,396,560,4,487,394,8
1368,122918.5,90.1,6037,8890718,40220,897966555616,426,42,426,426,4465474,4465473,25030,501330,0,526360,386252,386252,0,0,0,164,208,314,831,396,560,4,487,394,8
1369,123008.5,90.0,6046,9084780,40220,917294000645,435,43,435,435,4562505,4562504,25579,490897,0,516476,451364,451364,0,0,0,164,208,314,831,396,560,4,487,394,8
1370,123098.5,90.0,6043,9020064,40220,910851538178,432,43,432,432,4530147,4530146,25396,490010,0,515406,913436,53334,0,0,0,164,208,314,831,396,560,4,487,395,8
1371,123188.6,90.0,6038,8920674,40220,900129034419,427,42,427,427,4480452,4480451,25091,482930,0,508021,280676,280679,0,0,0,164,208,314,831,396,560,4,487,395,8
1372,123278.6,90.1,5996,8019881,40220,807787226072,385,38,384,384,4030055,4030055,22475,446909,0,469384,375030,375033,1,0,23204,164,208,314,831,396,560,4,487,395,8
1373,123368.7,90.0,6045,9071752,40220,915161339266,434,43,434,434,4555991,4555990,25518,511708,0,537226,456128,456131,0,0,0,164,208,314,831,396,560,4,487,395,8
1374,123458.7,90.0,6042,9006985,40220,908718980532,431,43,431,431,4523607,4523607,25335,505676,0,531011,933415,53727,0,0,0,164,208,314,831,396,560,4,487,396,8
1375,123548.8,90.0,5992,8280006,40220,799212217489,381,38,380,380,4160118,4160117,22234,450831,0,473065,263396,263396,1,0,361708,164,208,314,831,396,560,4,487,396,8
1376,123638.8,90.1,6043,9037075,40220,910881424762,432,43,432,432,4538652,4538652,25396,505307,0,530703,397048,397051,0,0,0,164,208,314,831,396,560,4,487,396,8
1377,123728.9,90.1,5995,8898692,40220,805654737585,384,38,383,383,4469461,4469460,22415,451569,0,473984,435516,435519,1,0,915926,164,208,314,831,396,560,4,487,396,8
1378,123819.1,90.2,6045,9080297,40220,915176276797,434,43,434,434,4560263,4560263,25518,508358,0,533876,934556,34839,0,0,0,164,208,314,831,396,560,4,487,397,8
1379,123909.1,90.1,5982,8485687,40220,777752283969,371,37,370,370,4262958,4262958,21635,429916,0,451551,243194,243196,1,0,774252,164,208,314,831,396,560,4,487,397,8
1380,123999.1,90.0,6048,9153760,40220,921633792051,437,43,437,437,4596995,4596994,25701,497703,0,523404,383300,383300,0,0,0,164,208,314,831,396,560,4,487,397,8
1381,124089.1,90.0,5994,8262587,40220,803522087733,383,38,382,382,4151408,4151408,22354,439328,0,461682,422490,422492,1,0,294050,164,208,314,831,396,560,4,487,397,8
1382,124179.3,90.2,6044,9067210,40220,913043857463,433,43,433,433,4553720,4553719,25457,499892,0,525349,934020,13821,0,0,0,164,208,314,831,396,560,4,487,398,8
1383,124269.4,90.1,5997,8273588,40220,809979453155,386,38,385,385,4156909,4156908,22534,456613,0,479147,246484,246484,1,0,232880,164,208,314,831,396,560,4,487,398,8
1384,124359.6,90.2,6045,9097387,40220,915206267117,434,43,434,434,4568808,4568808,25518,512211,0,537729,392106,392107,0,0,0,164,208,314,831,396,560,4,487,398,8
1385,124449.7,90.1,6041,9010793,40220,906616228795,430,43,430,430,4525511,4525511,25274,508159,0,533433,462770,462770,0,0,0,164,208,314,831,396,560,4,487,398,8
1386,124539.8,90.0,5985,8027598,40220,784209764649,374,37,373,373,4033914,4033913,21814,432669,0,454483,458626,458627,1,0,244692,164,208,314,831,396,560,4,487,398,8
1387,124629.8,90.0,6037,8924251,40220,898026248104,426,42,426,426,4482240,4482240,25030,494959,0,519989,904876,73740,0,0,0,164,208,314,831,396,561,4,487,398,8
1388,124719.8,90.0,6034,9381180,-503200,889466001920,423,42,422,422,4438995,4438994,24786,489742,543,515071,294404,294407,1,0,543420,164,208,314,831,396,561,4,487,398,8
1389,124810.0,90.2,6041,9010793,40220,906645894182,430,43,430,430,4525511,4525511,25274,513562,0,538836,416620,416623,0,0,0,164,208,314,831,396,561,4,487,398,8
1390,124900.0,90.0,6002,9278762,40220,820746652191,391,39,390,390,4659496,4659495,22837,454974,0,477811,447216,447218,1,0,1130332,164,208,314,831,396,561,4,487,398,8
1391,124990.2,90.2,6043,9054084,40220,910940988451,432,43,432,432,4547157,4547156,25396,521882,0,547278,919792,74704,0,0,0,164,208,314,831,396,562,4,487,398,8
1392,125080.3,90.1,6043,9054084,40220,910970538390,432,43,432,432,4547157,4547156,25396,521559,0,546955,310828,310831,0,0,0,164,208,314,831,396,562,4,487,398,8
1393,125170.3,90.1,6037,8924251,40220,898085648068,426,42,426,426,4482240,4482240,25030,505347,0,530377,420604,420604,0,0,0,164,208,314,831,396,562,4,487,398,8
1394,125260.5,90.2,6045,9097387,40220,915265482562,434,43,434,434,4568808,4568808,25518,514536,0,540054,950898,9760,0,0,0,164,208,314,831,396,562,4,487,399,8
1395,125350.5,90.0,6046,9127608,40220,917427914051,435,43,435,435,4583919,4583918,25579,504703,0,530282,270020,270022,0,0,0,164,208,314,831,396,562,4,487,399,8
1396,125440.6,90.1,5996,9034370,40220,807906259614,385,38,384,384,4537300,4537299,22474,450124,0,472598,371310,371310,1,0,1007748,164,208,314,831,396,562,4,487,399,8
1397,125530.6,90.0,6043,9062587,40220,910985451549,432,43,432,432,4551408,4551408,25396,507753,0,533149,452228,452231,0,0,0,164,208,314,831,396,562,4,487,399,8
1398,125620.7,90.1,6038,8954283,40220,900248148922,427,42,427,427,4497256,4497256,25091,487272,0,512363,963572,1022,0,0,0,164,208,314,831,396,562,4,487,400,8
1399,125711.0,90.3,6033,8854404,40220,889525747888,422,42,422,422,4447317,4447316,24786,492929,0,517715,259368,259369,0,0,0,164,208,314,831,396,562,4,487,400,8
1400,125801.0,90.0,6046,9136218,40220,917443035298,435,43,435,435,4588224,4588223,25579,518685,0,544264,401816,401817,0,0,0,164,208,314,831,396,562,4,487,400,8
1401,125891.0,90.0,6037,8941058,40220,898115809643,426,42,426,426,4490644,4490643,25030,492857,0,517887,459852,459852,0,0,0,164,208,314,831,396,562,4,487,400,8
1402,125981.1,90.1,6046,9136218,40220,917443162466,435,43,435,435,4588224,4588223,25579,509869,0,535448,989869,5431,0,0,0,164,208,314,831,396,562,4,487,401,8
1403,126071.3,90.2,6045,9123023,40220,915310580418,434,43,434,434,4581626,4581626,25518,496213,0,521731,263580,263582,0,0,0,164,208,314,831,396,562,4,487,401,8
1404,126161.5,90.3,5994,9097588,40220,803641430776,383,38,382,382,4568909,4568908,22355,449839,0,472194,367888,367888,1,0,1098770,164,208,314,831,396,562,4,487,401,8
1405,126251.6,90.1,6043,9079598,40220,911015520639,432,43,432,432,4559914,4559913,25396,508844,0,534240,451064,451064,0,0,0,164,208,314,831,396,562,4,487,401,8
1406,126341.8,90.2,5993,8880685,40220,801493958688,382,38,381,381,4460457,4460457,22293,444512,0,466805,458934,458935,1,0,903944,164,208,314,831,396,562,4,487,401,8
1407,126431.9,90.1,6042,9057890,40220,908868060112,431,43,431,431,4549060,4549059,25335,507867,0,533202,925705,66432,0,0,0,164,208,314,831,396,563,4,487,401,8
1408,126522.0,90.1,6045,9123023,40220,915340325009,434,43,434,434,4581626,4581626,25518,495572,0,521090,293760,293762,0,0,0,164,208,314,831,396,563,4,487,401,8
1409,126612.1,90.2,6033,8862664,40220,889570532823,422,42,422,422,4451447,4451446,24786,487625,0,512411,403086,403087,0,0,0,164,208,314,831,396,563,4,487,401,8
1410,126702.1,90.0,6018,9118435,-561980,855210678692,407,40,406,406,4278232,4278232,23810,468864,602,493276,448180,448183,1,0,602200,164,208,314,831,396,563,4,487,401,8
1411,126792.2,90.1,6045,9123023,40220,915340336587,434,43,434,434,4581626,4581626,25518,486296,0,511814,916844,43153,0,0,0,164,208,314,831,396,564,4,487,401,8
1412,126882.3,90.2,6045,9123023,40220,915369976844,434,43,434,434,4581626,4581626,25518,506532,0,532050,287600,287603,0,0,0,164,208,314,831,396,564,4,487,401,8
1413,126972.4,90.1,6038,8971091,40220,900337602909,427,42,427,427,4505660,4505660,25091,486012,0,511103,399352,399354,0,0,0,164,208,314,831,396,564,4,487,401,8
1414,127062.4,90.0,5994,8254942,40220,803700838793,383,38,382,382,4147586,4147585,22354,450034,0,472388,435870,435872,1,0,256256,164,208,314,831,396,564,4,487,401,8
1415,127152.4,90.0,6034,8884343,40220,891747772679,423,42,423,423,4462286,4462286,24847,490518,0,515365,919793,31444,0,0,0,164,208,314,831,396,565,4,487,401,8
1416,127242.5,90.1,5994,8922801,40220,803730583266,383,38,382,382,4481515,4481515,22356,437794,0,460150,245796,245798,1,0,923724,164,208,314,831,396,565,4,487,401,8
1417,127332.6,90.1,6044,9101309,40220,913252330552,433,43,433,433,4570769,4570769,25457,494752,0,520209,383002,383005,0,0,0,164,208,314,831,396,565,4,487,401,8
1418,127422.9,90.3,5990,8419997,40220,795140648677,379,37,378,378,4230113,4230113,22116,438898,0,461014,422008,422011,1,0,506880,164,208,314,831,396,565,4,487,401,8
1419,127512.9,90.0,5992,8602422,40220,799435604358,381,38,380,380,4321326,4321325,22234,447683,0,469917,806557,85371,1,0,647020,164,208,314,831,396,565,4,487,401,8
1420,127602.9,90.0,6048,9086516,40220,911117400192,432,43,432,432,4563373,4563372,25416,499841,0,525257,305314,305314,0,0,0,164,208,314,831,396,565,4,487,401,8
1421,127693.2,90.2,5995,9020762,40220,795153248417,379,38,378,378,4530496,4530495,22131,446521,0,468652,386982,386984,1,0,1101726,164,208,314,831,396,565,4,487,401,8
1422,127783.3,90.2,6039,8891117,40220,891790163497,423,42,423,423,4465673,4465673,24867,506171,0,531038,459010,459012,0,0,0,164,208,314,831,396,565,4,487,401,8
1423,127873.3,90.0,6004,8251938,40220,814480647690,388,39,387,387,4146084,4146083,22674,460606,0,483280,922771,19521,1,0,139152,164,208,314,831,396,566,4,487,401,8
1424,127963.3,90.0,6002,8069097,40220,810215525181,385,39,385,385,4054663,4054663,22550,469090,0,491640,255580,255581,0,1,0,164,208,314,831,396,566,4,487,401,8
1425,128053.5,90.2,6040,8912815,40220,893967294374,424,42,424,424,4476522,4476522,24928,480892,0,505820,380700,380701,0,0,0,164,208,314,831,396,566,4,487,401,8
1426,128143.6,90.1,6054,9216926,40220,924032042172,438,44,438,438,4628578,4628577,25782,510881,0,536663,458682,458682,0,0,0,164,208,314,831,396,566,4,487,401,8
1427,128233.8,90.2,6000,8634946,40220,809342298543,384,38,383,383,4337588,4337587,22431,442177,0,464608,920846,2444,1,0,607932,164,208,314,831,396,567,4,487,401,8
1428,128323.8,90.1,6050,9129973,40220,915471882555,434,43,434,434,4585101,4585101,25538,502321,0,527859,265150,265153,0,0,0,164,208,314,831,396,567,4,487,401,8
1429,128414.0,90.2,6004,8158349,40220,816761032851,388,39,387,387,4099289,4099289,22675,460836,0,483511,374332,374332,1,0,45016,164,208,314,831,396,567,4,487,401,8
1430,128504.1,90.1,6056,9260421,40220,928356889265,440,44,440,440,4650325,4650325,25904,517661,0,543565,458948,458949,0,0,0,164,208,314,831,396,567,4,487,401,8
1431,128594.2,90.2,6002,9199968,40220,810245172206,386,39,385,385,4620099,4620098,22551,468006,0,490557,941654,7852,1,0,1130438,164,208,314,831,396,568,4,487,401,8
1432,128684.4,90.1,6044,8999640,40220,902616837334,428,43,428,428,4519935,4519934,25172,497385,0,522557,265204,265205,0,0,0,164,208,314,831,396,568,4,487,401,8
1433,128774.5,90.1,6047,9064792,40220,909059288276,431,43,431,431,4552511,4552510,25355,514675,0,540030,402616,402619,0,0,0,164,208,314,831,396,568,4,487,401,8
1434,128864.6,90.1,6005,8755385,40220,816717409801,389,39,388,388,4397807,4397807,22736,454595,0,477331,439974,439976,1,0,620510,164,208,314,831,396,568,4,487,401,8
1435,128954.7,90.2,6037,8847730,40220,887584475134,421,42,421,421,4443980,4443979,24745,493733,0,518478,953956,4498,0,0,0,164,208,314,831,396,569,4,487,401,8
1436,129044.9,90.2,6002,8069264,40220,810304839037,385,39,385,385,4054747,4054746,22550,443055,0,465605,235050,235053,0,1,0,164,208,314,831,396,569,4,487,401,8
1437,129134.9,90.0,6049,9108243,40220,913384019047,433,43,433,433,4574236,4574236,25477,498327,0,523804,379428,379429,0,0,0,164,208,314,831,396,569,4,487,401,8
1438,129225.0,90.1,6043,8977929,40220,900499128847,427,43,427,427,4509079,4509079,25111,515023,0,540134,459780,459783,0,0,0,164,208,314,831,396,569,4,487,401,8
1439,129315.0,90.0,6001,8725464,40220,808157250252,385,39,384,384,4382847,4382846,22490,462333,0,484823,835747,108859,1,0,677556,164,208,314,831,396,569,4,487,401,8
1440,129405.1,90.0,6061,9267467,40220,928429021238,440,44,440,440,4653848,4653848,25924,522184,0,548108,328482,328485,0,0,0,164,208,314,831,396,569,4,487,401,8
1441,129495.2,90.1,6008,8097577,40220,812464904300,386,38,386,386,4068903,4068903,22633,426928,0,449561,389022,389024,0,1,0,164,208,314,831,396,569,4,487,401,8
1442,129585.2,90.0,6050,9028224,40220,904806817941,429,42,429,429,4534227,4534226,25253,472915,0,498168,443596,443596,0,0,0,164,208,314,831,396,569,4,487,401,8
1443,129675.3,90.1,6000,8040650,40220,795285035125,379,37,378,378,4040440,4040439,22145,447895,0,470040,823135,90501,1,0,115920,164,208,314,831,396,569,4,487,401,8
1444,129765.4,90.2,6064,9230954,40220,924146752384,438,44,438,438,4635592,4635591,25822,530468,0,556290,323394,323397,0,0,0,164,208,314,831,396,569,4,487,401,8
1445,129855.5,90.0,6056,9056843,40220,906966883209,430,43,430,430,4548536,4548536,25334,504142,0,529476,426436,426437,0,0,0,164,208,314,831,396,569,4,487,401,8
1446,129945.5,90.0,6058,9100352,40220,911261955641,432,43,432,432,4570291,4570290,25456,491711,0,517167,471802,471802,0,0,0,164,208,314,831,396,569,4,487,401,8
1447,130035.6,90.1,6052,8969865,40220,898376936938,426,43,426,426,4505047,4505047,25090,508829,0,533919,985547,20174,0,0,0,164,208,314,831,396,570,4,487,401,8
1448,130125.7,90.1,6052,8969865,40220,898403873761,426,43,426,426,4505047,4505047,25090,493238,0,518328,269250,269252,0,0,0,164,208,314,831,396,570,4,487,401,8
1449,130216.0,90.3,6058,9100352,40220,911288763943,432,43,432,432,4570291,4570290,25456,509530,0,534986,402118,402120,0,0,0,164,208,314,831,396,570,4,487,401,8
1450,130306.2,90.2,6056,9056843,40220,906993890246,430,43,430,430,4548536,4548536,25334,495151,0,520485,461302,461303,0,0,0,164,208,314,831,396,570,4,487,401,8
1451,130396.2,90.1,6063,9209179,40220,922026310873,437,44,437,437,4624704,4624704,25761,517426,0,543187,993020,11470,0,0,0,164,208,314,831,396,571,4,487,401,8
1452,130486.3,90.0,6012,9169037,40220,810383736904,386,39,385,385,4604633,4604633,22592,455774,0,478366,244918,244918,1,0,1086800,164,208,314,831,396,571,4,487,401,8
1453,130576.4,90.1,6058,9100352,40220,911315444879,432,43,432,432,4570291,4570290,25456,502843,0,528299,386608,386609,0,0,0,164,208,314,831,396,571,4,487,401,8
1454,130666.5,90.2,6007,8617477,40220,799646189784,381,38,380,380,4328853,4328853,22287,452400,0,474687,430648,430648,1,0,643328,164,208,314,831,396,571,4,487,401,8
1455,130756.6,90.1,6050,8926395,40220,894135610853,424,42,424,424,4483312,4483312,24968,493273,0,518241,843656,105233,0,0,0,164,208,314,831,396,571,4,487,401,8
1456,130846.8,90.2,6067,9194390,40220,919916651039,436,43,436,436,4617310,4617309,25720,508435,0,534155,319694,319694,0,0,0,164,208,314,831,396,571,4,487,401,8
1457,130937.0,90.2,6070,9259763,40220,926359008247,439,43,439,439,4649996,4649996,25903,515661,0,541564,430628,430630,0,0,0,164,208,314,831,396,571,4,487,401,8
1458,131027.2,90.2,6010,8540144,40220,795362517495,379,37,378,378,4290187,4290186,22186,447655,0,469841,450234,450237,1,0,602928,164,208,314,831,396,571,4,487,401,8
1459,131117.4,90.2,6060,9041964,40220,904884288943,429,42,429,429,4541097,4541096,25293,501478,0,526771,860635,116373,0,0,0,164,208,314,831,396,571,4,487,401,8
1460,131207.6,90.2,6069,9135980,40220,913485448237,433,43,433,433,4588105,4588104,25557,504401,0,529958,323164,323167,0,0,0,164,208,314,831,396,571,4,487,401,8
1461,131297.7,90.1,6063,9005281,40220,900600534639,427,43,427,427,4522755,4522755,25191,499617,0,524808,423986,423989,0,0,0,164,208,314,831,396,571,4,487,401,8
1462,131387.8,90.1,6074,9244984,40220,924222784456,438,44,438,438,4642607,4642606,25862,523731,0,549593,486790,486792,0,0,0,164,208,314,831,396,571,4,487,401,8
1463,131477.9,90.1,6064,9027056,40220,902748030003,428,43,428,428,4533643,4533642,25252,508995,0,534247,1009519,11520,0,0,0,164,208,314,831,396,572,4,487,401,8
1464,131568.0,90.1,6068,9114189,40220,911364585224,432,43,432,432,4577209,4577209,25496,503557,0,529053,270286,270287,0,0,0,164,208,314,831,396,572,4,487,401,8
1465,131658.2,90.3,6063,9005281,40220,900627202191,427,43,427,427,4522755,4522755,25191,517386,0,542577,406432,406432,0,0,0,164,208,314,831,396,572,4,487,401,8
1466,131748.3,90.1,6066,9070616,40220,907069547524,430,43,430,430,4555423,4555422,25374,512911,0,538285,472358,472359,0,0,0,164,208,314,831,396,572,4,487,401,8
1467,131838.4,90.1,6074,9244984,40220,924249416700,438,44,438,438,4642607,4642606,25862,518538,0,544400,1015738,1021,0,0,0,164,208,314,831,396,573,4,487,401,8
1468,131928.4,90.0,6015,8989532,-1007086,795427006584,379,38,378,378,3991228,3991227,22202,449245,1047,472494,236756,236759,1,0,1047306,164,208,314,831,396,573,4,487,401,8
1469,132018.4,90.0,6061,8961740,40220,896358784999,425,43,425,425,4500985,4500984,25069,508055,0,533124,384940,384943,0,0,0,164,208,314,831,396,573,4,487,401,8
1470,132108.5,90.1,6064,9027056,40220,902801224188,428,43,428,428,4533643,4533642,25252,504478,0,529730,457336,457337,0,0,0,164,208,314,831,396,573,4,487,401,8
1471,132198.6,90.0,6023,8831807,40220,812606899264,387,39,386,386,4436018,4436018,22694,448924,0,471618,839548,89407,1,0,715428,164,208,314,831,396,573,4,487,401,8
1472,132288.6,90.0,6073,9121108,40220,911402428494,432,43,432,432,4580669,4580668,25516,503280,0,528796,309100,309103,0,0,0,164,208,314,831,396,573,4,487,401,8
1473,132378.7,90.1,6026,8588681,40220,808323201688,385,38,384,384,4314455,4314455,22589,440012,0,462601,385852,385852,1,0,510238,164,208,314,831,396,573,4,487,401,8
1474,132468.7,90.0,6074,9142915,40220,913550041409,433,43,433,433,4591572,4591572,25577,496810,0,522387,454118,454121,0,0,0,164,208,314,831,396,573,4,487,401,8
1475,132558.8,90.1,6063,8903212,40220,889927580274,422,42,422,422,4471721,4471720,24906,497443,0,522349,866270,110200,0,0,0,164,208,314,831,396,573,4,487,401,8
1476,132649.0,90.2,6072,8997155,40220,898528808082,426,43,426,426,4518692,4518692,25170,504895,0,530065,320132,320133,0,0,0,164,208,314,831,396,573,4,487,401,8
1477,132739.1,90.1,6080,9171676,40220,915708818275,434,43,434,434,4605953,4605952,25658,502152,0,527810,423970,423973,0,0,0,164,208,314,831,396,573,4,487,401,8
1478,132829.1,90.0,6073,9018959,40220,900676291728,427,43,427,427,4529594,4529594,25231,506529,0,531760,477866,477867,0,0,0,164,208,314,831,396,573,4,487,401,8
1479,132919.1,90.0,6075,9062576,40220,904971388289,429,43,429,429,4551403,4551402,25353,507658,0,533011,886462,124416,0,0,0,164,208,314,831,396,573,4,487,401,8
1480,133009.2,90.1,6082,9113110,40220,909277637049,431,43,431,431,4576670,4576669,25495,503672,0,529167,326790,326793,0,0,0,164,208,314,831,396,573,4,487,401,8
1481,133099.3,90.1,6075,8960347,40220,894245228017,424,42,424,424,4500288,4500288,25068,491542,0,516610,421700,421703,0,0,0,164,208,314,831,396,573,4,487,401,8
1482,133189.5,90.2,6075,8960347,40220,894245251520,424,42,424,424,4500288,4500288,25068,484046,0,509114,465408,465409,0,0,0,164,208,314,831,396,573,4,487,401,8
1483,133279.5,90.1,6075,8960347,40220,894245216265,424,42,424,424,4500288,4500288,25068,503735,0,528803,881139,113073,0,0,0,164,208,314,831,396,573,4,487,401,8
1484,133369.6,90.1,6041,8675789,40220,808357175355,385,39,384,384,4358009,4358009,22648,466445,0,489093,301082,301084,1,0,579168,164,208,314,831,396,573,4,487,401,8
1485,133459.8,90.1,6087,9120013,40220,909288942018,431,43,431,431,4580121,4580121,25515,514301,0,539816,420450,420450,0,0,0,164,208,314,831,396,573,4,487,401,8
1486,133549.8,90.0,6078,8923489,40220,889961589196,422,42,422,422,4481859,4481859,24966,486189,0,511155,465802,465803,0,0,0,164,208,314,831,396,573,4,487,401,8
1487,133639.9,90.2,6085,9076318,40220,904993962975,429,43,429,429,4558274,4558273,25393,513109,0,538502,889218,115087,0,0,0,164,208,314,831,396,573,4,487,401,8
1488,133730.1,90.1,6089,9061331,40220,902857796050,428,42,428,428,4550780,4550780,25352,489150,0,514502,314794,314795,0,0,0,164,208,314,831,396,573,4,487,401,8
1489,133820.2,90.1,6093,9148784,40220,911447660128,432,43,432,432,4594507,4594506,25596,506690,0,532286,423540,423541,0,0,0,164,208,314,831,396,573,4,487,401,8
1490,133910.3,90.1,6087,9017624,40220,898562864011,426,42,426,426,4528927,4528926,25230,489025,0,514255,468898,468898,0,0,0,164,208,314,831,396,573,4,487,401,8
1491,134000.4,90.1,6087,9017624,40220,898562746494,426,42,426,426,4528927,4528926,25230,506374,0,531604,890375,110127,0,0,0,164,208,314,831,396,573,4,487,401,8
1492,134090.6,90.2,6094,9068186,40220,902869101019,428,43,428,428,4554208,4554207,25372,507260,0,532632,321378,321381,0,0,0,164,208,314,831,396,573,4,487,401,8
1493,134180.7,90.1,6096,9111938,40220,907164044811,430,43,430,430,4576084,4576083,25494,509469,0,534963,428172,428172,0,0,0,164,208,314,831,396,573,4,487,401,8
1494,134270.7,90.0,6099,9177590,40220,913606636770,433,43,433,433,4608910,4608909,25677,507230,0,532907,480538,480541,0,0,0,164,208,314,831,396,573,4,487,401,8
1495,134360.8,90.1,6093,9046315,40220,900721605621,427,43,427,427,4543272,4543272,25311,517777,0,543088,905020,118609,0,0,0,164,208,314,831,396,573,4,487,401,8
1496,134450.8,90.0,6096,9009388,40220,896438037309,425,42,425,425,4524809,4524808,25209,493977,0,519186,318896,318899,0,0,0,164,208,314,831,396,573,4,487,401,8
1497,134540.9,90.1,6062,8911617,40220,821276097912,391,39,390,390,4475923,4475923,23076,457489,0,480565,399732,399732,1,0,665304,164,208,314,831,396,573,4,487,401,8
1498,134631.0,90.0,6103,9162621,40220,911470411086,432,43,432,432,4601425,4601425,25639,518172,0,543811,471770,471773,0,0,0,164,208,314,831,396,573,4,487,401,8
1499,134721.0,90.0,6104,9184524,40220,913617800721,433,43,433,433,4612377,4612376,25701,490041,0,515742,890069,97446,0,0,0,164,208,314,831,396,573,4,487,401,8
1500,134811.3,90.3,6111,9235306,40220,917924049486,435,44,435,435,4637768,4637767,25850,522254,0,548104,322774,322776,0,0,0,164,208,314,831,396,573,4,487,401,8
1501,134901.4,90.1,6107,9147623,40220,909334091394,431,43,431,431,4593926,4593926,25602,499688,0,525290,424032,424034,0,0,0,164,208,314,831,396,573,4,487,401,8
1502,134991.6,90.2,6111,9235306,40220,917924155248,435,44,435,435,4637768,4637767,25850,522541,0,548391,486212,486213,0,0,0,164,208,314,831,396,573,4,487,401,8
1503,135081.8,90.2,6059,8692233,40220,804107521958,383,38,382,382,4366231,4366231,22606,449881,0,472487,878790,79910,1,0,614448,164,208,314,831,396,573,4,487,401,8
1504,135171.9,90.1,6103,8957281,40220,890018020037,422,42,422,422,4498755,4498755,25069,515121,0,540190,310050,310050,0,0,0,164,208,314,831,396,573,4,487,401,8
1505,135261.9,90.0,6100,9016196,-106276,881428226466,419,41,418,418,4454965,4454964,24822,481099,146,506067,408058,408059,1,0,146496,164,208,314,831,396,573,4,487,401,8
1506,135352.0,90.1,6107,9044913,40220,898608025133,426,42,426,426,4542571,4542571,25317,491650,0,516967,462512,462514,0,0,0,164,208,314,831,396,573,4,487,401,8
1507,135442.0,90.1,6115,9220330,40220,915787823799,434,43,434,434,4630280,4630279,25813,520250,0,546063,906882,101695,0,0,0,164,208,314,831,396,573,4,487,401,8
1508,135532.1,90.0,6114,9095602,40220,902914285646,428,43,428,428,4567916,4567915,25466,515040,0,540506,321100,321101,0,0,0,164,208,314,831,396,573,4,487,401,8
1509,135622.2,90.1,6119,9205326,40220,913651621620,433,43,433,433,4622778,4622777,25776,502526,0,528302,424700,424703,0,0,0,164,208,314,831,396,573,4,487,401,8
1510,135712.3,90.1,6073,8720533,40220,812719913714,387,39,386,386,4380381,4380381,22893,481675,0,504568,464634,464637,1,0,542474,164,208,314,831,396,573,4,487,401,8
1511,135802.4,90.1,6116,9139482,40220,907209182431,430,43,430,430,4589856,4589855,25590,506188,0,531778,903981,92434,0,0,0,164,208,314,831,396,573,4,487,401,8
1512,135892.5,90.1,6069,8139680,40220,793403818855,378,37,377,377,4089955,4089954,22363,422798,0,445161,268796,268799,1,0,151918,164,208,314,831,396,573,4,487,401,8
1513,135982.5,90.0,6123,9190293,40220,911515454696,432,43,432,432,4615261,4615261,25739,525589,0,551328,410062,410065,0,0,0,164,208,314,831,396,573,4,487,401,8
1514,136072.5,90.0,6123,9190293,40220,911515525204,432,43,432,432,4615261,4615261,25739,511675,0,537414,473738,473741,0,0,0,164,208,314,831,396,573,4,487,401,8
1515,136162.5,90.0,6124,9212260,40220,913663008851,433,43,433,433,4626245,4626244,25801,536298,0,562099,1033777,2063,0,0,0,164,208,314,831,396,574,4,487,401,8
1516,136252.7,90.2,6119,9102456,40220,902952441818,428,42,428,428,4571343,4571342,25491,503816,0,529307,265684,265686,0,0,0,164,208,314,831,396,574,4,487,401,8
1517,136342.8,90.1,6124,9212260,40220,913689742363,433,43,433,433,4626245,4626244,25801,491351,0,517152,391418,391420,0,0,0,164,208,314,831,396,574,4,487,401,8
1518,136433.0,90.2,6114,8992732,40220,892214882355,423,42,423,423,4516481,4516480,25181,510644,0,535825,463622,463623,0,0,0,164,208,314,831,396,574,4,487,401,8
1519,136523.1,90.1,6126,9256204,40220,917984686120,435,43,435,435,4648217,4648216,25925,519987,0,545912,913743,95792,0,0,0,164,208,314,831,396,574,4,487,401,8
1520,136613.2,90.1,6124,9109310,40220,902963728180,428,43,428,428,4574770,4574769,25516,510752,0,536268,316030,316030,0,0,0,164,208,314,831,396,574,4,487,401,8
1521,136703.3,90.1,6079,8769888,40220,804179468650,383,38,382,382,4405059,4405058,22688,452367,0,475055,395542,395543,1,0,667014,164,208,314,831,396,574,4,487,401,8
1522,136793.3,90.0,6125,9131280,40220,905111211828,429,43,429,429,4585755,4585754,25578,514576,0,540154,467848,467849,0,0,0,164,208,314,831,396,574,4,487,401,8
1523,136883.3,90.0,6121,9043418,40220,896521171320,425,43,425,425,4541824,4541823,25330,506764,0,532094,912176,87767,0,0,0,164,208,314,831,396,574,4,487,401,8
1524,136973.4,90.1,6087,9144020,40220,810633194184,386,38,385,385,4592125,4592124,22890,446929,0,469819,278792,278794,1,0,969440,164,208,314,831,396,574,4,487,401,8
1525,137063.5,90.1,6134,9226128,40220,913712362165,433,43,433,433,4633179,4633178,25850,518537,0,544387,411590,411591,0,0,0,164,208,314,831,396,574,4,487,401,8
1526,137153.5,90.0,6075,8135291,40220,784863437495,374,37,373,373,4087760,4087760,22158,445048,0,467206,439398,439399,1,0,222756,164,208,314,831,396,574,4,487,401,8
1527,137243.7,90.1,6132,9182133,40220,909417359564,431,43,431,431,4611181,4611181,25726,493630,0,519356,894835,63920,0,0,0,164,208,314,831,396,574,4,487,401,8
1528,137333.8,90.2,6146,9387261,40220,928756116437,440,44,440,440,4713745,4713745,26304,544093,0,570397,317158,317159,0,0,0,164,208,314,831,396,574,4,487,401,8
1529,137424.1,90.2,6129,9013054,40220,892248812056,423,42,423,423,4526642,4526641,25250,504418,0,529668,423412,423415,0,0,0,164,208,314,831,396,574,4,487,401,8
1530,137514.2,90.2,6145,9365223,40220,926608550408,439,44,439,439,4702726,4702726,26242,514319,0,540561,481988,481988,0,0,0,164,208,314,831,396,574,4,487,401,8
1531,137604.4,90.2,6136,9167027,40220,907281197583,430,43,430,430,4603628,4603628,25684,502198,0,527882,923672,86198,0,0,0,164,208,314,831,396,574,4,487,401,8
1532,137694.5,90.1,6141,9173914,40220,907292589869,430,43,430,430,4607072,4607071,25704,514711,0,540415,313306,313307,0,0,0,164,208,314,831,396,574,4,487,401,8
1533,137784.6,90.1,6135,9041831,40220,894407570297,424,42,424,424,4541030,4541030,25332,517868,0,543200,428252,428255,0,0,0,164,208,314,831,396,574,4,487,401,8
1534,137874.9,90.3,6139,9129873,40220,902997504886,428,42,428,428,4585051,4585051,25580,496994,0,522574,475414,475415,0,0,0,164,208,314,831,396,574,4,487,401,8
1535,137965.0,90.1,6096,9082949,40220,808508224418,385,38,384,384,4561589,4561589,22857,450572,0,473429,896463,52381,1,0,918536,164,208,314,831,396,574,4,487,401,8
1536,138055.1,90.1,6143,9114697,40220,900861425288,427,43,427,427,4577463,4577463,25538,507875,0,533413,292896,292898,0,0,0,164,208,314,831,396,574,4,487,401,8
1537,138145.2,90.1,6102,9108106,40220,810667076807,386,39,385,385,4574168,4574167,22938,469025,0,491963,392430,392431,1,0,914820,164,208,314,831,396,574,4,487,401,8
1538,138235.3,90.0,6110,9093488,40220,827846875370,394,39,393,393,4566859,4566858,23432,467277,0,490709,441570,441570,1,0,725412,164,208,314,831,396,574,4,487,401,8
1539,138325.3,90.1,6141,9070644,40220,896566363843,425,43,425,425,4555437,4555436,25414,510117,0,535531,913921,63180,0,0,0,164,208,314,831,396,574,4,487,401,8
1540,138415.3,90.0,6161,9408402,40220,928789916682,440,44,440,440,4724316,4724315,26364,515656,0,542020,302600,302600,0,0,0,164,208,314,831,396,574,4,487,401,8
1541,138505.4,90.1,6100,9114696,40220,795645954106,379,37,378,378,4577463,4577462,22521,436151,0,458672,380636,380636,1,0,1069246,164,208,314,831,396,574,4,487,401,8
1542,138595.5,90.1,6143,9011347,40220,890135234574,422,42,422,422,4525788,4525788,25248,509119,0,534367,457500,457503,0,0,0,164,208,314,831,396,574,4,487,401,8
1543,138685.8,90.2,6148,9121536,40220,900872746961,427,42,427,427,4580883,4580882,25558,494341,0,519899,917428,59974,0,0,0,164,208,314,831,396,574,4,487,401,8
1544,138776.0,90.2,6162,9327061,40220,920211339068,436,44,436,436,4683645,4683645,26136,528230,0,554366,307170,307170,0,0,0,164,208,314,831,396,574,4,487,401,8
1545,138866.1,90.2,6115,8386936,40220,817132076936,389,39,388,388,4213583,4213582,23164,470891,0,494055,400612,400613,1,0,115420,164,208,314,831,396,574,4,487,401,8
1546,138956.3,90.2,6153,9128375,40220,900883962707,427,43,427,427,4584302,4584302,25578,532484,0,558062,479336,479339,0,0,0,164,208,314,831,396,574,4,487,401,8
1547,139046.4,90.1,6148,9018106,40220,890146650392,422,42,422,422,4529168,4529167,25268,499825,0,525093,934326,70106,0,0,0,164,208,314,831,396,574,4,487,401,8
1548,139136.5,90.0,6160,9179376,40220,905190275209,429,42,429,429,4609803,4609802,25722,506327,0,532049,301076,301079,0,0,0,164,208,314,831,396,574,4,487,401,8
1549,139226.6,90.1,6150,8958694,40220,883715544660,419,41,419,419,4499462,4499461,25102,490287,0,515389,408234,408234,0,0,0,164,208,314,831,396,574,4,487,401,8
1550,139316.8,90.2,6112,8160992,40220,799963694196,381,38,380,380,4100611,4100610,22686,457458,0,480144,444188,444190,1,0,59300,164,208,314,831,396,574,4,487,401,8
1551,139406.9,90.1,6155,9068995,40220,894452880512,424,42,424,424,4554612,4554612,25412,510609,0,536021,925623,54588,0,0,0,164,208,314,831,396,574,4,487,401,8
1552,139497.0,90.1,6165,9186246,40220,905201608646,429,43,429,429,4613238,4613237,25742,513862,0,539604,297096,297096,0,0,0,164,208,314,831,396,574,4,487,401,8
1553,139587.3,90.2,6122,8829344,40220,810712422329,386,39,385,385,4434787,4434786,23014,481717,0,504731,400912,400915,1,0,612400,164,208,314,831,396,574,4,487,401,8
1554,139677.5,90.2,6160,9075785,40220,894464272793,424,42,424,424,4558007,4558007,25432,508475,0,533907,467410,467412,0,0,0,164,208,314,831,396,574,4,487,401,8
1555,139767.5,90.1,6163,9142052,40220,900906629583,427,43,427,427,4591141,4591140,25618,504793,0,530411,937864,59959,0,0,0,164,208,314,831,396,574,4,487,401,8
1556,139857.7,90.2,6174,9281606,40220,913802817829,433,43,433,433,4660918,4660917,26010,520277,0,546287,303122,303124,0,0,0,164,208,314,831,396,574,4,487,401,8
1557,139947.8,90.1,6169,9171001,40220,903065399594,428,42,428,428,4605615,4605615,25700,502902,0,528602,415862,415864,0,0,0,164,208,314,831,396,574,4,487,401,8
1558,140037.9,90.1,6169,9171001,40220,903065399594,428,42,428,428,4605615,4605615,25700,503909,0,529609,472736,472737,0,0,0,164,208,314,831,396,574,4,487,401,8
1559,140127.9,90.1,6171,9215234,40220,907360390426,430,43,430,430,4627732,4627731,25824,518099,0,543923,950745,65915,0,0,0,164,208,314,831,396,574,4,487,401,8
1560,140217.9,90.0,6182,9354990,40220,920256566899,436,44,436,436,4697610,4697609,26216,530465,0,556681,311298,311298,0,0,0,164,208,314,831,396,574,4,487,401,8
1561,140308.1,90.1,6182,9354990,40220,920256555130,436,44,436,436,4697610,4697609,26216,537666,0,563882,437590,437590,0,0,0,164,208,314,831,396,574,4,487,401,8
1562,140398.2,90.1,6174,9177855,40220,903076815412,428,43,428,428,4609042,4609042,25720,527655,0,553375,495482,495483,0,0,0,164,208,314,831,396,574,4,487,401,8
1563,140488.5,90.3,6131,8987216,40220,808587417255,385,39,384,384,4513723,4513722,22995,475182,0,498177,942733,50927,1,0,779196,164,208,314,831,396,574,4,487,401,8
1564,140578.6,90.2,6173,9051897,40220,890203223429,422,42,422,422,4546063,4546063,25368,511941,0,537309,294118,294118,0,0,0,164,208,314,831,396,574,4,487,401,8
1565,140668.7,90.1,6187,9361972,40220,920267982718,436,43,436,436,4701101,4701100,26236,519696,0,545932,420024,420026,0,0,0,164,208,314,831,396,574,4,487,401,8
1566,140758.8,90.1,6185,9317637,40220,915973003656,434,43,434,434,4678933,4678933,26112,517387,0,543499,481762,481763,0,0,0,164,208,314,831,396,574,4,487,401,8
1567,140848.9,90.1,6183,9273315,40220,911677942210,432,43,432,432,4656772,4656772,25988,520790,0,546778,963691,64850,0,0,0,164,208,314,831,396,574,4,487,401,8
1568,140939.1,90.2,6149,9426325,40220,825789882694,393,39,392,392,4733277,4733277,23530,450257,0,473787,269318,269319,1,0,1029732,164,208,314,831,396,574,4,487,401,8
1569,141029.2,90.1,6186,9235892,40220,907394378968,430,43,430,430,4638061,4638060,25884,497795,0,523679,396498,396500,0,0,0,164,208,314,831,396,574,4,487,401,8
1570,141119.3,90.1,6137,8521506,40220,800020078930,381,38,380,380,4280868,4280867,22787,461134,0,483921,440210,440211,1,0,389202,164,208,314,831,396,574,4,487,401,8
1571,141209.4,90.1,6189,9302408,40220,913836700452,433,43,433,433,4671319,4671318,26070,533761,0,559831,952984,47058,0,0,0,164,208,314,831,396,574,4,487,401,8
1572,141299.6,90.2,6147,8933082,40220,810768783529,386,38,385,385,4486656,4486655,23117,432407,0,455524,251290,251292,1,0,684516,164,208,314,831,396,574,4,487,401,8
1573,141389.6,90.0,6199,9420348,40220,924585416819,438,43,438,438,4730289,4730288,26400,535498,0,561898,406594,406596,0,0,0,164,208,314,831,396,574,4,487,401,8
1574,141479.7,90.1,6131,8112337,40220,776409080484,370,37,369,369,4076283,4076283,22123,449999,0,472122,439358,439360,1,0,216396,164,208,314,831,396,574,4,487,401,8
1575,141569.8,90.0,6187,9154070,40220,898815613056,426,42,426,426,4597150,4597149,25656,523041,0,548697,950562,37495,0,0,0,164,208,314,831,396,574,4,487,401,8
1576,141659.8,90.0,6201,9360702,40220,918154299315,435,44,435,435,4700466,4700465,26235,532396,0,558631,298062,298064,0,0,0,164,208,314,831,396,574,4,487,401,8
1577,141749.9,90.2,6145,8867292,40220,795747837356,379,38,378,378,4453761,4453760,22703,470657,0,493360,395712,395712,1,0,766870,164,208,314,831,396,574,4,487,401,8
1578,141840.0,90.1,6199,9316277,40220,913859332021,433,43,433,433,4678253,4678253,26110,515585,0,541695,468702,468705,0,0,0,164,208,314,831,396,574,4,487,401,8
1579,141930.1,90.1,6149,9178306,40220,804337760175,383,38,382,382,4609268,4609267,22951,454137,0,477088,933030,12763,1,0,989688,164,208,314,831,396,574,4,487,401,8
1580,142020.1,90.0,6206,9367669,40220,918165679827,435,43,435,435,4703949,4703949,26260,513826,0,540086,276424,276425,0,0,0,164,208,314,831,396,574,4,487,401,8
1581,142110.2,90.1,6197,9167714,40220,898838185779,426,42,426,426,4603972,4603971,25696,496877,0,522573,399498,399500,0,0,0,164,208,314,831,396,574,4,487,401,8
1582,142200.3,90.0,6206,9367669,40220,918165597446,435,43,435,435,4703949,4703949,26260,533166,0,559426,479462,479464,0,0,0,164,208,314,831,396,574,4,487,401,8
1583,142290.5,90.2,6195,9123315,40220,894543265560,424,42,424,424,4581772,4581772,25572,501820,0,527392,967187,39669,0,0,0,164,208,314,831,396,574,4,487,401,8
1584,142380.7,90.2,6208,9307907,40220,911734562326,432,43,432,432,4674068,4674068,26096,515545,0,541641,290654,290656,0,0,0,164,208,314,831,396,574,4,487,401,8
1585,142470.8,90.1,6208,9307907,40220,911734432868,432,43,432,432,4674068,4674068,26096,518162,0,544258,417456,417458,0,0,0,164,208,314,831,396,574,4,487,401,8
1586,142560.8,90.1,6209,9330147,40220,913881987128,433,43,433,433,4685188,4685188,26159,519221,0,545380,481418,481420,0,0,0,164,208,314,831,396,574,4,487,401,8
1587,142650.9,90.0,6209,9330147,40220,913881904746,433,43,433,433,4685188,4685188,26159,517341,0,543500,979876,45044,0,0,0,164,208,314,831,396,574,4,487,401,8
1588,142740.9,90.1,6209,9225836,40220,903155867024,428,42,428,428,4633033,4633032,25869,501738,0,527607,286324,286327,0,0,0,164,208,314,831,396,574,4,487,401,8
1589,142831.0,90.0,6210,9248079,40220,905303280058,429,42,429,429,4644154,4644154,25932,512516,0,538448,412386,412389,0,0,0,164,208,314,831,396,574,4,487,401,8
1590,142921.1,90.1,6224,9559814,40220,935368133498,443,44,443,443,4800022,4800021,26814,533978,0,560792,486590,486591,0,0,0,164,208,314,831,396,574,4,487,401,8
1591,143011.1,90.0,6164,9308413,40220,804371560418,383,38,382,382,4674321,4674321,23010,449607,0,472617,950703,8505,1,0,1101492,164,208,314,831,396,574,4,487,401,8
1592,143101.2,90.1,6210,9143688,40220,894577289413,424,42,424,424,4591959,4591958,25642,494263,0,519905,264204,264206,0,0,0,164,208,314,831,396,574,4,487,401,8
1593,143191.2,90.0,6224,9455423,40220,924642036933,438,44,438,438,4747826,4747826,26524,526882,0,553406,408806,408806,0,0,0,164,208,314,831,396,574,4,487,401,8
1594,143281.3,90.1,6157,7995171,40220,778613078324,371,37,370,370,4017700,4017700,22287,444013,0,466300,437552,437554,1,0,47152,164,208,314,831,396,574,4,487,401,8
1595,143371.3,90.0,6225,9477714,40220,926789449967,439,44,439,439,4758972,4758971,26587,516875,0,543462,965319,15697,0,0,0,164,208,314,831,396,574,4,487,401,8
1596,143461.5,90.1,6207,8972498,40220,877408765443,416,41,416,416,4506364,4506363,25163,489761,0,514924,265310,265311,0,0,0,164,208,314,831,396,574,4,487,401,8
1597,143551.5,90.0,6215,9150479,40220,894588505161,424,42,424,424,4595354,4595354,25667,513465,0,539132,402220,402223,0,0,0,164,208,314,831,396,574,4,487,401,8
1598,143641.6,90.1,6225,9373243,40220,916063341631,434,43,434,434,4706736,4706736,26297,512362,0,538659,470440,470442,0,0,0,164,208,314,831,396,574,4,487,401,8
1599,143731.6,90.0,6219,9239546,40220,903178522131,428,42,428,428,4639888,4639887,25919,510548,0,536467,982007,24902,0,0,0,164,208,314,831,396,574,4,487,401,8
1600,143821.7,90.1,6227,9313283,40220,909632271203,431,43,431,431,4676756,4676756,26133,524917,0,551050,287976,287976,0,0,0,164,208,314,831,396,574,4,487,401,8
1601,143911.9,90.2,6222,9201829,40220,898894864737,426,43,426,426,4621029,4621029,25818,521988,0,547806,417890,417892,0,0,0,164,208,314,831,396,574,4,487,401,8
1602,144002.1,90.2,6223,9224113,40220,901042348384,427,43,427,427,4632171,4632171,25881,529847,0,555728,486810,486810,0,0,0,164,208,314,831,396,574,4,487,401,8
1603,144092.1,90.0,6183,9538672,40220,812995495319,387,39,386,386,4789451,4789450,23316,470084,0,493400,972428,7782,1,0,1225400,164,208,314,831,396,574,4,487,401,8
1604,144182.2,90.0,6235,9387144,40220,916085996737,434,43,434,434,4713687,4713686,26346,511032,0,537378,272580,272580,0,0,0,164,208,314,831,396,574,4,487,401,8
1605,144272.2,90.0,6232,9320185,40220,909643651717,431,43,431,431,4680207,4680207,26157,511702,0,537859,405218,405221,0,0,0,164,208,314,831,396,574,4,487,401,8
1606,144362.4,90.2,6231,9297872,40220,907496050380,430,43,430,430,4669051,4669050,26094,513442,0,539536,472378,472379,0,0,0,164,208,314,831,396,574,4,487,401,8
1607,144452.4,90.0,6178,8780536,40220,791531956980,377,37,376,376,4410383,4410382,22718,460952,0,483670,478024,478025,1,0,681848,164,208,314,831,396,574,4,487,401,8
1608,144542.6,90.2,6230,9275562,40220,905348602041,429,42,429,429,4657896,4657895,26031,512273,0,538304,934224,82105,0,0,0,165,208,314,831,396,574,4,487,401,8
1609,144632.7,90.1,6236,9409470,40220,918234174748,435,43,435,435,4724850,4724849,26409,511840,0,538249,310176,310178,0,0,0,165,208,314,831,396,574,4,487,401,8
1610,144722.9,90.2,6239,9476467,40220,924676508001,438,43,438,438,4758348,4758348,26598,523695,0,550293,430234,430237,0,0,0,165,208,314,831,396,574,4,487,401,8
1611,144813.0,90.1,6233,9342501,40220,911791700269,432,43,432,432,4691365,4691365,26220,515638,0,541858,486046,486049,0,0,0,165,208,314,831,396,574,4,487,401,8
1612,144903.1,90.1,6243,9565841,40220,933266454357,442,44,442,442,4803035,4803035,26850,548327,0,575177,976357,84869,0,0,0,166,208,314,831,396,574,4,487,401,8
1613,144993.1,90.0,6237,9431799,40220,920382211535,436,43,436,436,4736014,4736014,26472,530112,0,556584,320726,320727,0,0,0,166,208,314,831,396,574,4,487,401,8
1614,145083.1,90.1,6233,9342501,40220,911792300486,432,43,432,432,4691365,4691365,26220,530711,0,556931,438828,438830,0,0,0,166,208,314,831,396,574,4,487,401,8
1615,145173.3,90.1,6235,9387144,40220,916087114785,434,43,434,434,4713687,4713686,26346,516353,0,542699,976887,4642,0,0,0,166,208,314,831,396,574,4,487,401,8
1616,145263.4,90.1,6233,9237789,40220,901066050922,427,43,427,427,4639009,4639009,25925,523382,0,549307,276974,276975,0,0,0,166,208,314,831,396,574,4,487,401,8
1617,145353.5,90.1,6194,8651529,40220,816669925231,388,39,387,387,4345879,4345879,23415,460503,0,483918,380446,380447,1,0,302692,166,208,314,831,396,574,4,487,401,8
1618,145443.5,90.0,6233,9237789,40220,901066156842,427,43,427,427,4639009,4639009,25925,539629,0,565554,473000,473001,0,0,0,166,208,314,831,396,574,4,487,401,8
1619,145533.6,90.1,6238,9349419,40220,911803457389,432,43,432,432,4694824,4694824,26240,536550,0,562790,1007847,27944,0,0,0,166,208,314,831,396,574,4,487,401,8
1620,145623.7,90.1,6194,8670352,40220,804440620244,383,38,382,382,4355291,4355290,23118,454188,0,477306,252624,252626,1,0,427210,166,208,314,831,396,574,4,487,401,8
1621,145713.9,90.2,6243,9356337,40220,911814755519,432,43,432,432,4698283,4698283,26260,520721,0,546981,399802,399805,0,0,0,166,208,314,831,396,574,4,487,401,8
1622,145804.1,90.2,6240,9289302,40220,905372339884,429,42,429,429,4664766,4664765,26071,505193,0,531264,465534,465535,0,0,0,166,208,314,831,396,574,4,487,401,8
1623,145894.2,90.1,6194,8431440,40220,804440679090,383,38,382,382,4235835,4235834,23120,455582,0,478702,472118,472119,1,0,187520,166,208,314,831,396,574,4,487,401,8
1624,145984.3,90.1,6250,9512866,40220,926847176354,439,43,439,439,4776548,4776547,26701,531616,0,558317,981538,48898,0,0,0,167,208,314,831,396,574,4,487,401,8
1625,146074.3,90.0,6241,9311644,40220,907520482592,430,43,430,430,4675937,4675936,26134,528529,0,554663,301780,301781,0,0,0,167,208,314,831,396,574,4,487,401,8
1626,146164.5,90.2,6238,9244627,40220,901078019882,427,42,427,427,4642428,4642428,25945,496045,0,521990,411884,411887,0,0,0,167,208,314,831,396,574,4,487,401,8
1627,146254.9,90.4,6244,9378689,40220,913962921764,433,43,433,433,4709459,4709459,26323,542400,0,568723,490304,490306,0,0,0,167,208,314,831,396,574,4,487,401,8
1628,146345.0,90.1,6197,8872146,40220,810883706708,386,38,385,385,4456188,4456187,23306,463187,0,486493,976228,571,1,0,561600,168,208,314,831,396,574,4,487,401,8
1629,146435.1,90.2,6244,9378689,40220,913963463129,433,43,433,433,4709459,4709459,26323,530221,0,556544,278556,278559,0,0,0,168,208,314,831,396,574,4,487,401,8
1630,146525.2,90.1,6247,9445763,40220,920405819919,436,43,436,436,4742996,4742996,26512,508085,0,534597,406578,406578,0,0,0,168,208,314,831,396,574,4,487,401,8
1631,146615.3,90.1,6195,9262790,40220,806589186628,384,38,383,383,4651510,4651509,23181,465899,0,489080,447828,447830,1,0,996912,168,208,314,831,396,574,4,487,401,8
1632,146705.5,90.1,6236,9199966,40220,896783605722,425,42,425,425,4620098,4620097,25819,512361,0,538180,922605,63405,0,0,0,168,209,314,831,396,574,4,487,401,8
1633,146795.6,90.1,6192,8895431,40220,800218438270,381,38,380,380,4467830,4467830,22995,461051,0,484046,273724,273727,1,0,696348,168,209,314,831,396,574,4,487,401,8
1634,146885.8,90.2,6241,9311644,40220,907592585175,430,43,430,430,4675937,4675936,26134,499551,0,525685,399706,399706,0,0,0,168,209,314,831,396,574,4,487,401,8
1635,146975.9,90.1,6255,9624768,40220,937657368047,444,44,444,444,4832499,4832498,27016,538468,0,565484,482594,482596,0,0,0,168,209,314,831,396,574,4,487,401,8
1636,147065.9,90.0,6191,8744270,40220,798070930994,380,38,379,379,4392250,4392249,22931,445920,0,468851,922200,29247,1,0,567916,168,210,314,831,396,574,4,487,401,8
1637,147156.0,90.1,6243,9356337,40220,911959018806,432,43,432,432,4698283,4698283,26260,513639,0,539899,284572,284574,0,0,0,168,210,314,831,396,574,4,487,401,8
1638,147246.0,90.1,6239,9266963,40220,903369084217,428,42,428,428,4653596,4653596,26008,505069,0,531077,407824,407827,0,0,0,168,210,314,831,396,574,4,487,401,8
1639,147336.0,90.0,6210,8871703,-233196,838944598528,399,39,398,398,4319258,4319258,24118,447767,273,472158,439992,439993,1,0,273416,168,210,314,831,396,574,4,487,401,8
1640,147426.2,90.2,6243,9356337,40220,911959101826,432,43,432,432,4698283,4698283,26260,527995,0,554255,961128,33120,0,0,0,168,211,314,831,396,574,4,487,401,8
1641,147516.5,90.3,6188,9280859,40220,791771459710,377,37,376,376,4660544,4660544,22746,447744,0,470490,251804,251806,1,0,1170596,168,211,314,831,396,574,4,487,401,8
1642,147606.6,90.1,6236,9199966,40220,896998229847,425,42,425,425,4620098,4620097,25819,509652,0,535471,393638,393639,0,0,0,168,211,314,831,396,574,4,487,401,8
1643,147696.6,90.1,6242,9333989,40220,909883203163,431,43,431,431,4687109,4687109,26197,521727,0,547924,470780,470783,0,0,0,168,211,314,831,396,574,4,487,401,8
1644,147786.8,90.2,6251,9535240,40220,929210555987,440,44,440,440,4787735,4787734,26764,543604,0,570368,1030889,10262,0,0,0,169,211,314,831,396,574,4,487,401,8
1645,147876.9,90.1,6250,9512866,40220,927063643815,439,43,439,439,4776548,4776547,26701,537712,0,564413,287336,287339,0,0,0,169,211,314,831,396,574,4,487,401,8
1646,147967.0,90.1,6245,9401044,40220,916326237485,434,43,434,434,4720637,4720636,26386,536391,0,562777,425058,425058,0,0,0,169,211,314,831,396,574,4,487,401,8
1647,148057.1,90.1,6237,9222295,40220,899146356404,426,42,426,426,4631262,4631262,25882,510821,0,536703,480880,480881,0,0,0,169,211,314,831,396,574,4,487,401,8
1648,148147.1,90.0,6196,9445087,40220,808951936079,385,38,384,384,4742658,4742658,23244,449138,0,472382,476630,476633,1,0,1156716,169,211,314,831,396,574,4,487,401,8
1649,148237.1,90.0,6229,9021447,40220,879818884523,417,41,417,417,4530838,4530838,25315,484391,0,509706,982280,4059,0,1,0,169,211,315,831,396,574,4,487,401,8
1650,148327.3,90.2,6241,9311644,40220,907736267180,430,43,430,430,4675937,4675936,26134,522108,0,548242,276150,276151,0,0,0,169,211,315,831,396,574,4,487,401,8
1651,148417.4,90.1,6237,9222295,40220,899146249252,426,42,426,426,4631262,4631262,25882,514319,0,540201,408176,408176,0,0,0,169,211,315,831,396,574,4,487,401,8
1652,148507.5,90.1,6242,9333989,40220,909883643676,431,43,431,431,4687109,4687109,26197,516493,0,542690,475432,475434,0,0,0,169,211,315,831,396,574,4,487,401,8
1653,148597.6,90.1,6240,9289302,40220,905588807344,429,42,429,429,4664766,4664765,26071,503572,0,529643,980122,24955,0,0,0,169,211,315,832,396,574,4,487,401,8
1654,148687.7,90.2,6243,9356337,40220,912053455712,432,43,432,432,4698283,4698283,26260,538054,0,564314,294634,294635,0,0,0,169,211,315,832,396,574,4,487,401,8
1655,148777.7,90.0,6238,9621783,-359268,899168553830,427,42,426,426,4631262,4631262,25882,504000,399,530281,412458,412458,1,0,399488,169,211,315,832,396,574,4,487,401,8
1656,148867.9,90.2,6229,9043751,40220,881988684654,418,41,418,418,4541990,4541990,25378,493755,0,519133,465794,465797,0,0,0,169,211,315,832,396,574,4,487,401,8
1657,148958.1,90.1,6245,9401044,40220,916348315726,434,43,434,434,4720637,4720636,26386,516853,0,543239,987540,21496,0,0,0,169,211,315,833,396,574,4,487,401,8
1658,149048.1,90.0,6250,9512866,40220,927108074443,439,43,439,439,4776548,4776547,26701,493964,0,520665,271080,271081,0,0,0,169,211,315,833,396,574,4,487,401,8
1659,149138.1,90.0,6200,8400599,40220,817586396512,389,38,388,388,4220414,4220414,23492,448643,0,472135,371608,371608,1,0,23548,169,211,315,833,396,574,4,487,401,8
1660,149228.2,90.1,6183,8220889,40220,781079067107,372,37,371,371,4130559,4130559,22435,443622,0,466057,418832,418833,1,0,221868,169,211,315,833,396,574,4,487,401,8
1661,149318.4,90.3,6236,9199966,40220,897043172111,425,42,425,425,4620098,4620097,25819,520884,0,546703,952848,12688,0,0,0,169,211,315,833,397,574,4,487,401,8
1662,149408.5,90.1,6204,9512084,40220,826176307232,393,39,392,392,4776157,4776156,23741,465517,0,489258,250972,250974,1,0,1047030,169,211,315,833,397,574,4,487,401,8
1663,149498.9,90.4,6235,9177640,40220,894895700398,424,42,424,424,4608935,4608934,25756,511032,0,536788,393880,393882,0,0,0,169,211,315,833,397,574,4,487,401,8
1664,149589.1,90.2,6240,9289302,40220,905633226039,429,42,429,429,4664766,4664765,26071,521897,0,547968,470924,470926,0,0,0,169,211,315,833,397,574,4,487,401,8
1665,149679.3,90.3,6243,9356337,40220,912075676980,432,43,432,432,4698283,4698283,26260,543494,0,569754,1024944,15736,0,0,0,169,211,316,833,397,574,4,487,401,8
1666,149769.4,90.1,6196,8618418,40220,808996342584,385,38,384,384,4329324,4329323,23241,462316,0,485557,250646,250647,1,0,330966,169,211,316,833,397,574,4,487,401,8
1667,149859.5,90.0,6245,9401044,40220,916370560736,434,43,434,434,4720637,4720636,26386,538029,0,564415,407530,407532,0,0,0,169,211,316,833,397,574,4,487,401,8
1668,149949.6,90.1,6199,9054442,40220,815438805459,388,38,387,387,4547336,4547335,23429,467447,0,490876,449204,449204,1,0,699740,169,211,316,833,397,574,4,487,401,8
1669,150039.7,90.1,6251,9535240,40220,929255546156,440,44,440,440,4787735,4787734,26764,529823,0,556587,991419,14372,0,0,0,169,211,316,834,397,574,4,487,401,8
1670,150129.8,90.0,6247,9445763,40220,920687725329,436,43,436,436,4742996,4742996,26512,522571,0,549083,281726,281729,0,0,0,169,211,316,834,397,574,4,487,401,8
1671,150220.0,90.2,6238,9244627,40220,901360372506,427,42,427,427,4642428,4642428,25945,498302,0,524247,402988,402988,0,0,0,169,211,316,834,397,574,4,487,401,8
1672,150310.2,90.2,6245,9401044,40220,916392865569,434,43,434,434,4720637,4720636,26386,528788,0,555174,479080,479082,0,0,0,169,211,316,834,397,574,4,487,401,8
1673,150400.3,90.1,6198,8785067,40220,813313638565,387,38,386,386,4412648,4412648,23367,458852,0,482219,480650,480651,1,0,452656,169,211,316,834,397,574,4,487,401,8
1674,150490.5,90.2,6245,9401044,40220,916392722191,434,43,434,434,4720637,4720636,26386,517813,0,544199,1012029,12821,0,0,0,169,211,316,834,397,574,4,488,401,8
1675,150580.5,90.1,6239,9269019,40220,903511285289,428,42,428,428,4654624,4654624,26008,514070,0,540078,276448,276451,0,0,0,169,211,316,834,397,574,4,488,401,8
1676,150670.6,90.1,6242,9336060,40220,909953736230,431,43,431,431,4688145,4688144,26197,519584,0,545781,411116,411116,0,0,0,169,211,316,834,397,574,4,488,401,8
1677,150760.7,90.1,6237,9224342,40220,899216425529,426,42,426,426,4632286,4632285,25882,512798,0,538680,474898,474898,0,0,0,169,211,316,834,397,574,4,488,401,8
1678,150850.8,90.1,6240,9291363,40220,905658888419,429,42,429,429,4665796,4665796,26071,514831,0,540902,1011312,4488,0,0,0,169,211,316,834,397,574,4,488,402,8
1679,150940.8,90.0,6191,9097483,40220,798298757157,380,38,379,379,4568856,4568856,22934,447234,0,470168,237328,237328,1,0,910572,169,211,316,834,397,574,4,488,402,8
1680,151030.9,90.0,6235,9188273,40220,894935413739,424,42,424,424,4614251,4614251,25756,501844,0,527600,382464,382464,0,0,0,169,211,316,834,397,574,4,488,402,8
1681,151120.9,90.1,6243,9367177,40220,912115318758,432,43,432,432,4703703,4703703,26260,526616,0,552876,467670,467670,0,0,0,169,211,316,834,397,574,4,488,402,8
1682,151211.0,90.1,6245,9411935,40220,916410369689,434,43,434,434,4726082,4726082,26386,521410,0,547796,507732,507734,0,0,0,169,211,316,834,397,574,4,488,402,8
1683,151301.0,90.0,6241,9322432,40220,907820327568,430,43,430,430,4681331,4681330,26134,534005,0,560139,1058433,9440,0,0,0,169,211,316,834,397,575,4,488,402,8
1684,151391.1,90.1,6196,8875608,40220,809063836277,385,38,384,384,4457919,4457918,23242,454838,0,478080,243760,243760,1,0,578208,169,211,316,834,397,575,4,488,402,8
1685,151481.3,90.2,6233,9143579,40220,890668214863,422,42,422,422,4591904,4591904,25630,515100,0,540730,392244,392246,0,0,0,169,211,316,834,397,575,4,488,402,8
1686,151571.3,90.0,6238,9582532,-309332,899258173383,427,42,426,426,4636605,4636604,25882,507688,349,533919,463082,463083,1,0,349552,169,211,316,834,397,575,4,488,402,8
1687,151661.5,90.2,6245,9411935,40220,916438030593,434,43,434,434,4726082,4726082,26386,522924,0,549310,1000007,12386,0,0,0,169,211,316,834,397,575,4,488,402,8
1688,151751.6,90.1,6255,9530923,40220,927186828329,439,44,439,439,4785576,4785576,26721,544466,0,571187,291786,291787,0,0,0,169,211,316,834,397,575,4,488,402,8
1689,151841.7,90.1,6247,9351712,40220,910007066845,431,43,431,431,4695971,4695970,26217,530614,0,556831,424308,424310,0,0,0,169,211,316,834,397,575,4,488,402,8
1690,151931.8,90.1,6249,9396495,40220,914302034139,433,43,433,433,4718362,4718362,26343,528651,0,554994,489652,489652,0,0,0,169,211,316,834,397,575,4,488,402,8
1691,152021.9,90.0,6244,9284560,40220,903564544110,428,43,428,428,4662395,4662394,26028,523328,0,549356,1017203,21805,0,0,0,169,211,316,834,397,575,4,488,402,8
1692,152112.0,90.2,6246,9224251,40220,897133556430,425,42,425,425,4632240,4632240,25859,509139,0,534998,278400,278403,0,0,0,169,211,316,834,397,575,4,488,402,8
1693,152202.1,90.0,6247,9246638,40220,899281087940,426,42,426,426,4643434,4643433,25922,490890,0,516812,397606,397609,0,0,0,169,211,316,834,397,575,4,488,402,8
1694,152292.2,90.1,6251,9336218,40220,907871094322,430,43,430,430,4688224,4688223,26174,524761,0,550935,474272,474272,0,0,0,169,211,316,834,397,575,4,488,402,8
1695,152382.4,90.1,6249,9291421,40220,903576031303,428,42,428,428,4665825,4665825,26048,513761,0,539809,1008658,5423,0,0,0,169,211,316,834,397,575,4,488,402,8
1696,152472.5,90.2,6256,9343111,40220,907882641347,430,43,430,430,4691670,4691670,26194,529609,0,555803,280612,280614,0,0,0,169,211,316,834,397,575,4,488,402,8
1697,152562.7,90.1,6262,9477673,40220,920767447502,436,44,436,436,4758951,4758951,26572,537876,0,564448,422530,422532,0,0,0,169,211,316,834,397,575,4,488,402,8
1698,152652.9,90.3,6259,9410377,40220,914324996562,433,43,433,433,4725303,4725303,26383,527154,0,553537,488034,488035,0,0,0,169,211,316,834,397,575,4,488,402,8
1699,152743.1,90.2,6260,9432806,40220,916472480208,434,43,434,434,4736518,4736517,26446,494297,0,520743,504388,504390,0,0,0,169,211,316,834,397,575,4,488,402,8
1700,152833.2,90.0,6256,9343111,40220,907882653313,430,43,430,430,4691670,4691670,26194,527735,0,553929,1011368,46951,0,0,0,169,212,316,834,397,575,4,488,402,8
1701,152923.4,90.2,6263,9500111,40220,922987066974,437,44,437,437,4770170,4770170,26635,531811,0,558446,302698,302699,0,0,0,169,212,316,834,397,575,4,488,402,8
1702,153013.4,90.1,6255,9320695,40220,905807293893,429,43,429,429,4680462,4680462,26131,514157,0,540288,421492,421495,0,0,0,169,212,316,834,397,575,4,488,402,8
1703,153103.6,90.1,6263,9500111,40220,922987054963,437,44,437,437,4770170,4770170,26635,520391,0,547026,484260,484261,0,0,0,169,212,316,834,397,575,4,488,402,8
1704,153193.6,90.0,6248,9163874,40220,890774908362,422,42,422,422,4602052,4602051,25690,523955,0,549645,1018072,15834,0,0,0,169,213,316,834,397,575,4,488,402,8
1705,153283.7,90.1,6262,9477673,40220,920905898799,436,44,436,436,4758951,4758951,26572,531255,0,557827,286830,286831,0,0,0,169,213,316,834,397,575,4,488,402,8
1706,153373.8,90.0,6258,9387952,40220,912315940096,432,43,432,432,4714091,4714090,26320,523901,0,550221,418526,418526,0,0,0,169,213,316,834,397,575,4,488,402,8
1707,153463.9,90.1,6257,9365530,40220,910168347932,431,43,431,431,4702880,4702879,26257,513318,0,539575,479050,479051,0,0,0,169,213,316,834,397,575,4,488,402,8
1708,153554.0,90.1,6265,9544998,40220,927348325626,439,44,439,439,4792614,4792613,26761,536888,0,563649,1042107,593,0,0,0,169,214,316,834,397,575,4,488,402,8
1709,153644.0,90.0,6197,8077358,40220,779235902434,371,37,370,370,4058794,4058793,22419,435378,0,457797,229194,229196,1,0,73200,169,214,316,834,397,575,4,488,402,8
1710,153734.0,90.0,6257,9365530,40220,910232283867,431,43,431,431,4702880,4702879,26257,503843,0,530100,379648,379648,0,0,0,169,214,316,834,397,575,4,488,402,8
1711,153824.2,90.1,6207,9289198,40220,800710629973,381,38,380,380,4664714,4664713,23045,453315,0,476360,428004,428004,1,0,1062618,169,214,316,834,397,575,4,488,402,8
1712,153914.3,90.1,6262,9477673,40220,920969811033,436,44,436,436,4758951,4758951,26572,524770,0,551342,489672,489674,0,0,0,169,214,316,834,397,575,4,488,402,8
1713,154004.7,90.3,6217,9202263,40220,822185442237,391,39,390,390,4621246,4621246,23676,492648,0,516324,997083,8915,1,0,752804,169,214,316,835,397,575,4,488,402,8
1714,154094.8,90.1,6251,9231064,40220,897367405138,425,43,425,425,4635647,4635646,25879,528515,0,554394,281654,281655,0,0,0,169,214,316,835,397,575,4,488,402,8
1715,154184.9,90.1,6263,9500111,40220,923137184667,437,44,437,437,4770170,4770170,26635,547052,0,573687,427670,427672,0,0,0,169,214,316,835,397,575,4,488,402,8
1716,154275.0,90.1,6260,9432806,40220,916694842784,434,43,434,434,4736518,4736517,26446,532514,0,558960,493316,493316,0,0,0,169,214,316,835,397,575,4,488,402,8
1717,154365.0,90.0,6249,9186267,40220,893072534784,423,42,423,423,4613248,4613248,25753,516693,0,542446,1017591,18171,0,0,0,169,214,316,836,397,575,4,488,402,8
1718,154455.2,90.2,6211,9432826,40220,809340550293,385,39,384,384,4736528,4736527,23298,481194,0,504492,261330,261333,1,0,1117064,169,214,316,836,397,575,4,488,402,8
1719,154545.2,90.1,6262,9477673,40220,921009845521,436,44,436,436,4758951,4758951,26572,542932,0,569504,415418,415419,0,0,0,169,214,316,836,397,575,4,488,402,8
1720,154635.4,90.1,6255,9320695,40220,905977338672,429,43,429,429,4680462,4680462,26131,515331,0,541462,478440,478441,0,0,0,169,214,316,836,397,575,4,488,402,8
1721,154725.5,90.2,6251,9231064,40220,897387391952,425,43,425,425,4635647,4635646,25879,522100,0,547979,1018608,7812,0,0,0,169,214,316,837,397,575,4,488,402,8
1722,154815.7,90.2,6255,9320695,40220,905997422643,429,43,429,429,4680462,4680462,26131,519849,0,545980,276896,276896,0,0,0,169,214,316,837,397,575,4,488,402,8
1723,154905.7,90.0,6253,9275873,40220,901702467496,427,43,427,427,4658051,4658051,26005,526431,0,552436,414666,414666,0,0,0,169,214,316,837,397,575,4,488,402,8
1724,154995.7,90.0,6257,9365530,40220,910292280622,431,43,431,431,4702880,4702879,26257,508097,0,534354,474510,474510,0,0,0,169,214,316,837,397,575,4,488,402,8
1725,155086.0,90.2,6208,9349588,40220,802918086125,382,38,381,381,4694909,4694908,23109,471313,0,494422,966140,2792,1,0,1100554,169,214,316,837,398,575,4,488,402,8
1726,155176.2,90.3,6258,9387952,40220,912439752122,432,43,432,432,4714091,4714090,26320,523342,0,549662,276226,276228,0,0,0,169,214,316,837,398,575,4,488,402,8
1727,155266.3,90.0,6204,8644917,40220,794328285146,378,38,377,377,4342573,4342573,22857,456184,0,479041,377634,377635,1,0,484960,169,214,316,837,398,575,4,488,402,8
1728,155356.3,90.1,6252,9253467,40220,899554862386,426,43,426,426,4646848,4646848,25942,532717,0,558659,468146,468148,0,0,0,169,214,316,837,398,575,4,488,402,8
1729,155446.4,90.1,6261,9455238,40220,918882203062,435,44,435,435,4747734,4747733,26509,528432,0,554941,1022694,395,0,0,0,169,214,316,838,398,575,4,488,402,8
1730,155536.5,90.0,6263,9500111,40220,923197181419,437,44,437,437,4770170,4770170,26635,530621,0,557256,278824,278827,0,0,0,169,214,316,838,398,575,4,488,402,8
1731,155626.5,90.1,6210,9378030,40220,807233186088,384,38,383,383,4709130,4709129,23236,449665,0,472901,375864,375864,1,0,1084174,169,214,316,838,398,575,4,488,402,8
1732,155716.7,90.1,6206,9080068,40220,798643129894,380,38,379,379,4560149,4560148,22983,463373,0,486356,431110,431110,1,0,875664,169,214,316,838,398,575,4,488,402,8
1733,155806.8,90.1,6256,9343111,40220,908164783729,430,43,430,430,4691670,4691670,26194,527850,0,554044,492576,492578,0,0,0,169,214,316,838,398,575,4,488,402,8
1734,155896.8,90.1,6253,9275873,40220,901722381432,427,43,427,427,4658051,4658051,26005,514503,0,540508,1025999,7087,0,0,0,169,214,316,838,398,575,4,489,402,8
1735,155986.9,90.1,6215,8641712,40220,817973656667,389,39,388,388,4340971,4340970,23552,459748,0,483300,245192,245195,1,0,234280,169,214,316,838,398,575,4,489,402,8
1736,156077.0,90.1,6252,9255516,40220,899578010930,426,43,426,426,4647873,4647872,25942,516491,0,542433,393814,393814,0,0,0,169,214,316,838,398,575,4,489,402,8
1737,156167.0,90.0,6215,9135766,40220,817973547220,389,39,388,388,4587998,4587997,23551,482118,0,505669,449740,449743,1,0,728706,169,214,316,838,398,575,4,489,402,8
1738,156257.0,90.0,6255,10451997,-1111436,903873002547,429,43,428,428,4670285,4670285,26068,509161,1151,536380,493060,493063,1,0,1151656,169,214,316,838,398,575,4,489,402,8
1739,156347.1,90.0,6251,9233108,40220,897430563766,425,43,425,425,4636669,4636668,25879,522962,0,548841,1026519,15385,0,0,0,169,214,316,838,398,575,4,489,402,8
1740,156437.1,90.0,6222,9615141,-1117816,822278778167,391,39,390,390,4248667,4248667,23694,475925,1158,500777,258080,258082,1,0,1158036,169,214,316,838,398,575,4,489,402,8
1741,156527.2,90.1,6259,9307202,40220,903883193236,428,42,428,428,4673716,4673715,26088,513376,0,539464,398772,398774,0,0,0,169,214,316,838,398,575,4,489,402,8
1742,156617.3,90.1,6265,9441851,40220,916768082957,434,43,434,434,4741040,4741040,26466,532213,0,558679,478726,478727,0,0,0,169,214,316,838,398,575,4,489,402,8
1743,156707.4,90.1,6256,9239921,40220,897440705813,425,42,425,425,4640075,4640075,25899,500186,0,526085,502406,502406,0,0,0,169,214,316,838,398,575,4,489,402,8
1744,156797.5,90.1,6210,8896461,40220,796508998726,379,37,378,378,4468345,4468345,22939,447641,0,470580,486492,486494,1,0,706800,169,214,316,838,398,575,4,489,402,8
1745,156887.5,90.1,6267,9486760,40220,921063038091,436,43,436,436,4763495,4763494,26592,521092,0,547684,1034056,122,0,0,0,169,214,316,839,398,575,4,489,402,8
1746,156977.6,90.1,6256,9239921,40220,897460842197,425,42,425,425,4640075,4640075,25899,505387,0,531286,265704,265704,0,0,0,169,214,316,839,398,575,4,489,402,8
1747,157067.7,90.1,6259,9307202,40220,903903159213,428,42,428,428,4673716,4673715,26088,507077,0,533165,399434,399435,0,0,0,169,214,316,839,398,575,4,489,402,8
1748,157157.8,90.1,6208,8205086,40220,792234021744,377,37,376,376,4122658,4122657,22816,450621,0,473437,436436,436436,1,0,59010,169,214,316,839,398,575,4,489,402,8
1749,157247.9,90.1,6213,8801930,40220,802971427804,382,38,381,381,4421080,4421079,23128,465992,0,489120,462778,462778,1,0,545424,169,214,316,839,398,575,4,489,402,8
1750,157338.0,90.1,6264,9419401,40220,914640613973,433,43,433,433,4729815,4729815,26403,536391,0,562794,512786,512786,0,0,0,169,214,316,839,398,575,4,489,402,8
1751,157428.1,90.0,6263,9396955,40220,912493081626,432,43,432,432,4718592,4718592,26340,516634,0,542974,1037428,18332,0,0,0,169,214,316,839,398,575,4,489,402,8
1752,157518.2,90.1,6266,9358965,40220,908208365740,430,43,430,430,4699597,4699597,26234,519424,0,545658,281994,281996,0,0,0,169,214,316,839,398,575,4,489,402,8
1753,157608.2,90.0,6263,9291616,40220,901766024375,427,43,427,427,4665923,4665922,26045,522751,0,548796,415396,415396,0,0,0,169,214,316,839,398,575,4,489,402,8
1754,157698.3,90.1,6217,8917099,40220,800834195566,381,38,380,380,4478664,4478664,23087,465558,0,488645,452020,452021,1,0,675906,169,214,316,839,398,575,4,489,402,8
1755,157788.4,90.1,6261,9246733,40220,897471081431,425,43,425,425,4643481,4643481,25919,526045,0,551964,501992,501993,0,0,0,169,214,316,839,398,575,4,489,402,8
1756,157878.6,90.2,6265,9336512,40220,906061028194,429,43,429,429,4688371,4688370,26171,525411,0,551582,526786,526789,0,0,0,169,214,316,839,398,575,4,489,402,8
1757,157968.7,90.1,6262,9269173,40220,899618455503,426,43,426,426,4654701,4654701,25982,517589,0,543571,1055764,14596,0,0,0,169,214,317,839,398,575,4,489,402,8
1758,158058.9,90.2,6265,9336512,40220,906060894268,429,43,429,429,4688371,4688370,26171,524278,0,550449,282522,282523,0,0,0,169,214,317,839,398,575,4,489,402,8
1759,158149.1,90.2,6213,8617633,40220,792244248802,377,38,376,376,4328931,4328931,22835,467382,0,490217,386370,386370,1,0,465738,169,214,317,839,398,575,4,489,402,8
1760,158239.2,90.1,6270,9448808,40220,916798324679,434,43,434,434,4744519,4744518,26486,527357,0,553843,470106,470107,0,0,0,169,214,317,839,398,575,4,489,402,8
1761,158329.3,90.1,6271,9471277,40220,918945893550,435,44,435,435,4755753,4755753,26549,538210,0,564759,1010984,23882,0,0,0,169,214,317,839,399,575,4,489,402,8
1762,158419.3,90.0,6215,8407121,-171226,796539203922,379,38,378,378,4117952,4117952,22958,448675,211,471844,247862,247864,1,0,211446,169,214,317,839,399,575,4,489,402,8
1763,158509.3,90.0,6261,9246733,40220,897470935331,425,43,425,425,4643481,4643481,25919,508125,0,534044,390954,390954,0,0,0,169,214,317,839,399,575,4,489,402,8
1764,158599.5,90.2,6269,9426342,40220,914650938431,433,43,433,433,4733286,4733285,26423,526094,0,552517,471734,471737,0,0,0,169,214,317,839,399,575,4,489,402,8
1765,158689.7,90.2,6266,9358965,40220,908208475315,430,43,430,430,4699597,4699597,26234,542079,0,568313,1025741,14309,0,0,0,169,214,317,839,400,575,4,489,402,8
1766,158779.8,90.1,6227,8788503,40220,822309117260,391,39,390,390,4414366,4414366,23716,495997,0,519713,267010,267012,1,0,324432,169,214,317,839,400,575,4,489,402,8
1767,158869.9,90.1,6267,9381421,40220,910355825037,431,43,431,431,4710825,4710825,26297,528443,0,554740,410876,410876,0,0,0,169,214,317,839,400,575,4,489,402,8
1768,158960.0,90.1,6263,9291616,40220,901765902624,427,43,427,427,4665923,4665922,26045,540501,0,566546,488710,488712,0,0,0,169,214,317,839,400,575,4,489,402,8
1769,159050.1,90.0,6262,9269173,40220,899618418977,426,43,426,426,4654701,4654701,25982,510072,0,536054,512382,512384,0,0,0,169,214,317,839,400,575,4,489,402,8
1770,159140.1,90.1,6210,9005531,40220,785801907436,374,37,373,373,4522880,4522880,22647,443004,0,465651,489016,489019,1,0,920244,169,214,317,839,400,575,4,489,402,8
1771,159230.3,90.1,6269,9426342,40220,914650926257,433,43,433,433,4733286,4733285,26423,520017,0,546440,1031289,4170,0,0,0,169,214,317,839,400,575,4,489,402,8
1772,159320.4,90.1,6275,9455765,40220,916808636960,434,43,434,434,4747997,4747997,26506,531079,0,557585,280876,280879,0,0,0,169,214,317,839,400,575,4,489,402,8
1773,159410.6,90.2,6265,9231093,40220,895333837015,424,42,424,424,4635661,4635661,25876,514417,0,540293,410586,410586,0,0,0,169,214,317,839,400,575,4,489,402,8
1774,159500.7,90.0,6271,9365858,40220,908218604972,430,43,430,430,4703044,4703043,26254,535991,0,562245,486414,486417,0,0,0,169,214,317,839,400,575,4,489,402,8
1775,159590.7,90.0,6269,9320923,40220,903923637678,428,42,428,428,4680576,4680576,26128,518068,0,544196,515306,515307,0,0,0,169,214,317,839,400,575,4,489,402,8
1776,159680.8,90.1,6230,8801149,40220,818024377023,389,38,388,388,4420689,4420689,23610,463611,0,487221,501264,501264,1,0,375658,169,214,317,839,400,575,4,489,402,8
1777,159770.8,90.0,6237,8943337,-321758,833056762552,396,39,395,395,4310794,4310794,24049,466004,361,490414,495838,495840,1,0,361978,169,214,317,839,400,575,4,489,402,8
1778,159860.9,90.1,6273,9410805,40220,912513669666,432,43,432,432,4725517,4725517,26380,513208,0,539588,1032568,2860,0,0,0,169,214,317,839,400,575,4,489,403,8
1779,159951.1,90.2,6277,9509629,40220,921116144576,436,43,436,436,4774929,4774929,26632,523191,0,549823,276340,276343,0,0,0,169,214,317,839,400,575,4,489,403,8
1780,160041.3,90.2,6274,9442111,40220,914673693635,433,43,433,433,4741170,4741170,26443,528581,0,555024,415682,415685,0,0,0,169,214,317,839,400,575,4,489,403,8
1781,160131.4,90.0,6267,9284683,40220,899641308106,426,42,426,426,4662456,4662456,26002,509172,0,535174,475428,475431,0,0,0,169,214,317,839,400,575,4,489,403,8
1782,160221.4,90.0,6246,9953431,-1122280,852396740922,405,40,404,404,4415580,4415580,24616,474310,1162,500088,487758,487761,1,0,1162500,169,214,317,839,400,575,4,489,403,8
1783,160311.4,90.1,6278,9532141,40220,923263749973,437,43,437,437,4786185,4786185,26695,540456,0,567151,1045059,9853,0,0,0,169,214,317,839,400,575,4,489,403,8
1784,160401.6,90.2,6274,9336513,40220,903946490280,428,43,428,428,4688371,4688371,26148,525485,0,551633,280742,280744,0,0,0,169,214,317,839,400,575,4,489,403,8
1785,160491.6,90.0,6276,9381522,40220,908241457574,430,43,430,430,4710876,4710875,26274,519007,0,545281,413012,413013,0,0,0,169,214,317,839,400,575,4,489,403,8
1786,160581.6,90.0,6278,9426543,40220,912536400518,432,43,432,432,4733386,4733386,26400,524653,0,551053,482032,482034,0,0,0,169,214,317,839,400,575,4,489,403,8
1787,160671.8,90.2,6268,9201565,40220,891061600573,422,42,422,422,4620897,4620897,25770,503602,0,529372,505702,505704,0,0,0,169,214,317,839,400,575,4,489,403,8
1788,160761.9,90.0,6275,9359016,40220,906094071327,429,43,429,429,4699623,4699622,26211,509794,0,536005,520854,520855,0,0,0,169,214,317,839,400,575,4,489,403,8
1789,160852.0,90.1,6223,8574928,40220,792277438036,377,38,376,376,4307579,4307578,22875,458619,0,481494,501174,501175,1,0,403172,169,214,317,839,400,575,4,489,403,8
1790,160942.0,90.1,6269,9224048,40220,893209157270,423,42,423,423,4632139,4632138,25833,515755,0,541588,1040881,1882,0,0,0,169,214,317,839,400,575,4,490,403,8
1791,161032.1,90.0,6279,9451142,40220,914686952283,433,43,433,433,4745686,4745685,26463,540848,0,567311,284596,284597,0,0,0,169,214,317,839,400,575,4,490,403,8
1792,161122.1,90.1,6224,8355510,40220,794427989801,378,38,377,377,4197870,4197869,22936,452032,0,474968,379782,379783,1,0,160368,169,214,317,839,400,575,4,490,403,8
1793,161212.3,90.2,6281,9496192,40220,918982065677,435,44,435,435,4768211,4768210,26589,525747,0,552336,466058,466061,0,0,0,169,214,317,839,400,575,4,490,403,8
1794,161302.4,90.1,6270,9248575,40220,895359733385,424,42,424,424,4644402,4644402,25896,501759,0,527655,496858,496858,0,0,0,169,214,317,839,400,575,4,490,403,8
1795,161392.4,90.0,6227,9235274,40220,800870355517,381,38,380,380,4637752,4637751,23126,465559,0,488685,492770,492773,1,0,972800,169,214,317,839,400,575,4,490,403,8
1796,161482.5,90.1,6277,9406105,40220,910392118914,431,43,431,431,4723167,4723167,26337,529340,0,555677,524224,524226,0,0,0,169,214,317,839,400,575,4,490,403,8
1797,161572.7,90.2,6234,9037420,40220,815902753221,388,39,387,387,4538825,4538824,23567,473593,0,497160,510692,510694,1,0,618324,169,214,317,839,400,575,4,490,403,8
1798,161662.8,90.1,6269,9226084,40220,893212140163,423,42,423,423,4633157,4633156,25833,517522,0,543355,1053578,471,0,0,0,169,214,317,839,400,575,4,490,404,8
1799,161752.8,90.0,6224,8845161,40220,794440590994,378,38,377,377,4442695,4442695,22938,472842,0,495780,248124,248127,1,0,641628,169,214,317,839,400,575,4,490,404,8
1800,161842.9,90.1,6237,8802892,40220,822357951455,391,39,390,390,4421561,4421560,23755,480774,0,504529,376328,376328,1,0,309100,169,214,317,839,400,575,4,490,404,8
1801,161933.1,90.2,6275,9369833,40220,906109728463,429,43,429,429,4705031,4705031,26211,525008,0,551219,463772,463775,0,0,0,169,214,317,839,400,575,4,490,404,8
1802,162023.2,90.1,6227,8270241,40220,800883139335,380,38,380,380,4155235,4155235,23126,461203,0,484329,474052,474052,0,1,0,169,214,317,839,400,575,4,490,404,8
1803,162113.2,90.0,6248,9553010,-772540,845980174172,402,40,401,401,4390240,4390239,24447,482268,812,507527,490788,490791,1,0,812760,169,214,317,839,400,575,4,490,404,8
1804,162203.3,90.1,6277,9414900,40220,910404671407,431,43,431,431,4727565,4727564,26337,521457,0,547794,519292,519293,0,0,0,169,214,317,839,400,575,4,490,404,8
1805,162293.3,90.0,6223,8460487,40220,792293192572,377,38,376,376,4250358,4250358,22874,466544,0,489418,504354,504357,1,0,279772,169,214,317,839,400,575,4,490,404,8
1806,162383.5,90.2,6270,9257223,40220,895372383278,424,42,424,424,4648726,4648726,25896,518965,0,544861,524608,524610,0,0,0,169,214,317,839,400,575,4,490,404,8
1807,162473.5,90.0,6271,9279739,40220,897519903450,425,43,425,425,4659984,4659984,25959,543900,0,569859,1080513,13956,0,0,0,169,214,317,839,400,576,4,490,404,8
1808,162563.6,90.1,6278,9437438,40220,912577304262,432,43,432,432,4738834,4738833,26400,511436,0,537836,275896,275896,0,0,0,169,214,317,839,400,576,4,490,404,8
1809,162653.8,90.2,6233,9271347,40220,813793056500,387,39,386,386,4655788,4655788,23505,459835,0,483340,379618,379618,1,0,866364,169,214,317,839,400,576,4,490,404,8
1810,162744.0,90.2,6278,9437438,40220,912577316455,432,43,432,432,4738834,4738833,26400,515908,0,542308,460962,460964,0,0,0,169,214,317,839,400,576,4,490,404,8
1811,162834.1,90.1,6275,9369833,40220,906134926479,429,43,429,429,4705031,4705031,26211,522090,0,548301,504632,504633,0,0,0,169,214,317,839,400,576,4,490,404,8
1812,162924.1,90.0,6272,9302258,40220,899692377994,426,43,426,426,4671244,4671243,26022,525852,0,551874,528252,528255,0,0,0,169,214,317,839,400,576,4,490,404,8
1813,163014.3,90.2,6281,9505072,40220,919019828361,435,44,435,435,4772651,4772650,26589,535500,0,562089,1082237,8107,0,0,0,169,214,318,839,400,576,4,490,404,8
1814,163104.5,90.2,6275,9369833,40220,906134877707,429,43,429,429,4705031,4705031,26211,517012,0,543223,275664,275666,0,0,0,169,214,318,839,400,576,4,490,404,8
1815,163194.5,90.0,6273,9324780,40220,901839873834,427,43,427,427,4682505,4682504,26085,528119,0,554204,414934,414936,0,0,0,169,214,318,839,400,576,4,490,404,8
1816,163284.6,90.2,6268,9212202,40220,891102577529,422,42,422,422,4626216,4626215,25770,532784,0,558554,486744,486746,0,0,0,169,214,318,839,400,576,4,490,404,8
1817,163374.8,90.2,6274,9347305,40220,903987357481,428,43,428,428,4693767,4693767,26148,523092,0,549240,517992,517994,0,0,0,169,214,318,839,400,576,4,490,404,8
1818,163464.9,90.1,6271,9279739,40220,897545016277,425,43,425,425,4659984,4659984,25959,523480,0,549439,1063457,3976,0,0,0,169,214,318,839,400,576,4,491,404,8
1819,163554.9,90.0,6225,8991584,40220,796616296539,379,38,378,378,4515907,4515906,22999,457171,0,480170,242072,242074,1,0,764584,169,214,318,839,400,576,4,491,404,8
1820,163645.0,90.1,6284,9574844,40220,925465376324,438,44,438,438,4807537,4807536,26778,544564,0,571342,406708,406708,0,0,0,169,214,318,839,400,576,4,491,404,8
1821,163735.1,90.1,6277,9416976,40220,910433002988,431,43,431,431,4728603,4728602,26337,509138,0,535475,471090,471093,0,0,0,169,214,318,839,400,576,4,491,404,8
1822,163825.1,90.1,6227,8943341,40220,800911263833,381,38,380,380,4491785,4491785,23124,453669,0,476793,473942,473944,1,0,671760,169,214,318,839,400,576,4,491,404,8
1823,163915.2,90.0,6281,9507167,40220,919022986348,435,44,435,435,4773698,4773698,26589,546043,0,572632,1044965,1611,0,0,0,169,214,318,839,400,576,4,491,404,8
1824,164005.4,90.2,6285,9491584,40220,916885635084,434,43,434,434,4765907,4765906,26546,521432,0,547978,274794,274795,0,0,0,169,214,318,839,400,576,4,491,404,8
1825,164095.6,90.2,6281,9401342,40220,908295810233,430,43,430,430,4720786,4720785,26294,538187,0,564481,419638,419638,0,0,0,169,214,318,839,400,576,4,491,404,8
1826,164185.8,90.2,6236,9212464,40220,809511562471,385,38,384,384,4626347,4626346,23397,457456,0,480853,450244,450247,1,0,844836,169,214,318,839,400,576,4,491,404,8
1827,164276.0,90.2,6277,9311151,40220,899705875645,426,42,426,426,4675690,4675690,26042,496472,0,522514,486380,486381,0,0,0,169,214,318,839,400,576,4,491,404,8
1828,164366.1,90.1,6279,9356240,40220,904000745395,428,42,428,428,4698235,4698234,26168,505317,0,531485,508932,508934,0,0,0,169,214,318,839,400,576,4,491,404,8
1829,164456.2,90.0,6282,9423898,40220,910443306073,431,43,431,431,4732064,4732063,26357,511888,0,538245,1046439,740,0,0,0,169,214,318,840,400,576,4,491,404,8
1830,164546.2,90.0,6285,9491584,40220,916905886704,434,43,434,434,4765907,4765906,26546,515455,0,542001,271370,271371,0,0,0,169,214,318,840,400,576,4,491,404,8
1831,164636.4,90.3,6282,9423898,40220,910463338103,431,43,431,431,4732064,4732063,26357,539433,0,565790,418580,418581,0,0,0,169,214,318,840,400,576,4,491,404,8
1832,164726.5,90.1,6234,8824504,40220,805236700439,383,38,382,382,4432367,4432366,23271,475059,0,498330,458454,458457,1,0,501676,169,214,318,840,400,576,4,491,404,8
1833,164816.5,90.0,6279,9356240,40220,904020948201,428,42,428,428,4698235,4698234,26168,516179,0,542347,500402,500402,0,0,0,169,214,318,840,400,576,4,491,404,8
1834,164906.6,90.1,6241,9013493,40220,820269122589,390,39,389,389,4526861,4526861,23711,474493,0,498204,499302,499304,1,0,534060,169,214,318,840,400,576,4,491,404,8
1835,164996.8,90.1,6277,9311151,40220,899726017528,426,42,426,426,4675690,4675690,26042,488550,0,514592,506948,506948,0,0,0,169,214,318,840,400,576,4,491,404,8
1836,165087.0,90.3,6278,9333694,40220,901873354687,427,42,427,427,4686962,4686961,26105,506687,0,532792,519870,519870,0,0,0,169,214,318,840,400,576,4,491,404,8
1837,165177.3,90.2,6235,9050409,40220,807384220707,384,38,383,383,4545319,4545319,23335,466145,0,489480,504674,504676,1,0,705048,169,214,318,840,400,576,4,491,404,8
1838,165267.4,90.1,6286,9514153,40220,919053370351,435,43,435,435,4777191,4777191,26609,529634,0,556243,530458,530461,0,0,0,169,214,318,840,400,576,4,491,404,8
1839,165357.5,90.1,6240,8896700,40220,818121614528,389,38,388,388,4468465,4468464,23650,450103,0,473753,502106,502108,1,0,439344,169,214,318,840,400,576,4,491,404,8
1840,165447.6,90.1,6279,9356240,40220,904020874955,428,42,428,428,4698235,4698234,26168,501874,0,528042,515074,515076,0,0,0,169,214,318,840,400,576,4,491,404,8
1841,165537.8,90.1,6284,9469019,40220,914758305397,433,43,433,433,4754624,4754624,26483,535476,0,561959,1067316,9719,0,0,0,169,214,318,841,400,576,4,491,404,8
1842,165627.9,90.2,6283,9446457,40220,912630914665,432,43,432,432,4743343,4743343,26420,530968,0,557388,283552,283555,0,0,0,169,214,318,841,400,576,4,491,404,8
1843,165718.1,90.2,6285,9491584,40220,916925894180,434,43,434,434,4765907,4765906,26546,526504,0,553050,418302,418303,0,0,0,169,214,318,841,400,576,4,491,404,8
1844,165808.3,90.2,6292,9649632,40220,931958279710,441,44,441,441,4844931,4844930,26987,540467,0,567454,492878,492879,0,0,0,169,214,318,841,400,576,4,491,404,8
1845,165898.5,90.2,6281,9401342,40220,908335971813,430,43,430,430,4720786,4720785,26294,531632,0,557926,1043582,7223,0,0,0,169,214,318,841,401,576,4,491,404,8
1846,165988.7,90.2,6235,9406342,40220,807404228184,384,38,383,383,4723286,4723285,23337,459221,0,482558,244890,244891,1,0,1060380,169,214,318,841,401,576,4,491,404,8
1847,166078.7,90.0,6274,9243542,40220,893303671838,423,42,423,423,4641886,4641885,25853,519869,0,545722,395306,395307,0,0,0,169,214,318,841,401,576,4,491,404,8
1848,166168.8,90.1,6278,9333694,40220,901893606427,427,42,427,427,4686962,4686961,26105,501838,0,527943,461624,461626,0,0,0,169,214,318,841,401,576,4,491,404,8
1849,166259.1,90.2,6291,9627044,40220,929810796064,440,44,440,440,4833637,4833636,26924,541871,0,568795,515210,515211,0,0,0,169,214,318,841,401,576,4,491,404,8
1850,166349.1,90.0,6229,9084945,40220,794519350745,378,37,377,377,4562587,4562587,22957,455861,0,478818,497014,497015,1,0,873936,169,214,318,841,401,576,4,491,404,8
1851,166439.2,90.1,6267,9085899,40220,878271298530,416,41,416,416,4563064,4563064,25412,511045,0,536457,516736,516736,0,0,0,169,214,318,841,401,576,4,491,404,8
1852,166529.4,90.1,6286,9514153,40220,919073487824,435,43,435,435,4777191,4777191,26609,531724,0,558333,1071349,3720,0,0,0,170,214,318,841,401,576,4,491,404,8
1853,166619.6,90.2,6281,9401342,40220,908336521791,430,43,430,430,4720786,4720785,26294,527657,0,553951,278834,278837,0,0,0,170,214,318,841,401,576,4,491,404,8
1854,166709.8,90.2,6227,8275439,40220,790225031201,376,37,375,375,4157834,4157834,22831,447056,0,469887,374362,374362,1,0,109188,170,214,318,841,401,576,4,491,404,8
1855,166799.8,90.0,6271,9175961,40220,886861819760,420,42,420,420,4608095,4608095,25664,508728,0,534392,454376,454378,0,0,0,170,214,318,841,401,576,4,491,404,8
1856,166890.0,90.2,6228,8946363,40220,792372514849,377,37,376,376,4493296,4493296,22895,445602,0,468497,461436,461439,1,0,757248,170,214,318,841,401,576,4,491,404,8
1857,166980.1,90.1,6276,9288611,40220,897599091335,425,42,425,425,4664420,4664420,25979,503198,0,529177,495308,495308,0,0,0,170,214,318,841,401,576,4,491,404,8
1858,167070.2,90.0,6286,9514153,40220,919073940026,435,43,435,435,4777191,4777191,26609,523786,0,550395,522850,522853,0,0,0,170,214,318,841,401,576,4,491,404,8
1859,167160.2,90.0,6239,8596276,40220,815994700527,388,38,387,387,4318253,4318252,23585,462118,0,485703,504278,504278,1,0,161720,170,214,318,841,401,576,4,491,404,8
1860,167250.3,90.1,6278,9333694,40220,901894058629,427,42,427,427,4686962,4686961,26105,521022,0,547127,525702,525703,0,0,0,170,214,318,841,401,576,4,491,404,8
1861,167340.3,90.0,6223,9059763,40220,781634986618,372,37,371,371,4549996,4549996,22579,449127,0,471706,498704,498705,1,0,983016,170,214,318,841,401,576,4,491,404,8
1862,167430.6,90.3,6280,9378789,40220,906189038144,429,42,429,429,4709509,4709509,26231,516118,0,542349,520526,520528,0,0,0,170,214,318,841,401,576,4,491,404,8
1863,167520.7,90.1,6280,9378789,40220,906189111476,429,42,429,429,4709509,4709509,26231,510631,0,536862,1054478,2912,0,0,0,170,214,318,841,401,576,4,491,404,8
1864,167610.8,90.1,6286,9408248,40220,908346983586,430,43,430,430,4724239,4724238,26314,525151,0,551465,277188,277189,0,0,0,170,214,318,841,401,576,4,491,404,8
1865,167700.8,90.0,6240,8828230,40220,807415093294,384,38,383,383,4434230,4434229,23354,453622,0,476976,377082,377083,1,0,476814,170,214,318,841,401,576,4,491,404,8
1866,167790.9,90.1,6293,9566318,40220,923379344671,437,44,437,437,4803274,4803273,26755,536224,0,562979,470030,470032,0,0,0,170,214,318,841,401,576,4,491,404,8
1867,167881.1,90.1,6285,9385679,40220,906199463274,429,43,429,429,4712954,4712954,26251,548004,0,574255,522142,522145,0,0,0,170,214,318,841,401,576,4,491,404,8
1868,167971.1,90.0,6241,9243492,40220,809562686937,385,39,384,384,4641861,4641860,23419,484475,0,507894,515018,515021,1,0,869138,170,214,318,841,401,576,4,491,404,8
1869,168061.1,90.0,6237,8467205,40220,800972666796,381,38,380,380,4253717,4253717,23166,473479,0,496645,505832,505834,1,0,183000,170,214,318,841,401,576,4,491,404,8
1870,168151.2,90.1,6295,9611510,40220,927674299743,439,44,439,439,4825870,4825869,26881,534210,0,561091,533462,533463,0,0,0,170,214,318,841,401,576,4,491,404,8
1871,168241.3,90.1,6281,9295437,40220,897609430911,425,43,425,425,4667833,4667833,25999,523524,0,549523,1071414,11572,0,0,0,170,214,318,841,401,576,4,491,404,8
1872,168331.4,90.1,6289,9369987,40220,904062086989,428,42,428,428,4705108,4705108,26208,510012,0,536220,273896,273896,0,0,0,170,214,318,841,401,576,4,491,404,8
1873,168421.4,90.0,6288,9347409,40220,901914750004,427,42,427,427,4693819,4693819,26145,513547,0,539692,406794,406794,0,0,0,170,214,318,841,401,576,4,491,404,8
1874,168511.9,90.4,6293,9460332,40220,912652180459,432,43,432,432,4750281,4750280,26460,552136,0,578596,492694,492696,0,0,0,170,214,318,841,401,576,4,491,404,8
1875,168601.9,90.0,6295,9505524,40220,916947159975,434,43,434,434,4772877,4772876,26586,521081,0,547667,520180,520183,0,0,0,170,214,318,841,401,576,4,491,404,8
1876,168692.0,90.1,6286,9302262,40220,897619782710,425,42,425,425,4671246,4671245,26019,517748,0,543767,531974,531976,0,0,0,170,214,318,841,401,576,4,491,404,8
1877,168782.1,90.1,6292,9437741,40220,910504586817,431,43,431,431,4738985,4738985,26397,540260,0,566657,1084131,14502,0,0,0,170,214,318,842,401,576,4,491,404,8
1878,168872.2,90.1,6246,8380559,40220,809593132166,384,38,384,384,4210394,4210394,23439,460708,0,484147,249324,249325,0,1,0,170,214,318,842,401,576,4,491,404,8
1879,168962.4,90.2,6282,9212007,40220,889049904743,421,42,421,421,4626118,4626118,25767,513868,0,539635,394480,394480,0,0,0,170,214,318,842,401,576,4,491,404,8
1880,169052.5,90.1,6245,9237548,40220,807445526157,384,38,383,383,4638889,4638888,23376,457448,0,480824,437652,437652,1,0,879416,170,214,318,842,401,576,4,491,404,8
1881,169142.6,90.1,6240,9355850,40220,796708242520,379,37,378,378,4698040,4698039,23060,462394,0,485454,461552,461554,1,0,1110382,170,214,318,842,401,576,4,491,404,8
1882,169232.6,90.0,6290,9392568,40220,906229896281,429,42,429,429,4716399,4716398,26271,520787,0,547058,504306,504306,0,0,0,170,214,318,842,401,576,4,491,404,8
1883,169322.7,90.1,6291,9415153,40220,908377343219,430,43,430,430,4727691,4727691,26334,531961,0,558295,531300,531301,0,0,0,170,214,318,842,401,576,4,491,404,8
1884,169412.8,90.1,6292,9437741,40220,910524839102,431,43,431,431,4738985,4738985,26397,535885,0,562282,1087945,5638,0,0,0,170,215,318,842,401,576,4,491,404,8
1885,169502.8,90.0,6245,8887642,40220,807510692707,384,38,383,383,4463936,4463935,23375,461599,0,484974,245306,245306,1,0,529760,170,215,318,842,401,576,4,491,404,8
1886,169592.8,90.0,6292,9437741,40220,910589920045,431,43,431,431,4738985,4738985,26397,521990,0,548387,396846,396847,0,0,0,170,215,318,842,401,576,4,491,404,8
1887,169683.0,90.1,6287,9324834,40220,899852391268,426,42,426,426,4682532,4682531,26082,519520,0,545602,471224,471225,0,0,0,170,215,318,842,401,576,4,491,404,8
1888,169773.0,90.0,6282,9212007,40220,889114973034,421,42,421,421,4626118,4626118,25767,520105,0,545872,508548,508549,0,0,0,170,215,318,842,401,576,4,491,404,8
1889,169863.0,90.0,6293,9460332,40220,912737256302,432,43,432,432,4750281,4750280,26460,531192,0,557652,1064046,2155,0,0,0,170,215,318,842,402,576,4,491,404,8
1890,169953.1,90.1,6290,9392568,40220,906294805362,429,42,429,429,4716399,4716398,26271,525982,0,552253,277204,277204,0,0,0,170,215,318,842,402,576,4,491,404,8
1891,170043.3,90.2,6289,9369987,40220,904147346280,428,42,428,428,4705108,4705108,26208,508915,0,535123,406162,406165,0,0,0,170,215,318,842,402,576,4,491,404,8
1892,170133.3,90.0,6288,9347409,40220,901999862633,427,42,427,427,4693819,4693819,26145,517739,0,543884,475024,475025,0,0,0,170,215,318,842,402,576,4,491,404,8
1893,170223.4,90.1,6294,9482926,40220,914884752232,433,43,433,433,4761578,4761577,26523,517399,0,543922,509472,509475,0,0,0,170,215,318,842,402,576,4,491,404,8
1894,170313.6,90.1,6239,9398321,40220,794625680283,378,37,377,377,4719275,4719275,22998,450095,0,473093,491284,491284,1,0,1174734,170,215,318,842,402,576,4,491,404,8
1895,170403.8,90.2,6292,9437741,40220,910589784938,431,43,431,431,4738985,4738985,26397,512723,0,539120,515202,515202,0,0,0,170,215,318,842,402,576,4,491,404,8
1896,170494.0,90.2,6245,8500532,40220,807510655860,384,38,383,383,4270381,4270380,23376,465252,0,488628,501914,501916,1,0,142368,170,215,318,842,402,576,4,491,404,8
1897,170584.1,90.1,6292,9437741,40220,910589784938,431,43,431,431,4738985,4738985,26397,523278,0,549675,525794,525797,0,0,0,170,215,318,842,402,576,4,491,404,8
1898,170674.3,90.2,6292,9437741,40220,910589907763,431,43,431,431,4738985,4738985,26397,521372,0,547769,536782,536784,0,0,0,170,215,318,842,402,576,4,491,404,8
1899,170764.5,90.2,6291,9415153,40220,908442436398,430,43,430,430,4727691,4727691,26334,531716,0,558050,1089622,5212,0,0,0,170,215,318,842,402,577,4,491,404,8
1900,170854.6,90.2,6288,9347409,40220,902025185974,427,42,427,427,4693819,4693819,26145,515102,0,541247,273228,273231,0,0,0,170,215,318,842,402,577,4,491,404,8
1901,170944.8,90.1,6245,8731575,40220,807535930106,384,38,383,383,4385902,4385902,23373,462504,0,485877,379554,379554,1,0,374400,170,215,318,842,402,577,4,491,404,8
1902,171035.0,90.2,6292,9437741,40220,910615255868,431,43,431,431,4738985,4738985,26397,530099,0,556496,468024,468026,0,0,0,170,215,318,842,402,577,4,491,404,8
1903,171125.0,90.0,6288,9347409,40220,902025185975,427,42,427,427,4693819,4693819,26145,510134,0,536279,502152,502153,0,0,0,170,215,318,842,402,577,4,491,404,8
1904,171215.1,90.1,6243,8313489,40220,803241922250,381,38,381,381,4176859,4176859,23251,461746,0,484997,493574,493576,0,1,0,170,215,318,842,402,577,4,491,404,8
1905,171305.1,90.0,6298,9573336,40220,923500145450,437,43,437,437,4806783,4806782,26775,540131,0,566906,530240,530242,0,0,0,170,215,318,842,402,577,4,491,404,8
1906,171395.1,90.1,6245,9047291,40220,807536053112,384,38,383,383,4543760,4543760,23376,474935,0,498311,514276,514277,1,0,689156,170,215,318,842,402,577,4,491,404,8
1907,171485.2,90.1,6294,9482926,40220,914910186260,433,43,433,433,4761578,4761577,26523,524079,0,550602,532438,532441,0,0,0,170,215,318,842,402,577,4,491,404,8
1908,171575.4,90.1,6281,9189451,40220,886992825045,420,42,420,420,4614840,4614840,25704,514617,0,540321,536380,536382,0,0,0,170,215,318,842,402,577,4,491,404,8
1909,171665.4,90.0,6291,9415153,40220,908467747620,430,43,430,430,4727691,4727691,26334,532588,0,558922,1088550,6754,0,0,0,170,215,318,843,402,577,4,491,404,8
1910,171755.4,90.0,6240,8412975,40220,796818735430,379,37,378,378,4226602,4226602,23061,461619,0,484680,245716,245718,1,0,167076,170,215,318,843,402,577,4,491,404,8
1911,171845.5,90.1,6294,9482926,40220,914930471479,433,43,433,433,4761578,4761577,26523,529171,0,555694,400706,400706,0,0,0,170,215,318,843,402,577,4,491,404,8
1912,171935.6,90.0,6297,9550729,40220,921372934734,436,43,436,436,4795479,4795479,26712,521757,0,548469,474586,474589,0,0,0,170,215,318,843,402,577,4,491,404,8
1913,172025.7,90.2,6295,9505524,40220,917077955125,434,43,434,434,4772877,4772876,26586,530980,0,557566,516076,516079,0,0,0,170,215,318,843,402,577,4,491,404,8
1914,172115.8,90.0,6237,9016919,40220,790376370693,376,37,375,375,4528574,4528574,22871,466111,0,488982,502530,502531,1,0,838626,170,215,318,843,402,577,4,491,404,8
1915,172205.8,90.0,6295,9505524,40220,917077856606,434,43,434,434,4772877,4772876,26586,526962,0,553548,528038,528041,0,0,0,170,215,318,843,402,577,4,491,404,8
1916,172295.9,90.1,6287,9324834,40220,899897975115,426,42,426,426,4682532,4682531,26082,518343,0,544425,536232,536234,0,0,0,170,215,318,843,402,577,4,491,404,8
1917,172386.2,90.3,6245,8635401,40220,807556202924,384,38,383,383,4337815,4337815,23375,465258,0,488633,512432,512435,1,0,277564,170,215,318,843,402,577,4,491,404,8
1918,172476.3,90.1,6296,9528125,40220,919225327938,435,43,435,435,4784177,4784177,26649,517563,0,544212,528322,528325,0,0,0,170,215,318,843,402,577,4,491,404,8
1919,172566.5,90.2,6288,9347409,40220,902045569596,427,42,427,427,4693819,4693819,26145,512687,0,538832,533578,533579,0,0,0,170,215,318,843,402,577,4,491,404,8
1920,172656.6,90.2,6294,9482926,40220,914930348330,433,43,433,433,4761578,4761577,26523,527760,0,554283,543930,543932,0,0,0,170,215,318,843,402,577,4,491,404,8
1921,172746.8,90.2,6288,9347409,40220,902045471077,427,42,427,427,4693819,4693819,26145,506908,0,533053,538492,538493,0,0,0,170,215,318,843,402,577,4,491,404,8
1922,172836.9,90.1,6247,8402292,40220,811851293367,385,38,385,385,4221261,4221260,23500,469395,0,492895,515694,515694,0,1,0,170,215,318,843,402,577,4,491,404,8
1923,172927.0,90.1,6290,9392568,40220,906340438371,429,42,429,429,4716399,4716398,26271,528753,0,555024,1069449,1269,0,0,0,170,215,318,843,402,577,4,491,404,8
1924,173017.3,90.3,6296,9422059,40220,908498365081,430,43,430,430,4731144,4731144,26354,538785,0,565139,283204,283204,0,0,0,170,215,318,843,402,577,4,491,404,8
1925,173107.3,90.1,6293,9354266,40220,902055951084,427,43,427,427,4697248,4697247,26165,541746,0,567911,425556,425559,0,0,0,170,215,318,843,402,577,4,491,404,8
1926,173197.5,90.2,6301,9535111,40220,919235807945,435,44,435,435,4787670,4787670,26670,529094,0,555764,490660,490663,0,0,0,170,215,318,843,402,577,4,491,404,8
1927,173287.6,90.1,6296,9422059,40220,908498377396,430,43,430,430,4731144,4731144,26354,537199,0,563553,527108,527108,0,0,0,170,215,318,843,402,577,4,491,404,8
1928,173377.7,90.0,6295,9399458,40220,906350869119,429,43,429,429,4719844,4719843,26291,511912,0,538203,532654,532657,0,0,0,170,215,318,843,402,577,4,491,404,8
1929,173467.8,90.2,6301,9535111,40220,919235672482,435,44,435,435,4787670,4787670,26670,535803,0,562473,1094613,517,0,0,0,170,215,318,844,402,577,4,491,404,8
1930,173558.0,90.1,6290,9286502,40220,895633760603,424,42,424,424,4663366,4663365,25976,525753,0,551729,276122,276124,0,0,0,170,215,318,844,402,577,4,491,404,8
1931,173648.0,90.0,6276,9475638,-487300,863421468909,410,41,409,409,4494174,4494173,25031,492348,527,517906,397014,397016,1,0,527520,170,215,318,844,402,577,4,491,404,8
1932,173738.0,90.0,6304,9602980,40220,925698519331,438,44,438,438,4821605,4821604,26862,554774,0,581636,489326,489326,0,0,0,170,215,318,844,402,577,4,491,404,8
1933,173828.2,90.2,6296,9422059,40220,908518637825,430,43,430,430,4731144,4731144,26354,534323,0,560677,525000,525003,0,0,0,170,215,318,844,402,577,4,491,404,8
1934,173918.4,90.2,6302,9557731,40220,921403416413,436,44,436,436,4798980,4798980,26734,550307,0,577041,1091202,10842,0,0,0,170,215,318,844,402,577,4,492,404,8
1935,174008.6,90.2,6249,8785544,40220,805442591418,383,38,382,382,4412887,4412886,23331,472019,0,495350,253096,253096,1,0,442512,170,215,318,844,402,577,4,492,404,8
1936,174098.7,90.2,6300,9514586,40220,917111630098,434,43,434,434,4777408,4777407,26606,527568,0,554174,403634,403636,0,0,0,170,215,318,844,402,577,4,492,404,8
1937,174188.9,90.1,6297,9446741,40220,910669302448,431,43,431,431,4743485,4743485,26417,531615,0,558032,480834,480834,0,0,0,170,215,318,844,402,577,4,492,404,8
1938,174279.0,90.1,6291,9311136,40220,897784289603,425,43,425,425,4675683,4675682,26039,520884,0,546923,513878,513879,0,0,0,170,215,318,844,402,577,4,492,404,8
1939,174369.1,90.1,6249,8622068,40220,805442480453,383,38,382,382,4331149,4331148,23332,459639,0,482971,498424,498426,1,0,278760,170,215,318,844,402,577,4,492,404,8
1940,174459.4,90.3,6301,9537208,40220,919259200050,435,44,435,435,4788719,4788718,26670,547098,0,573768,536096,536098,0,0,0,170,215,318,844,402,577,4,492,404,8
1941,174549.5,90.1,6245,9253121,40220,796852644500,379,38,378,378,4646675,4646675,23080,450769,0,473849,504972,504975,1,0,999486,170,215,318,844,402,577,4,492,404,8
1942,174639.5,90.0,6301,9537208,40220,919259224707,435,44,435,435,4788719,4788718,26670,540275,0,566945,535960,535960,0,0,0,170,215,318,844,402,577,4,492,404,8
1943,174729.6,90.1,6246,8881858,40220,799000140475,380,38,379,379,4461044,4461043,23143,459433,0,482576,509268,509268,1,0,605900,170,215,318,844,402,577,4,492,404,8
1944,174819.7,90.1,6289,9265961,40220,893489433273,423,42,423,423,4653095,4653095,25913,510567,0,536480,522874,522874,0,0,0,170,215,318,844,402,577,4,492,404,8
1945,174909.7,90.0,6300,9514586,40220,917111667085,434,43,434,434,4777408,4777407,26606,517543,0,544149,533510,533513,0,0,0,170,215,318,844,402,577,4,492,404,8
1946,174999.7,90.0,6257,8522832,40220,822622472922,390,39,390,390,4281531,4281530,23835,472210,0,496045,514778,514780,0,1,0,170,215,318,844,402,577,4,492,404,8
1947,175089.7,90.0,6295,9401526,40220,906374322825,429,43,429,429,4720878,4720877,26291,534018,0,560309,537544,537545,0,0,0,170,215,318,844,402,577,4,492,404,8
1948,175179.8,90.1,6251,9374028,40220,809737558711,385,39,384,384,4707129,4707128,23458,468059,0,491517,514530,514532,1,0,985640,170,215,318,844,402,577,4,492,404,8
1949,175269.9,90.0,6295,9401526,40220,906374248849,429,43,429,429,4720878,4720877,26291,515114,0,541405,527968,527969,0,0,0,170,215,318,844,402,577,4,492,404,8
1950,175359.9,90.0,6287,9220798,40220,889194367345,421,42,421,421,4630514,4630513,25787,508454,0,534241,531104,531106,0,0,0,170,215,318,844,402,577,4,492,404,8
1951,175450.1,90.2,6243,8708385,40220,792557566241,377,38,376,376,4374307,4374307,22954,461697,0,484651,507878,507879,1,0,499872,170,215,318,844,402,577,4,492,404,8
1952,175540.3,90.1,6297,9446741,40220,910669302449,431,43,431,431,4743485,4743485,26417,540652,0,567069,537474,537474,0,0,0,170,215,318,844,402,577,4,492,404,8
1953,175630.3,90.1,6247,9010887,40220,801147500830,381,38,380,380,4525558,4525558,23207,468890,0,492097,514784,514787,1,0,712080,170,215,318,844,402,577,4,492,404,8
1954,175720.4,90.0,6298,9469353,40220,912816798426,432,43,432,432,4754791,4754791,26480,532595,0,559075,536930,536932,0,0,0,170,215,318,844,402,577,4,492,404,8
1955,175810.4,90.0,6300,9514586,40220,917111617768,434,43,434,434,4777408,4777407,26606,535962,0,562568,1088042,11458,0,0,0,170,215,318,844,402,577,4,492,404,8
1956,175900.6,90.2,6250,8610638,40220,796862988841,379,37,378,378,4325434,4325433,23100,440953,0,464053,237754,237757,1,0,351016,170,215,318,844,402,577,4,492,404,8
1957,175990.7,90.1,6300,9408416,40220,906384605519,429,42,429,429,4724323,4724322,26311,515535,0,541846,389800,389803,0,0,0,170,215,318,844,402,577,4,492,404,8
1958,176080.8,90.1,6298,9363183,40220,902089786178,427,42,427,427,4701706,4701706,26185,507793,0,533978,461890,461891,0,0,0,170,215,318,844,402,577,4,492,404,8
1959,176170.9,90.1,6298,9363183,40220,902089773848,427,42,427,427,4701706,4701706,26185,522046,0,548231,505060,505062,0,0,0,170,215,318,844,402,577,4,492,404,8
1960,176261.0,90.1,6253,8786238,40220,803305501427,382,38,381,381,4413234,4413233,23289,453640,0,476929,490994,490997,1,0,459192,170,215,318,844,402,577,4,492,404,8
1961,176351.1,90.1,6308,9589479,40220,923564610318,437,43,437,437,4814854,4814854,26823,532339,0,559162,525078,525081,0,0,0,170,215,318,844,402,577,4,492,404,8
1962,176441.1,90.0,6302,9453663,40220,910679696107,431,43,431,431,4746946,4746946,26439,523861,0,550300,537690,537691,0,0,0,170,215,318,844,402,577,4,492,404,8
1963,176531.1,90.0,6248,8686429,40220,792568132510,377,37,376,376,4363329,4363329,22976,455214,0,478190,507940,507941,1,0,471200,170,215,318,844,402,577,4,492,404,8
1964,176621.3,90.1,6293,9250155,40220,891352355614,422,42,422,422,4645192,4645192,25870,513149,0,539019,523480,523480,0,0,0,170,215,318,844,402,577,4,492,404,8
1965,176711.3,90.1,6296,9317962,40220,897794806554,425,42,425,425,4679096,4679095,26059,495961,0,522020,522750,522750,0,0,0,170,215,318,844,402,577,4,492,404,8
1966,176801.3,90.0,6260,9322388,40220,818337800651,389,38,388,388,4681309,4681308,23732,465987,0,489719,506234,506235,1,0,837516,170,215,318,844,402,577,4,492,404,8
1967,176891.5,90.2,6303,9476291,40220,912827093449,432,43,432,432,4758260,4758260,26503,538703,0,565206,535720,535721,0,0,0,170,215,318,844,402,577,4,492,404,8
1968,176981.5,90.1,6257,9209598,40220,811895473003,386,38,385,385,4624914,4624913,23542,482786,0,506328,521024,521025,1,0,792528,170,215,318,844,402,577,4,492,404,8
1969,177071.6,90.0,6299,9385798,40220,904237121872,428,42,428,428,4713014,4713013,26248,498459,0,524707,522866,522866,0,0,0,170,215,318,844,402,577,4,492,404,8
1970,177161.8,90.2,6303,9476291,40220,912827081120,432,43,432,432,4758260,4758260,26503,525621,0,552124,537494,537496,0,0,0,170,215,318,844,402,577,4,492,404,8
1971,177251.9,90.2,6298,9363183,40220,902089798506,427,42,427,427,4701706,4701706,26185,502126,0,528311,532902,532905,0,0,0,170,215,318,844,402,577,4,492,404,8
1972,177342.1,90.2,6300,9408416,40220,906384741143,429,42,429,429,4724323,4724322,26311,514596,0,540907,536906,536906,0,0,0,170,215,318,844,402,577,4,492,404,8
1973,177432.4,90.3,6260,8796349,40220,818337948604,389,38,388,388,4418289,4418289,23731,452385,0,476116,506510,506512,1,0,311792,170,215,318,844,402,577,4,492,404,8
1974,177522.4,90.0,6303,9476291,40220,912827081119,432,43,432,432,4758260,4758260,26503,533396,0,559899,533204,533207,0,0,0,170,215,318,844,402,577,4,492,404,8
1975,177612.4,90.0,6278,9806178,-876952,856992629590,407,40,406,406,4464618,4464617,24862,483736,917,509515,521360,521362,1,0,917172,170,215,318,844,402,577,4,492,404,8
1976,177702.5,90.0,6294,9272754,40220,893499851590,423,42,423,423,4656492,4656491,25933,524605,0,550538,535950,535950,0,0,0,170,215,318,844,402,577,4,492,404,8
1977,177792.5,90.0,6258,9202689,-723744,814042845685,387,38,386,386,4239477,4239477,23602,461102,763,485467,510708,510709,1,0,763964,170,215,318,844,402,577,4,492,404,8
1978,177882.6,90.1,6307,9566835,40220,921417015708,436,43,436,436,4803532,4803532,26759,516482,0,543241,526974,526976,0,0,0,170,215,318,844,402,577,4,492,404,8
1979,177972.6,90.0,6297,9340571,40220,899942314860,426,42,426,426,4690400,4690400,26122,510664,0,536786,531880,531882,0,0,0,170,215,318,844,402,577,4,492,404,8
1980,178062.8,90.2,6298,9363183,40220,902089786178,427,42,427,427,4701706,4701706,26185,517568,0,543753,537816,537819,0,0,0,170,215,318,844,402,577,4,492,404,8
1981,178153.0,90.1,6305,9521556,40220,917122060744,434,43,434,434,4780893,4780892,26631,525538,0,552169,1089017,971,0,0,0,170,215,318,844,403,577,4,492,404,8
1982,178243.0,90.1,6298,9363183,40220,902089773849,427,42,427,427,4701706,4701706,26185,510041,0,536226,268598,268599,0,0,0,170,215,318,844,403,577,4,492,404,8
1983,178333.3,90.2,6252,9305700,40220,802176869201,381,38,380,380,4672965,4672964,23228,456495,0,479723,374160,374162,1,0,1000620,170,215,318,844,403,577,4,492,404,8
1984,178423.6,90.3,6297,9340571,40220,899942253213,426,42,426,426,4690400,4690400,26122,502850,0,528972,451566,451568,0,0,0,170,215,318,844,403,577,4,492,404,8
1985,178513.8,90.2,6297,9340571,40220,899942179238,426,42,426,426,4690400,4690400,26122,507748,0,533870,492718,492720,0,0,0,170,215,318,844,403,577,4,492,404,8
1986,178604.0,90.2,6310,9634777,40220,927859454320,439,43,439,439,4837503,4837503,26951,528712,0,555663,524190,524193,0,0,0,170,215,318,844,403,577,4,492,404,8
1987,178694.0,90.0,6289,9502202,-324774,880614937379,418,41,417,417,4588719,4588718,25555,485401,364,511320,517756,517757,1,0,364994,170,215,318,844,403,577,4,492,404,8
1988,178784.1,90.1,6313,9702748,40220,934301905260,442,44,442,442,4871489,4871488,27143,526010,0,553153,535454,535456,0,0,0,170,215,318,844,403,577,4,492,404,8
1989,178874.2,90.0,6305,9521556,40220,917122184036,434,43,434,434,4780893,4780892,26631,526311,0,552942,544198,544200,0,0,0,170,215,318,844,403,577,4,492,404,8
1990,178964.3,90.1,6293,9250155,40220,891352355615,422,42,422,422,4645192,4645192,25870,517108,0,542978,1082106,5072,0,0,0,170,215,318,844,403,577,4,492,405,8
1991,179054.5,90.2,6297,9349295,40220,899955149732,426,42,426,426,4694762,4694762,26122,499453,0,525575,265322,265325,0,0,0,170,215,318,844,403,577,4,492,405,8
1992,179144.7,90.2,6300,9417204,40220,906397489709,429,42,429,429,4728717,4728716,26311,527918,0,554229,409776,409778,0,0,0,170,215,318,844,403,577,4,492,405,8
1993,179234.7,90.1,6302,9462493,40220,910692457004,431,43,431,431,4751361,4751361,26439,540639,0,567078,488428,488428,0,0,0,170,215,318,844,403,577,4,492,405,8
1994,179324.9,90.2,6254,8864419,40220,805465869265,383,38,382,382,4452324,4452324,23351,460588,0,483939,486182,486185,1,0,507580,170,215,318,844,403,577,4,492,405,8
1995,179415.0,90.1,6310,9643776,40220,927872437144,439,43,439,439,4842003,4842002,26951,544946,0,571897,529040,529042,0,0,0,170,215,318,844,403,577,4,492,405,8
1996,179505.0,90.0,6294,9281415,40220,893512587828,423,42,423,423,4660822,4660822,25933,511640,0,537573,533306,533309,0,0,0,170,215,318,844,403,577,4,492,405,8
1997,179595.1,90.1,6305,9530450,40220,917134920274,434,43,434,434,4785340,4785339,26631,520462,0,547093,540200,540202,0,0,0,170,215,318,844,403,577,4,492,405,8
1998,179685.2,90.1,6298,9371928,40220,902102645709,427,42,427,427,4706079,4706078,26185,510294,0,536479,538340,538341,0,0,0,170,215,318,844,403,577,4,492,405,8
1999,179775.3,90.1,6296,9326665,40220,897807653756,425,42,425,425,4683447,4683447,26059,510583,0,536642,537490,537493,0,0,0,170,215,318,844,403,577,4,492,405,8
2000,179865.5,90.2,6307,9575771,40220,921429986203,436,43,436,436,4808000,4808000,26759,520908,0,547667,542580,542580,0,0,0,170,215,318,844,403,577,4,492,405,8
2001,179955.5,90.1,6295,9304038,40220,895660207097,424,42,424,424,4672134,4672133,25996,507238,0,533234,537906,537908,0,0,0,170,215,318,844,403,577,4,492,405,8
2002,180045.6,90.0,6304,9507794,40220,914987411968,433,43,433,433,4774012,4774011,26567,552016,0,578583,1109068,7423,0,0,0,170,215,318,844,403,577,4,493,405,8
